aspect,keyword_matched,sentence,sentiment_score,review_id,product_id,brand
Size & Capacity,fits,Fits all airline requirements,0.0,RDIVUZZPQK51FP,B0C381B6B5,Safari
Size & Capacity,space,Decent space,0.0,RDIVUZZPQK51FP,B0C381B6B5,Safari
Handle,handle,handle is of great quality,0.6249,RDIVUZZPQK51FP,B0C381B6B5,Safari
Durability,quality,handle is of great quality,0.6249,RDIVUZZPQK51FP,B0C381B6B5,Safari
Size & Capacity,compartments,The compartments could be better,0.4404,RMMJBQE7CKW5NG,B0C381B6B5,Safari
Size & Capacity,spacious,Compact yet spacious,0.0,RQ4FMYZYCWTIQJ,B0C381B6B5,Safari
Material,material,The material deserves special mention,0.4019,RQ4FMYZYCWTIQJ,B0C381B6B5,Safari
Size & Capacity,spacious,Compact yet spacious,0.0,R2OC6UZHR5XFF0,B0C381B6B5,Safari
Size & Capacity,compartments,The compartments deserves special mention,0.4019,R2OC6UZHR5XFF0,B0C381B6B5,Safari
Material,material,Decent space and the material is top notch,0.2023,R4FFYVNVQJT7YE,B0C381B6B5,Safari
Size & Capacity,space,Decent space and the material is top notch,0.2023,R4FFYVNVQJT7YE,B0C381B6B5,Safari
Durability,quality,Great quality for the price,0.6249,RQ85JSG65KXVF1,B0C381B6B5,Safari
Weight,lightweight,Lightweight,0.0,RQ85JSG65KXVF1,B0C381B6B5,Safari
Size & Capacity,compartments,The compartments works smoothly,0.0,RQ85JSG65KXVF1,B0C381B6B5,Safari
Weight,lightweight,Affordable price and lightweight,0.0,RIIUC039TEX8FS,B0C381B6B5,Safari
Material,build,The build quality is really impressive,0.5563,RIIUC039TEX8FS,B0C381B6B5,Safari
Durability,build quality,The build quality is really impressive,0.5563,RIIUC039TEX8FS,B0C381B6B5,Safari
Material,material,"Lightweight, good value, and excellent material",0.8402,RXPSEIMVIHCWI6,B0C381B6B5,Safari
Weight,lightweight,"Lightweight, good value, and excellent material",0.8402,RXPSEIMVIHCWI6,B0C381B6B5,Safari
Wheels,wheel,wheel quality though,0.0,RMO5BXXC02DGTF,B4776CE822,Safari
Durability,quality,wheel quality though,0.0,RMO5BXXC02DGTF,B4776CE822,Safari
Weight,weight,The weight is mediocre,0.0,RMO5BXXC02DGTF,B4776CE822,Safari
Handle,handle,The handle is even better than my previous bag,0.4404,R94874FRHOCN9J,B4776CE822,Safari
Material,build,Good value and the build quality is top notch,0.7269,R8UT0CVS4F8CGV,B4776CE822,Safari
Durability,build quality,Good value and the build quality is top notch,0.7269,R8UT0CVS4F8CGV,B4776CE822,Safari
Material,material,"The material is okay, nothing extraordinary",0.2263,RLJYLJEXQ77AWU,B4776CE822,Safari
Weight,lightweight,Good value and lightweight,0.6486,RF4ZW9XA3KX7EE,B4776CE822,Safari
Handle,handle,Really impressed with the handle,0.5256,RF4ZW9XA3KX7EE,B4776CE822,Safari
Size & Capacity,fits,Fits all airline requirements,0.0,RHWJR64DPJA1WJ,B4776CE822,Safari
Durability,quality,lock is of great quality,0.6249,RHWJR64DPJA1WJ,B4776CE822,Safari
Lock,lock,lock is of great quality,0.6249,RHWJR64DPJA1WJ,B4776CE822,Safari
Material,material,The material feels durable and the zipper is very smooth,0.0,RTPBN78BMYYMU5,B4776CE822,Safari
Zipper,zipper,The material feels durable and the zipper is very smooth,0.0,RTPBN78BMYYMU5,B4776CE822,Safari
Durability,durable,The material feels durable and the zipper is very smooth,0.0,RTPBN78BMYYMU5,B4776CE822,Safari
Size & Capacity,spacious,Compact yet spacious,0.0,RA0L7253J2D54I,B4776CE822,Safari
Material,material,The material deserves special mention,0.4019,RA0L7253J2D54I,B4776CE822,Safari
Durability,quality,Excellent quality,0.5719,R8KXO9T7E8G8JD,B4776CE822,Safari
Weight,lightweight,Lightweight and good value,0.6486,R8KXO9T7E8G8JD,B4776CE822,Safari
Durability,quality,Safari quality is reliable,0.0,R8KXO9T7E8G8JD,B4776CE822,Safari
Size & Capacity,space,Decent space,0.0,RBPS3Y70HP87WX,B4776CE822,Safari
Handle,handle,"However, handle durability",0.0,RBPS3Y70HP87WX,B4776CE822,Safari
Durability,durability,"However, handle durability",0.0,RBPS3Y70HP87WX,B4776CE822,Safari
Weight,weight,The weight could be better,0.4404,RBPS3Y70HP87WX,B4776CE822,Safari
Size & Capacity,space,"Lightweight, decent space, and excellent weight",0.5719,RGXN0GUO4KH2VL,B4776CE822,Safari
Weight,lightweight,"Lightweight, decent space, and excellent weight",0.5719,RGXN0GUO4KH2VL,B4776CE822,Safari
Durability,quality,Excellent quality,0.5719,RKXWD8IL3FB9W1,B4776CE822,Safari
Size & Capacity,pockets,The interiors are well-organized with multiple pockets,0.0,RKXWD8IL3FB9W1,B4776CE822,Safari
Material,build,build quality quality is commendable,0.0,RKXWD8IL3FB9W1,B4776CE822,Safari
Durability,build quality,build quality quality is commendable,0.0,RKXWD8IL3FB9W1,B4776CE822,Safari
Durability,quality,Safari quality is reliable,0.0,RY6452H2ZQU7EE,B4776CE822,Safari
Size & Capacity,space,Decent space,0.0,R6P6QF5Q14J1RI,B4776CE822,Safari
Size & Capacity,pockets,The interiors are well-organized with multiple pockets,0.0,R6P6QF5Q14J1RI,B4776CE822,Safari
Size & Capacity,compartments,compartments quality is commendable,0.0,R6P6QF5Q14J1RI,B4776CE822,Safari
Durability,quality,compartments quality is commendable,0.0,R6P6QF5Q14J1RI,B4776CE822,Safari
Durability,quality,Great quality for the price,0.6249,RTOHP6VZ41NAM1,B78CFEE677,Safari
Size & Capacity,space,Decent space,0.0,RTOHP6VZ41NAM1,B78CFEE677,Safari
Material,material,The material works smoothly,0.0,RTOHP6VZ41NAM1,B78CFEE677,Safari
Material,material,The material is even better than my previous bag,0.4404,RRNY20479T6VXD,B78CFEE677,Safari
Weight,lightweight,Lightweight,0.0,RK8P4Q0B8IC8BB,B78CFEE677,Safari
Material,material,The material is even better than my previous bag,0.4404,RK8P4Q0B8IC8BB,B78CFEE677,Safari
Material,build,"The build quality is good, Good value",0.802,RE8QJNV8Z2FLU7,B78CFEE677,Safari
Durability,build quality,"The build quality is good, Good value",0.802,RE8QJNV8Z2FLU7,B78CFEE677,Safari
Size & Capacity,packing,Packing was easy due to the spacious compartments,0.4404,RE8QJNV8Z2FLU7,B78CFEE677,Safari
Zipper,zipper,The zipper is excellent,0.5719,RE8QJNV8Z2FLU7,B78CFEE677,Safari
Zipper,zip quality,zip quality though,0.0,R2UBTXCXAPRPN6,B78CFEE677,Safari
Durability,quality,zip quality though,0.0,R2UBTXCXAPRPN6,B78CFEE677,Safari
Handle,handle,The handle is mediocre,0.0,R2UBTXCXAPRPN6,B78CFEE677,Safari
Size & Capacity,fits,Fits all airline requirements,0.0,R3VLI7KQ1UYMRL,B78CFEE677,Safari
Size & Capacity,space,Decent space,0.0,R3VLI7KQ1UYMRL,B78CFEE677,Safari
Durability,quality,lock is of great quality,0.6249,R3VLI7KQ1UYMRL,B78CFEE677,Safari
Lock,lock,lock is of great quality,0.6249,R3VLI7KQ1UYMRL,B78CFEE677,Safari
Wheels,wheel,Good value but wheel quality,0.3919,RZR1YXR2DHYLUR,B78CFEE677,Safari
Durability,quality,Good value but wheel quality,0.3919,RZR1YXR2DHYLUR,B78CFEE677,Safari
Lock,lock,"The lock is okay, nothing extraordinary",0.2263,RZR1YXR2DHYLUR,B78CFEE677,Safari
Durability,quality,Excellent quality,0.5719,R08YG0JV1V93KM,B420E780CA,Safari
Durability,quality,Great quality for the price,0.6249,R08YG0JV1V93KM,B420E780CA,Safari
Material,material,The material works smoothly,0.0,R08YG0JV1V93KM,B420E780CA,Safari
Size & Capacity,space,"Good value, decent space, and excellent lock",0.8402,RDAKRM8J5ECRUY,B420E780CA,Safari
Lock,lock,"Good value, decent space, and excellent lock",0.8402,RDAKRM8J5ECRUY,B420E780CA,Safari
Durability,quality,Great quality for the price,0.6249,R1V2ISQP49KWV0,B420E780CA,Safari
Lock,lock,The lock works smoothly,0.0,R1V2ISQP49KWV0,B420E780CA,Safari
Handle,handle,Affordable price and the handle is top notch,0.2023,RYQBKK4CIJ2V2H,B420E780CA,Safari
Size & Capacity,spacious,Compact yet spacious,0.0,RFL0UKEYZ7SRCB,B420E780CA,Safari
Lock,lock,The lock deserves special mention,0.4019,RFL0UKEYZ7SRCB,B420E780CA,Safari
Weight,lightweight,Lightweight,0.0,R1GSPK9P38QOLD,B420E780CA,Safari
Size & Capacity,pockets,The interiors are well-organized with multiple pockets,0.0,R1GSPK9P38QOLD,B420E780CA,Safari
Wheels,wheels,wheels quality is commendable,0.0,R1GSPK9P38QOLD,B420E780CA,Safari
Durability,quality,wheels quality is commendable,0.0,R1GSPK9P38QOLD,B420E780CA,Safari
Size & Capacity,space,Decent space and easy to maneuver,0.4404,RQLL8OS9XTOGN1,B420E780CA,Safari
Lock,lock,The lock makes it very convenient to use,0.0,RQLL8OS9XTOGN1,B420E780CA,Safari
Size & Capacity,space,Decent space,0.0,R9VIFTTD96QE3R,B420E780CA,Safari
Lock,lock,The lock is even better than my previous bag,0.4404,R9VIFTTD96QE3R,B420E780CA,Safari
Material,build,The build quality is even better than my previous bag,0.4404,RFGV0EC14M2JA0,B420E780CA,Safari
Durability,build quality,The build quality is even better than my previous bag,0.4404,RFGV0EC14M2JA0,B420E780CA,Safari
Size & Capacity,spacious,Compact yet spacious,0.0,RUI1B0Z3NX39RB,B39898F91D,Safari
Size & Capacity,compartments,The compartments deserves special mention,0.4019,RUI1B0Z3NX39RB,B39898F91D,Safari
Size & Capacity,space,Decent space,0.0,R6AF58C2JWOCLY,B39898F91D,Safari
Size & Capacity,spacious,Compact yet spacious,0.0,R6AF58C2JWOCLY,B39898F91D,Safari
Handle,handle,The handle deserves special mention,0.4019,R6AF58C2JWOCLY,B39898F91D,Safari
Size & Capacity,fits,Fits all airline requirements,0.0,RYKID91ZDFKBLC,B39898F91D,Safari
Wheels,wheels,wheels is of great quality,0.6249,RYKID91ZDFKBLC,B39898F91D,Safari
Durability,quality,wheels is of great quality,0.6249,RYKID91ZDFKBLC,B39898F91D,Safari
Durability,quality,Average quality,0.0,RVNYRUIWQY6QKT,B39898F91D,Safari
Handle,handle,"Good value which is nice, but handle durability",0.5499,RVNYRUIWQY6QKT,B39898F91D,Safari
Durability,durability,"Good value which is nice, but handle durability",0.5499,RVNYRUIWQY6QKT,B39898F91D,Safari
Zipper,zip quality,Decent space is great but zip quality is disappointing,-0.4118,R94DNMKZA3OA52,B39898F91D,Safari
Size & Capacity,space,Decent space is great but zip quality is disappointing,-0.4118,R94DNMKZA3OA52,B39898F91D,Safari
Durability,quality,Decent space is great but zip quality is disappointing,-0.4118,R94DNMKZA3OA52,B39898F91D,Safari
Size & Capacity,pockets,The interiors are well-organized with multiple pockets,0.0,RHGJ11YEDWB2BN,B39898F91D,Safari
Durability,quality,lock quality is commendable,0.0,RHGJ11YEDWB2BN,B39898F91D,Safari
Lock,lock,lock quality is commendable,0.0,RHGJ11YEDWB2BN,B39898F91D,Safari
Weight,lightweight,Lightweight,0.0,R63J3R30ME8F84,B39898F91D,Safari
Size & Capacity,pockets,The interiors are well-organized with multiple pockets,0.0,R63J3R30ME8F84,B39898F91D,Safari
Zipper,zipper,zipper quality is commendable,0.0,R63J3R30ME8F84,B39898F91D,Safari
Durability,quality,zipper quality is commendable,0.0,R63J3R30ME8F84,B39898F91D,Safari
Durability,quality,Great quality for the price,0.6249,RTQYYV37DIA5U6,B39898F91D,Safari
Size & Capacity,space,Decent space,0.0,RTQYYV37DIA5U6,B39898F91D,Safari
Size & Capacity,compartments,The compartments works smoothly,0.0,RTQYYV37DIA5U6,B39898F91D,Safari
Wheels,wheel,"However, wheel quality",0.0,RKRD5EQY08P0FO,B39898F91D,Safari
Durability,quality,"However, wheel quality",0.0,RKRD5EQY08P0FO,B39898F91D,Safari
Weight,weight,The weight could be better,0.4404,RKRD5EQY08P0FO,B39898F91D,Safari
Weight,lightweight,Lightweight and affordable price,0.0,RQIN9N6XCJ883D,B39898F91D,Safari
Lock,lock,The lock is really impressive,0.5563,RQIN9N6XCJ883D,B39898F91D,Safari
Size & Capacity,fits,Fits all airline requirements,0.0,R12VJ99T2D5EM2,B4F9315E17,Safari
Material,material,material is of great quality,0.6249,R12VJ99T2D5EM2,B4F9315E17,Safari
Durability,quality,material is of great quality,0.6249,R12VJ99T2D5EM2,B4F9315E17,Safari
Durability,quality,Excellent quality,0.5719,R0R2SDS8B25SQ8,B4F9315E17,Safari
Wheels,wheels,Decent space and the wheels is top notch,0.2023,R0R2SDS8B25SQ8,B4F9315E17,Safari
Size & Capacity,space,Decent space and the wheels is top notch,0.2023,R0R2SDS8B25SQ8,B4F9315E17,Safari
Durability,quality,Great quality for the price,0.6249,RFEWVZNVKSP2EX,B4F9315E17,Safari
Material,build,The build quality works smoothly,0.0,RFEWVZNVKSP2EX,B4F9315E17,Safari
Durability,build quality,The build quality works smoothly,0.0,RFEWVZNVKSP2EX,B4F9315E17,Safari
Weight,lightweight,Good value and lightweight,0.6486,R3O0LLJ8YRDDP0,B4F9315E17,Safari
Material,build,Really impressed with the build quality,0.5256,R3O0LLJ8YRDDP0,B4F9315E17,Safari
Durability,build quality,Really impressed with the build quality,0.5256,R3O0LLJ8YRDDP0,B4F9315E17,Safari
Size & Capacity,space,Decent space,0.0,R5Z8VMUHXID4N1,B4F9315E17,Safari
Zipper,zip quality,"However, zip quality",0.0,R5Z8VMUHXID4N1,B4F9315E17,Safari
Durability,quality,"However, zip quality",0.0,R5Z8VMUHXID4N1,B4F9315E17,Safari
Size & Capacity,compartments,The compartments could be better,0.4404,R5Z8VMUHXID4N1,B4F9315E17,Safari
Handle,handle,Affordable price is great but handle durability is disappointing,-0.4118,RZLMA5UOFWB0HP,B4F9315E17,Safari
Durability,durability,Affordable price is great but handle durability is disappointing,-0.4118,RZLMA5UOFWB0HP,B4F9315E17,Safari
Handle,handle,Good value but handle durability,0.3919,RYJXRPJ1EPKYRY,B4F9315E17,Safari
Durability,durability,Good value but handle durability,0.3919,RYJXRPJ1EPKYRY,B4F9315E17,Safari
Handle,handle,"The handle is okay, nothing extraordinary",0.2263,RYJXRPJ1EPKYRY,B4F9315E17,Safari
Weight,lightweight,Lightweight and affordable price,0.0,RRPETIUYMO0PQC,B0A318CA95,Safari
Durability,sturdy,Looks premium and feels sturdy,0.0,RRPETIUYMO0PQC,B0A318CA95,Safari
Durability,quality,The lock quality is really good for this price range,0.4927,RRPETIUYMO0PQC,B0A318CA95,Safari
Lock,lock,The lock quality is really good for this price range,0.4927,RRPETIUYMO0PQC,B0A318CA95,Safari
Weight,lightweight,Affordable price and lightweight,0.0,R2W37D4IVSOLML,B0A318CA95,Safari
Durability,quality,Safari quality is reliable,0.0,R2W37D4IVSOLML,B0A318CA95,Safari
Weight,lightweight,Lightweight and good value,0.6486,R8XFDJGF1C8WQU,B0A318CA95,Safari
Material,material,Really impressed with the material,0.5256,R8XFDJGF1C8WQU,B0A318CA95,Safari
Weight,lightweight,Lightweight,0.0,RCPKJCSLQC3C54,B0A318CA95,Safari
Size & Capacity,spacious,Compact yet spacious,0.0,RCPKJCSLQC3C54,B0A318CA95,Safari
Size & Capacity,compartments,The compartments deserves special mention,0.4019,RCPKJCSLQC3C54,B0A318CA95,Safari
Wheels,wheels,The wheels is even better than my previous bag,0.4404,RRFCD6MZSGIPPS,B0A318CA95,Safari
Weight,lightweight,Lightweight,0.0,RDYK0X65MUFM8Z,B0A318CA95,Safari
Size & Capacity,pockets,The interiors are well-organized with multiple pockets,0.0,RDYK0X65MUFM8Z,B0A318CA95,Safari
Wheels,wheels,wheels quality is commendable,0.0,RDYK0X65MUFM8Z,B0A318CA95,Safari
Durability,quality,wheels quality is commendable,0.0,RDYK0X65MUFM8Z,B0A318CA95,Safari
Size & Capacity,space,Decent space and lightweight,0.0,R3Y30YSXPNNGH8,B0A318CA95,Safari
Weight,lightweight,Decent space and lightweight,0.0,R3Y30YSXPNNGH8,B0A318CA95,Safari
Durability,sturdy,Looks premium and feels sturdy,0.0,R3Y30YSXPNNGH8,B0A318CA95,Safari
Handle,handle,The handle quality is really good for this price range,0.4927,R3Y30YSXPNNGH8,B0A318CA95,Safari
Durability,quality,The handle quality is really good for this price range,0.4927,R3Y30YSXPNNGH8,B0A318CA95,Safari
Durability,quality,Usable but don't expect premium quality at this price,0.0,RF313FPOYIPK0Q,B84A775390,Safari
Weight,lightweight,Good value and lightweight,0.6486,R89QKNS832EJX5,B84A775390,Safari
Material,build,Really impressed with the build quality,0.5256,R89QKNS832EJX5,B84A775390,Safari
Durability,build quality,Really impressed with the build quality,0.5256,R89QKNS832EJX5,B84A775390,Safari
Size & Capacity,pockets,The interiors are well-organized with multiple pockets,0.0,R6FP8HQMABSI9N,B84A775390,Safari
Handle,handle,handle quality is commendable,0.0,R6FP8HQMABSI9N,B84A775390,Safari
Durability,quality,handle quality is commendable,0.0,R6FP8HQMABSI9N,B84A775390,Safari
Size & Capacity,pockets,The interiors are well-organized with multiple pockets,0.0,RK3ZEZQACJ4T0S,B84A775390,Safari
Size & Capacity,compartments,compartments quality is commendable,0.0,RK3ZEZQACJ4T0S,B84A775390,Safari
Durability,quality,compartments quality is commendable,0.0,RK3ZEZQACJ4T0S,B84A775390,Safari
Durability,quality,Great quality for the price,0.6249,RTWUZKAMUGYSM8,B84A775390,Safari
Material,build,The build quality works smoothly,0.0,RTWUZKAMUGYSM8,B84A775390,Safari
Durability,build quality,The build quality works smoothly,0.0,RTWUZKAMUGYSM8,B84A775390,Safari
Size & Capacity,space,Decent space and affordable price,0.0,RNN0MCIXDU1EMM,B84A775390,Safari
Durability,quality,Safari quality is reliable,0.0,RNN0MCIXDU1EMM,B84A775390,Safari
Durability,quality,Average quality,0.0,RKBHB7S9TJ1GM2,B84A775390,Safari
Size & Capacity,space,Decent space and lightweight,0.0,R6N9RR7S20CV3T,B84A775390,Safari
Weight,lightweight,Decent space and lightweight,0.0,R6N9RR7S20CV3T,B84A775390,Safari
Durability,quality,Safari quality is reliable,0.0,R6N9RR7S20CV3T,B84A775390,Safari
Size & Capacity,space,Decent space and the weight is top notch,0.2023,RB5M9J98CWN2Y8,B84A775390,Safari
Weight,weight,Decent space and the weight is top notch,0.2023,RB5M9J98CWN2Y8,B84A775390,Safari
Material,build,The build quality is really impressive,0.5563,R2NNUVY8N1UTOX,B84A775390,Safari
Durability,build quality,The build quality is really impressive,0.5563,R2NNUVY8N1UTOX,B84A775390,Safari
Size & Capacity,space,Lightweight and decent space,0.0,RHWY9HECGZ9389,B84A775390,Safari
Weight,lightweight,Lightweight and decent space,0.0,RHWY9HECGZ9389,B84A775390,Safari
Durability,sturdy,Looks premium and feels sturdy,0.0,RHWY9HECGZ9389,B84A775390,Safari
Handle,handle,The handle quality is really good for this price range,0.4927,RHWY9HECGZ9389,B84A775390,Safari
Durability,quality,The handle quality is really good for this price range,0.4927,RHWY9HECGZ9389,B84A775390,Safari
Weight,lightweight,Lightweight and affordable price,0.0,RZZGNI92IRMUQ9,B84A775390,Safari
Lock,lock,Really impressed with the lock,0.5256,RZZGNI92IRMUQ9,B84A775390,Safari
Size & Capacity,space,Decent space,0.0,R9XQYM52XG8P6B,B84A775390,Safari
Wheels,wheel,But I noticed wheel quality after a few uses,0.0,R9XQYM52XG8P6B,B84A775390,Safari
Durability,quality,But I noticed wheel quality after a few uses,0.0,R9XQYM52XG8P6B,B84A775390,Safari
Material,build,The build quality started fine but degraded,-0.5106,R9XQYM52XG8P6B,B84A775390,Safari
Durability,build quality,The build quality started fine but degraded,-0.5106,R9XQYM52XG8P6B,B84A775390,Safari
Size & Capacity,space,Good value and decent space,0.6486,RJWWDXVUGW6M7B,BD6A2E0D06,Safari
Durability,sturdy,Looks premium and feels sturdy,0.0,RJWWDXVUGW6M7B,BD6A2E0D06,Safari
Handle,handle,The handle quality is really good for this price range,0.4927,RJWWDXVUGW6M7B,BD6A2E0D06,Safari
Durability,quality,The handle quality is really good for this price range,0.4927,RJWWDXVUGW6M7B,BD6A2E0D06,Safari
Size & Capacity,space,Decent space,0.0,RB6TXKI3OQYFOQ,BD6A2E0D06,Safari
Size & Capacity,pockets,The interiors are well-organized with multiple pockets,0.0,RB6TXKI3OQYFOQ,BD6A2E0D06,Safari
Material,material,material quality is commendable,0.0,RB6TXKI3OQYFOQ,BD6A2E0D06,Safari
Durability,quality,material quality is commendable,0.0,RB6TXKI3OQYFOQ,BD6A2E0D06,Safari
Durability,quality,Mediocre quality,0.0,RSDIEQFB85P863,BD6A2E0D06,Safari
Handle,handle,Product looks good but handle durability,0.2382,RSDIEQFB85P863,BD6A2E0D06,Safari
Durability,durability,Product looks good but handle durability,0.2382,RSDIEQFB85P863,BD6A2E0D06,Safari
Size & Capacity,space,Decent space saves it somewhat,0.0,RSDIEQFB85P863,BD6A2E0D06,Safari
Durability,quality,Usable but don't expect premium quality at this price,0.0,RSDIEQFB85P863,BD6A2E0D06,Safari
Weight,lightweight,Lightweight,0.0,RDOQIVBKV4YKAD,BD6A2E0D06,Safari
Material,build,The build quality is even better than my previous bag,0.4404,RDOQIVBKV4YKAD,BD6A2E0D06,Safari
Durability,build quality,The build quality is even better than my previous bag,0.4404,RDOQIVBKV4YKAD,BD6A2E0D06,Safari
Weight,weight,The weight impressed me the most,0.4767,RUHTCS1K9YE9O2,BD6A2E0D06,Safari
Material,material,The material feels durable and the weight is very smooth,0.0,RELRQVSLWF90KM,BD6A2E0D06,Safari
Durability,durable,The material feels durable and the weight is very smooth,0.0,RELRQVSLWF90KM,BD6A2E0D06,Safari
Weight,weight,The material feels durable and the weight is very smooth,0.0,RELRQVSLWF90KM,BD6A2E0D06,Safari
Lock,lock,The lock is even better than my previous bag,0.4404,RY9V20YAR821UZ,BD6A2E0D06,Safari
Weight,weight,Good value and the weight is top notch,0.7269,R8DALFYO1750CE,BD6A2E0D06,Safari
Weight,lightweight,Lightweight,0.0,R6MM1ZXYVGIUI9,BD6A2E0D06,Safari
Handle,handle,But I noticed handle durability after a few uses,0.0,R6MM1ZXYVGIUI9,BD6A2E0D06,Safari
Durability,durability,But I noticed handle durability after a few uses,0.0,R6MM1ZXYVGIUI9,BD6A2E0D06,Safari
Material,build,The build quality started fine but degraded,-0.5106,R6MM1ZXYVGIUI9,BD6A2E0D06,Safari
Durability,build quality,The build quality started fine but degraded,-0.5106,R6MM1ZXYVGIUI9,BD6A2E0D06,Safari
Durability,quality,Excellent quality,0.5719,RUT6OM1FB8C7X0,BD6A2E0D06,Safari
Weight,lightweight,Lightweight,0.0,RUT6OM1FB8C7X0,BD6A2E0D06,Safari
Material,build,The build quality impressed me the most,0.4767,RUT6OM1FB8C7X0,BD6A2E0D06,Safari
Durability,build quality,The build quality impressed me the most,0.4767,RUT6OM1FB8C7X0,BD6A2E0D06,Safari
Durability,quality,Average quality,0.0,RB6IIDLRYE89FX,BD6A2E0D06,Safari
Handle,handle,"Affordable price which is nice, but handle durability",0.2263,RB6IIDLRYE89FX,BD6A2E0D06,Safari
Durability,durability,"Affordable price which is nice, but handle durability",0.2263,RB6IIDLRYE89FX,BD6A2E0D06,Safari
Size & Capacity,space,Affordable price and decent space,0.0,RI04B7P47B42G0,BD6A2E0D06,Safari
Wheels,wheels,Really impressed with the wheels,0.5256,RI04B7P47B42G0,BD6A2E0D06,Safari
Weight,lightweight,Lightweight and good value,0.6486,R9TR74QGEFQJG0,BD6A2E0D06,Safari
Handle,handle,Really impressed with the handle,0.5256,R9TR74QGEFQJG0,BD6A2E0D06,Safari
Handle,handle,Good value and the handle is top notch,0.7269,R7ANQJLUUJMIYQ,B8A92F16C3,Safari
Size & Capacity,space,"Affordable price, decent space, and excellent lock",0.5719,RNH8RQ9NZ61231,B8A92F16C3,Safari
Lock,lock,"Affordable price, decent space, and excellent lock",0.5719,RNH8RQ9NZ61231,B8A92F16C3,Safari
Durability,quality,Great quality for the price,0.6249,R6HTF4PYZR6QCE,B8A92F16C3,Safari
Size & Capacity,compartments,The compartments works smoothly,0.0,R6HTF4PYZR6QCE,B8A92F16C3,Safari
Weight,lightweight,Lightweight and easy to maneuver,0.4404,RO30UBMC97C7BO,B8A92F16C3,Safari
Material,build,The build quality makes it very convenient to use,0.0,RO30UBMC97C7BO,B8A92F16C3,Safari
Durability,build quality,The build quality makes it very convenient to use,0.0,RO30UBMC97C7BO,B8A92F16C3,Safari
Durability,quality,Excellent quality,0.5719,RYXTXMGTT0IAAK,B8A92F16C3,Safari
Size & Capacity,space,Decent space,0.0,RYXTXMGTT0IAAK,B8A92F16C3,Safari
Weight,weight,The weight is even better than my previous bag,0.4404,RYXTXMGTT0IAAK,B8A92F16C3,Safari
Size & Capacity,spacious,Compact yet spacious,0.0,RMJ70E3P15AHDB,B8A92F16C3,Safari
Weight,weight,The weight deserves special mention,0.4019,RMJ70E3P15AHDB,B8A92F16C3,Safari
Material,build,"The build quality is good, Good value",0.802,RSK30LVYLKFXHK,B8A92F16C3,Safari
Durability,build quality,"The build quality is good, Good value",0.802,RSK30LVYLKFXHK,B8A92F16C3,Safari
Size & Capacity,packing,Packing was easy due to the spacious compartments,0.4404,RSK30LVYLKFXHK,B8A92F16C3,Safari
Material,build,The build quality is excellent,0.5719,RSK30LVYLKFXHK,B8A92F16C3,Safari
Durability,build quality,The build quality is excellent,0.5719,RSK30LVYLKFXHK,B8A92F16C3,Safari
Size & Capacity,space,Decent space and easy to maneuver,0.4404,RBMXNSZOKGTII4,B8A92F16C3,Safari
Zipper,zipper,The zipper makes it very convenient to use,0.0,RBMXNSZOKGTII4,B8A92F16C3,Safari
Zipper,zip quality,But I noticed zip quality after a few uses,0.0,RLCQNT3BNVBC2V,B8A92F16C3,Safari
Durability,quality,But I noticed zip quality after a few uses,0.0,RLCQNT3BNVBC2V,B8A92F16C3,Safari
Zipper,zipper,The zipper started fine but degraded,-0.5106,RLCQNT3BNVBC2V,B8A92F16C3,Safari
Durability,sturdy,Looks premium and feels sturdy,0.0,R8E9RIVH6T1NTM,B8A92F16C3,Safari
Size & Capacity,compartments,The compartments quality is really good for this price range,0.4927,R8E9RIVH6T1NTM,B8A92F16C3,Safari
Durability,quality,The compartments quality is really good for this price range,0.4927,R8E9RIVH6T1NTM,B8A92F16C3,Safari
Durability,quality,Mediocre quality,0.0,ROUHFJ7UPFLN4R,B8A92F16C3,Safari
Zipper,zip quality,Product looks good but zip quality,0.2382,ROUHFJ7UPFLN4R,B8A92F16C3,Safari
Durability,quality,Product looks good but zip quality,0.2382,ROUHFJ7UPFLN4R,B8A92F16C3,Safari
Durability,quality,Usable but don't expect premium quality at this price,0.0,ROUHFJ7UPFLN4R,B8A92F16C3,Safari
Zipper,zipper,"Lightweight, affordable price, and excellent zipper",0.5719,RZR7TXCB48Y1O4,BCF28C6B65,Safari
Weight,lightweight,"Lightweight, affordable price, and excellent zipper",0.5719,RZR7TXCB48Y1O4,BCF28C6B65,Safari
Size & Capacity,fits,Fits all airline requirements,0.0,RATOAZTKSZP7G7,BCF28C6B65,Safari
Size & Capacity,space,Decent space,0.0,RATOAZTKSZP7G7,BCF28C6B65,Safari
Wheels,wheels,wheels is of great quality,0.6249,RATOAZTKSZP7G7,BCF28C6B65,Safari
Durability,quality,wheels is of great quality,0.6249,RATOAZTKSZP7G7,BCF28C6B65,Safari
Weight,lightweight,Lightweight,0.0,RC8QIZK3C9XBON,BCF28C6B65,Safari
Size & Capacity,spacious,Compact yet spacious,0.0,RC8QIZK3C9XBON,BCF28C6B65,Safari
Lock,lock,The lock deserves special mention,0.4019,RC8QIZK3C9XBON,BCF28C6B65,Safari
Durability,quality,Excellent quality,0.5719,R67I6YUJ7YKTXG,BCF28C6B65,Safari
Weight,lightweight,Lightweight and easy to maneuver,0.4404,R67I6YUJ7YKTXG,BCF28C6B65,Safari
Weight,weight,The weight makes it very convenient to use,0.0,R67I6YUJ7YKTXG,BCF28C6B65,Safari
Size & Capacity,space,Decent space,0.0,RFI4O6L1F90S9B,BCF28C6B65,Safari
Size & Capacity,pockets,The interiors are well-organized with multiple pockets,0.0,RFI4O6L1F90S9B,BCF28C6B65,Safari
Zipper,zipper,zipper quality is commendable,0.0,RFI4O6L1F90S9B,BCF28C6B65,Safari
Durability,quality,zipper quality is commendable,0.0,RFI4O6L1F90S9B,BCF28C6B65,Safari
Weight,lightweight,Lightweight,0.0,RJ9RM7PYXDW2ZC,BCF28C6B65,Safari
Size & Capacity,pockets,The interiors are well-organized with multiple pockets,0.0,RJ9RM7PYXDW2ZC,BCF28C6B65,Safari
Durability,quality,weight quality is commendable,0.0,RJ9RM7PYXDW2ZC,BCF28C6B65,Safari
Weight,weight,weight quality is commendable,0.0,RJ9RM7PYXDW2ZC,BCF28C6B65,Safari
Zipper,zipper,"Decent space, good value, and excellent zipper",0.8402,RDALMJEGQTOAMD,BCF28C6B65,Safari
Size & Capacity,space,"Decent space, good value, and excellent zipper",0.8402,RDALMJEGQTOAMD,BCF28C6B65,Safari
Handle,handle,"Good value, decent space, and excellent handle",0.8402,RGNEKRCPPRCJIW,BCF28C6B65,Safari
Size & Capacity,space,"Good value, decent space, and excellent handle",0.8402,RGNEKRCPPRCJIW,BCF28C6B65,Safari
Weight,lightweight,Affordable price and lightweight,0.0,R4N5PP3XVKVZRG,BCF28C6B65,Safari
Durability,sturdy,Looks premium and feels sturdy,0.0,R4N5PP3XVKVZRG,BCF28C6B65,Safari
Zipper,zipper,The zipper quality is really good for this price range,0.4927,R4N5PP3XVKVZRG,BCF28C6B65,Safari
Durability,quality,The zipper quality is really good for this price range,0.4927,R4N5PP3XVKVZRG,BCF28C6B65,Safari
Size & Capacity,space,Decent space,0.0,RN7H9G1A07H23C,BCF28C6B65,Safari
Material,material,The material impressed me the most,0.4767,RN7H9G1A07H23C,BCF28C6B65,Safari
Material,build,"The build quality is good, Lightweight",0.4404,RZ2C9ROS7YT2M6,BCF28C6B65,Safari
Durability,build quality,"The build quality is good, Lightweight",0.4404,RZ2C9ROS7YT2M6,BCF28C6B65,Safari
Weight,lightweight,"The build quality is good, Lightweight",0.4404,RZ2C9ROS7YT2M6,BCF28C6B65,Safari
Size & Capacity,packing,Packing was easy due to the spacious compartments,0.4404,RZ2C9ROS7YT2M6,BCF28C6B65,Safari
Lock,lock,The lock is excellent,0.5719,RZ2C9ROS7YT2M6,BCF28C6B65,Safari
Size & Capacity,compartments,Affordable price and the compartments is top notch,0.2023,RYO18PAJSSUUQO,BCF28C6B65,Safari
Weight,lightweight,Lightweight,0.0,R2SMDZQCBZAMD2,BE0EA7367F,Safari
Zipper,zipper,The zipper impressed me the most,0.4767,R2SMDZQCBZAMD2,BE0EA7367F,Safari
Material,build,"The build quality is good, Decent space",0.4404,RGXO05QPAHKZ2U,BE0EA7367F,Safari
Size & Capacity,space,"The build quality is good, Decent space",0.4404,RGXO05QPAHKZ2U,BE0EA7367F,Safari
Durability,build quality,"The build quality is good, Decent space",0.4404,RGXO05QPAHKZ2U,BE0EA7367F,Safari
Size & Capacity,packing,Packing was easy due to the spacious compartments,0.4404,RGXO05QPAHKZ2U,BE0EA7367F,Safari
Material,build,The build quality is excellent,0.5719,RGXO05QPAHKZ2U,BE0EA7367F,Safari
Durability,build quality,The build quality is excellent,0.5719,RGXO05QPAHKZ2U,BE0EA7367F,Safari
Durability,quality,Great quality for the price,0.6249,RSXVWVM4W3ZKWD,BE0EA7367F,Safari
Weight,lightweight,Lightweight,0.0,RSXVWVM4W3ZKWD,BE0EA7367F,Safari
Material,build,The build quality works smoothly,0.0,RSXVWVM4W3ZKWD,BE0EA7367F,Safari
Durability,build quality,The build quality works smoothly,0.0,RSXVWVM4W3ZKWD,BE0EA7367F,Safari
Size & Capacity,space,Decent space,0.0,RENGWYX9TRFLQB,BE0EA7367F,Safari
Material,material,The material feels durable and the zipper is very smooth,0.0,RENGWYX9TRFLQB,BE0EA7367F,Safari
Zipper,zipper,The material feels durable and the zipper is very smooth,0.0,RENGWYX9TRFLQB,BE0EA7367F,Safari
Durability,durable,The material feels durable and the zipper is very smooth,0.0,RENGWYX9TRFLQB,BE0EA7367F,Safari
Size & Capacity,space,Decent space,0.0,RXORZPGU2HBIK2,BE0EA7367F,Safari
Size & Capacity,spacious,Compact yet spacious,0.0,RXORZPGU2HBIK2,BE0EA7367F,Safari
Material,material,The material deserves special mention,0.4019,RXORZPGU2HBIK2,BE0EA7367F,Safari
Size & Capacity,space,Lightweight and decent space,0.0,R1PHP0XI5BJ5D5,BE0EA7367F,Safari
Weight,lightweight,Lightweight and decent space,0.0,R1PHP0XI5BJ5D5,BE0EA7367F,Safari
Durability,sturdy,Looks premium and feels sturdy,0.0,R1PHP0XI5BJ5D5,BE0EA7367F,Safari
Handle,handle,The handle quality is really good for this price range,0.4927,R1PHP0XI5BJ5D5,BE0EA7367F,Safari
Durability,quality,The handle quality is really good for this price range,0.4927,R1PHP0XI5BJ5D5,BE0EA7367F,Safari
Size & Capacity,spacious,Compact yet spacious,0.0,RMKTLZKJ49YD82,B91271AA5C,Skybags
Material,material,The material deserves special mention,0.4019,RMKTLZKJ49YD82,B91271AA5C,Skybags
Material,build,Sturdy build and the material is top notch,0.2023,ROFWWNC21O0Z5Q,B91271AA5C,Skybags
Durability,sturdy,Sturdy build and the material is top notch,0.2023,ROFWWNC21O0Z5Q,B91271AA5C,Skybags
Handle,handle,"Spacious, sturdy build, and excellent handle",0.5719,RZ42O83RLKTE42,B91271AA5C,Skybags
Material,build,"Spacious, sturdy build, and excellent handle",0.5719,RZ42O83RLKTE42,B91271AA5C,Skybags
Size & Capacity,spacious,"Spacious, sturdy build, and excellent handle",0.5719,RZ42O83RLKTE42,B91271AA5C,Skybags
Durability,sturdy,"Spacious, sturdy build, and excellent handle",0.5719,RZ42O83RLKTE42,B91271AA5C,Skybags
Handle,handle,"However, handle wobble",0.0,RA8HYEXF7JXJN6,B91271AA5C,Skybags
Wheels,wheels,The wheels could be better,0.4404,RA8HYEXF7JXJN6,B91271AA5C,Skybags
Weight,heavy,But I noticed slightly heavy after a few uses,0.0,RHCVSQAME4YRID,B91271AA5C,Skybags
Material,material,The material started fine but degraded,-0.5106,RHCVSQAME4YRID,B91271AA5C,Skybags
Zipper,zipper,The zipper makes it very convenient to use,0.0,RUVFMH07WPH6FE,B91271AA5C,Skybags
Durability,quality,Excellent quality,0.5719,RIVZK7A45HVGOX,B91271AA5C,Skybags
Material,build,"The build quality is good, Sturdy build",0.4404,RIVZK7A45HVGOX,B91271AA5C,Skybags
Durability,build quality,"The build quality is good, Sturdy build",0.4404,RIVZK7A45HVGOX,B91271AA5C,Skybags
Size & Capacity,packing,Packing was easy due to the spacious compartments,0.4404,RIVZK7A45HVGOX,B91271AA5C,Skybags
Zipper,zipper,The zipper is excellent,0.5719,RIVZK7A45HVGOX,B91271AA5C,Skybags
Durability,quality,Excellent quality,0.5719,RACJBC2SWSOZCT,B590634F3D,Skybags
Weight,weight,The weight impressed me the most,0.4767,RACJBC2SWSOZCT,B590634F3D,Skybags
Handle,handle,The material feels durable and the handle is very smooth,0.0,RLV1XXLP8II7EW,B590634F3D,Skybags
Material,material,The material feels durable and the handle is very smooth,0.0,RLV1XXLP8II7EW,B590634F3D,Skybags
Durability,durable,The material feels durable and the handle is very smooth,0.0,RLV1XXLP8II7EW,B590634F3D,Skybags
Zipper,zipper,"Stylish design, color options, and excellent zipper",0.5719,R8S2ZGE2J51B3J,B590634F3D,Skybags
Size & Capacity,spacious,Spacious,0.0,RB4GF16YE0A4AB,B590634F3D,Skybags
Handle,handle,The handle is even better than my previous bag,0.4404,RB4GF16YE0A4AB,B590634F3D,Skybags
Material,build,"The build quality is good, Sturdy build",0.4404,R6L3UEYBISBO55,B590634F3D,Skybags
Durability,build quality,"The build quality is good, Sturdy build",0.4404,R6L3UEYBISBO55,B590634F3D,Skybags
Size & Capacity,packing,Packing was easy due to the spacious compartments,0.4404,R6L3UEYBISBO55,B590634F3D,Skybags
Weight,weight,The weight is excellent,0.5719,R6L3UEYBISBO55,B590634F3D,Skybags
Size & Capacity,spacious,Spacious,0.0,R61IAOIM458AX4,BE9AACBA56,Skybags
Material,build,The build quality impressed me the most,0.4767,R61IAOIM458AX4,BE9AACBA56,Skybags
Durability,build quality,The build quality impressed me the most,0.4767,R61IAOIM458AX4,BE9AACBA56,Skybags
Wheels,wheels,Sturdy build and the wheels is top notch,0.2023,R76SZN9DDE3CUP,BE9AACBA56,Skybags
Material,build,Sturdy build and the wheels is top notch,0.2023,R76SZN9DDE3CUP,BE9AACBA56,Skybags
Durability,sturdy,Sturdy build and the wheels is top notch,0.2023,R76SZN9DDE3CUP,BE9AACBA56,Skybags
Material,build,Spacious and sturdy build,0.0,RLQI7E1DDQLEM1,BE9AACBA56,Skybags
Size & Capacity,spacious,Spacious and sturdy build,0.0,RLQI7E1DDQLEM1,BE9AACBA56,Skybags
Durability,sturdy,Spacious and sturdy build,0.0,RLQI7E1DDQLEM1,BE9AACBA56,Skybags
Size & Capacity,compartments,Really impressed with the compartments,0.5256,RLQI7E1DDQLEM1,BE9AACBA56,Skybags
Size & Capacity,spacious,Compact yet spacious,0.0,RFZ8OBK3G84UTD,BE9AACBA56,Skybags
Lock,lock,The lock deserves special mention,0.4019,RFZ8OBK3G84UTD,BE9AACBA56,Skybags
Wheels,wheels,The wheels is really impressive,0.5563,R3NWXUJ3AC6PE6,BE9AACBA56,Skybags
Size & Capacity,spacious,Spacious,0.0,RNPM6JQFWWXR5R,BE9AACBA56,Skybags
Size & Capacity,spacious,Compact yet spacious,0.0,RNPM6JQFWWXR5R,BE9AACBA56,Skybags
Weight,weight,The weight deserves special mention,0.4019,RNPM6JQFWWXR5R,BE9AACBA56,Skybags
Material,material,The material makes it very convenient to use,0.0,R292MTR6SNGLH6,BE9AACBA56,Skybags
Durability,quality,Average quality,0.0,RJ37C9H42M44GV,BE9AACBA56,Skybags
Durability,quality,"Stylish design which is nice, but price for quality",0.2263,RJ37C9H42M44GV,BE9AACBA56,Skybags
Size & Capacity,fits,Fits all airline requirements,0.0,R438TGBCVARLW3,BE9AACBA56,Skybags
Size & Capacity,compartments,compartments is of great quality,0.6249,R438TGBCVARLW3,BE9AACBA56,Skybags
Durability,quality,compartments is of great quality,0.6249,R438TGBCVARLW3,BE9AACBA56,Skybags
Durability,quality,Great quality for the price,0.6249,RODKEF828XG8Y7,B6E6D088C5,Skybags
Material,build,Sturdy build,0.0,RODKEF828XG8Y7,B6E6D088C5,Skybags
Durability,sturdy,Sturdy build,0.0,RODKEF828XG8Y7,B6E6D088C5,Skybags
Size & Capacity,compartments,The compartments works smoothly,0.0,RODKEF828XG8Y7,B6E6D088C5,Skybags
Material,build,Sturdy build and spacious,0.0,RKGAZU41UGL3WX,B6E6D088C5,Skybags
Size & Capacity,spacious,Sturdy build and spacious,0.0,RKGAZU41UGL3WX,B6E6D088C5,Skybags
Durability,sturdy,Sturdy build and spacious,0.0,RKGAZU41UGL3WX,B6E6D088C5,Skybags
Durability,quality,Skybags quality is reliable,0.0,RKGAZU41UGL3WX,B6E6D088C5,Skybags
Size & Capacity,compartments,Stylish design and the compartments is top notch,0.2023,RX5QJICJDAN085,B6E6D088C5,Skybags
Durability,quality,Great quality for the price,0.6249,R1IQ2BAJDM5FC7,B6E6D088C5,Skybags
Size & Capacity,spacious,Spacious,0.0,R1IQ2BAJDM5FC7,B6E6D088C5,Skybags
Weight,weight,The weight works smoothly,0.0,R1IQ2BAJDM5FC7,B6E6D088C5,Skybags
Weight,weight,The weight makes it very convenient to use,0.0,RFDHGZZ0JKIBU4,B6E6D088C5,Skybags
Durability,quality,Excellent quality,0.5719,RAGKC4LORXDTG5,B6E6D088C5,Skybags
Size & Capacity,spacious,Spacious and stylish design,0.0,RAGKC4LORXDTG5,B6E6D088C5,Skybags
Durability,sturdy,Looks premium and feels sturdy,0.0,RAGKC4LORXDTG5,B6E6D088C5,Skybags
Handle,handle,The handle quality is really good for this price range,0.4927,RAGKC4LORXDTG5,B6E6D088C5,Skybags
Durability,quality,The handle quality is really good for this price range,0.4927,RAGKC4LORXDTG5,B6E6D088C5,Skybags
Size & Capacity,fits,Fits all airline requirements,0.0,RYDMT8VT43PT5R,B6E6D088C5,Skybags
Durability,quality,lock is of great quality,0.6249,RYDMT8VT43PT5R,B6E6D088C5,Skybags
Lock,lock,lock is of great quality,0.6249,RYDMT8VT43PT5R,B6E6D088C5,Skybags
Durability,quality,Great quality for the price,0.6249,R83EP9P9W4J66C,BA614F2B42,Skybags
Size & Capacity,spacious,Spacious,0.0,R83EP9P9W4J66C,BA614F2B42,Skybags
Zipper,zipper,The zipper works smoothly,0.0,R83EP9P9W4J66C,BA614F2B42,Skybags
Size & Capacity,spacious,Spacious,0.0,RFUU8DD22555JX,BA614F2B42,Skybags
Size & Capacity,pockets,The interiors are well-organized with multiple pockets,0.0,RFUU8DD22555JX,BA614F2B42,Skybags
Wheels,wheels,wheels quality is commendable,0.0,RFUU8DD22555JX,BA614F2B42,Skybags
Durability,quality,wheels quality is commendable,0.0,RFUU8DD22555JX,BA614F2B42,Skybags
Size & Capacity,spacious,Color options and spacious,0.0,RYOO5YBRJNM2L4,BA614F2B42,Skybags
Durability,quality,Skybags quality is reliable,0.0,RYOO5YBRJNM2L4,BA614F2B42,Skybags
Material,build,Sturdy build,0.0,RPXGH30153SFLS,BA614F2B42,Skybags
Durability,sturdy,Sturdy build,0.0,RPXGH30153SFLS,BA614F2B42,Skybags
Size & Capacity,pockets,The interiors are well-organized with multiple pockets,0.0,RPXGH30153SFLS,BA614F2B42,Skybags
Material,build,build quality quality is commendable,0.0,RPXGH30153SFLS,BA614F2B42,Skybags
Durability,build quality,build quality quality is commendable,0.0,RPXGH30153SFLS,BA614F2B42,Skybags
Wheels,wheels,Color options and the wheels is top notch,0.2023,RIQ7ZJ3SWEBNVG,BA614F2B42,Skybags
Material,build,Stylish design and sturdy build,0.0,RFU84XYJOA21A6,BA614F2B42,Skybags
Durability,sturdy,Stylish design and sturdy build,0.0,RFU84XYJOA21A6,BA614F2B42,Skybags
Durability,sturdy,Looks premium and feels sturdy,0.0,RFU84XYJOA21A6,BA614F2B42,Skybags
Handle,handle,The handle quality is really good for this price range,0.4927,RFU84XYJOA21A6,BA614F2B42,Skybags
Durability,quality,The handle quality is really good for this price range,0.4927,RFU84XYJOA21A6,BA614F2B42,Skybags
Material,build,Sturdy build and spacious,0.0,RXPNMJQY3ODSX4,BA614F2B42,Skybags
Size & Capacity,spacious,Sturdy build and spacious,0.0,RXPNMJQY3ODSX4,BA614F2B42,Skybags
Durability,sturdy,Sturdy build and spacious,0.0,RXPNMJQY3ODSX4,BA614F2B42,Skybags
Durability,sturdy,Looks premium and feels sturdy,0.0,RXPNMJQY3ODSX4,BA614F2B42,Skybags
Material,material,The material quality is really good for this price range,0.4927,RXPNMJQY3ODSX4,BA614F2B42,Skybags
Durability,quality,The material quality is really good for this price range,0.4927,RXPNMJQY3ODSX4,BA614F2B42,Skybags
Durability,quality,Great quality for the price,0.6249,RLJX8XGSIC43OL,BA614F2B42,Skybags
Material,build,Sturdy build,0.0,RLJX8XGSIC43OL,BA614F2B42,Skybags
Durability,sturdy,Sturdy build,0.0,RLJX8XGSIC43OL,BA614F2B42,Skybags
Material,build,The build quality works smoothly,0.0,RLJX8XGSIC43OL,BA614F2B42,Skybags
Durability,build quality,The build quality works smoothly,0.0,RLJX8XGSIC43OL,BA614F2B42,Skybags
Size & Capacity,spacious,Spacious and color options,0.0,R0U93MZYWR7MKG,BA614F2B42,Skybags
Durability,sturdy,Looks premium and feels sturdy,0.0,R0U93MZYWR7MKG,BA614F2B42,Skybags
Durability,quality,The lock quality is really good for this price range,0.4927,R0U93MZYWR7MKG,BA614F2B42,Skybags
Lock,lock,The lock quality is really good for this price range,0.4927,R0U93MZYWR7MKG,BA614F2B42,Skybags
Size & Capacity,spacious,"Color options, spacious, and excellent lock",0.5719,RXII5P5NVQEBWU,BA614F2B42,Skybags
Lock,lock,"Color options, spacious, and excellent lock",0.5719,RXII5P5NVQEBWU,BA614F2B42,Skybags
Size & Capacity,spacious,Spacious,0.0,RO5F9M969F5GCL,BA614F2B42,Skybags
Size & Capacity,spacious,Compact yet spacious,0.0,RO5F9M969F5GCL,BA614F2B42,Skybags
Handle,handle,The handle deserves special mention,0.4019,RO5F9M969F5GCL,BA614F2B42,Skybags
Durability,quality,Excellent quality,0.5719,REPPPRAT0861TA,BA614F2B42,Skybags
Size & Capacity,fits,Fits all airline requirements,0.0,REPPPRAT0861TA,BA614F2B42,Skybags
Zipper,zipper,zipper is of great quality,0.6249,REPPPRAT0861TA,BA614F2B42,Skybags
Durability,quality,zipper is of great quality,0.6249,REPPPRAT0861TA,BA614F2B42,Skybags
Durability,sturdy,Looks premium and feels sturdy,0.0,RSLCB8QSSPYE9R,BA614F2B42,Skybags
Size & Capacity,compartments,The compartments quality is really good for this price range,0.4927,RSLCB8QSSPYE9R,BA614F2B42,Skybags
Durability,quality,The compartments quality is really good for this price range,0.4927,RSLCB8QSSPYE9R,BA614F2B42,Skybags
Material,material,"Color options, stylish design, and excellent material",0.5719,RASEZ2NX1WVBD4,BA614F2B42,Skybags
Durability,quality,Excellent quality,0.5719,RXJVE3DZEEDHHJ,BCFDA48FA6,Skybags
Material,build,Spacious and sturdy build,0.0,RXJVE3DZEEDHHJ,BCFDA48FA6,Skybags
Size & Capacity,spacious,Spacious and sturdy build,0.0,RXJVE3DZEEDHHJ,BCFDA48FA6,Skybags
Durability,sturdy,Spacious and sturdy build,0.0,RXJVE3DZEEDHHJ,BCFDA48FA6,Skybags
Durability,sturdy,Looks premium and feels sturdy,0.0,RXJVE3DZEEDHHJ,BCFDA48FA6,Skybags
Wheels,wheels,The wheels quality is really good for this price range,0.4927,RXJVE3DZEEDHHJ,BCFDA48FA6,Skybags
Durability,quality,The wheels quality is really good for this price range,0.4927,RXJVE3DZEEDHHJ,BCFDA48FA6,Skybags
Size & Capacity,spacious,Color options and spacious,0.0,RLAY64YFDS0DJI,BCFDA48FA6,Skybags
Material,build,Really impressed with the build quality,0.5256,RLAY64YFDS0DJI,BCFDA48FA6,Skybags
Durability,build quality,Really impressed with the build quality,0.5256,RLAY64YFDS0DJI,BCFDA48FA6,Skybags
Size & Capacity,spacious,Compact yet spacious,0.0,R2L0D1B4XGMPW5,BCFDA48FA6,Skybags
Zipper,zipper,The zipper deserves special mention,0.4019,R2L0D1B4XGMPW5,BCFDA48FA6,Skybags
Material,build,Spacious and sturdy build,0.0,R2X2EZC7FOV2YG,BCFDA48FA6,Skybags
Size & Capacity,spacious,Spacious and sturdy build,0.0,R2X2EZC7FOV2YG,BCFDA48FA6,Skybags
Durability,sturdy,Spacious and sturdy build,0.0,R2X2EZC7FOV2YG,BCFDA48FA6,Skybags
Durability,sturdy,Looks premium and feels sturdy,0.0,R2X2EZC7FOV2YG,BCFDA48FA6,Skybags
Material,build,The build quality quality is really good for this price range,0.4927,R2X2EZC7FOV2YG,BCFDA48FA6,Skybags
Durability,build quality,The build quality quality is really good for this price range,0.4927,R2X2EZC7FOV2YG,BCFDA48FA6,Skybags
Size & Capacity,spacious,Spacious,0.0,RPCXA5S00I85SY,BCFDA48FA6,Skybags
Zipper,zipper,The zipper is even better than my previous bag,0.4404,RPCXA5S00I85SY,BCFDA48FA6,Skybags
Weight,weight,Stylish design and the weight is top notch,0.2023,R7SQRF1LLKSTN3,BCFDA48FA6,Skybags
Durability,quality,Great quality for the price,0.6249,RERXDOUADVWKSH,BCFDA48FA6,Skybags
Size & Capacity,spacious,Spacious,0.0,RERXDOUADVWKSH,BCFDA48FA6,Skybags
Material,build,The build quality works smoothly,0.0,RERXDOUADVWKSH,BCFDA48FA6,Skybags
Durability,build quality,The build quality works smoothly,0.0,RERXDOUADVWKSH,BCFDA48FA6,Skybags
Durability,quality,"However, price for quality",0.0,RM38KSZBFFZZDV,B656A00C3F,Skybags
Material,build,The build quality could be better,0.4404,RM38KSZBFFZZDV,B656A00C3F,Skybags
Durability,build quality,The build quality could be better,0.4404,RM38KSZBFFZZDV,B656A00C3F,Skybags
Material,material,The material is even better than my previous bag,0.4404,RDO74V1QX8ERTB,B656A00C3F,Skybags
Durability,quality,Average quality,0.0,RXVL5PVYIOMK2E,B656A00C3F,Skybags
Weight,heavy,"Color options which is nice, but slightly heavy",0.2263,RXVL5PVYIOMK2E,B656A00C3F,Skybags
Material,build,Sturdy build,0.0,R7WHWKMY9X8SYL,B656A00C3F,Skybags
Durability,sturdy,Sturdy build,0.0,R7WHWKMY9X8SYL,B656A00C3F,Skybags
Size & Capacity,spacious,Compact yet spacious,0.0,R7WHWKMY9X8SYL,B656A00C3F,Skybags
Lock,lock,The lock deserves special mention,0.4019,R7WHWKMY9X8SYL,B656A00C3F,Skybags
Size & Capacity,spacious,Spacious is great but slightly heavy is disappointing,-0.3301,RDNBCJ29YFC2HT,B656A00C3F,Skybags
Weight,heavy,Spacious is great but slightly heavy is disappointing,-0.3301,RDNBCJ29YFC2HT,B656A00C3F,Skybags
Zipper,zipper,But I noticed zipper stiffness after a few uses,0.0,R7N89LTAJW2536,B656A00C3F,Skybags
Material,material,The material started fine but degraded,-0.5106,R7N89LTAJW2536,B656A00C3F,Skybags
Material,build,Sturdy build,0.0,R9C80EBKJF4AQ7,B656A00C3F,Skybags
Durability,sturdy,Sturdy build,0.0,R9C80EBKJF4AQ7,B656A00C3F,Skybags
Handle,handle,handle wobble though,0.0,R9C80EBKJF4AQ7,B656A00C3F,Skybags
Material,material,The material is mediocre,0.0,R9C80EBKJF4AQ7,B656A00C3F,Skybags
Material,build,Sturdy build,0.0,RTCZS8S2FTOM5X,B656A00C3F,Skybags
Durability,sturdy,Sturdy build,0.0,RTCZS8S2FTOM5X,B656A00C3F,Skybags
Size & Capacity,pockets,The interiors are well-organized with multiple pockets,0.0,RTCZS8S2FTOM5X,B656A00C3F,Skybags
Wheels,wheels,wheels quality is commendable,0.0,RTCZS8S2FTOM5X,B656A00C3F,Skybags
Durability,quality,wheels quality is commendable,0.0,RTCZS8S2FTOM5X,B656A00C3F,Skybags
Durability,quality,Great quality for the price,0.6249,R6WW8YL68NTK63,B656A00C3F,Skybags
Material,build,Sturdy build,0.0,R6WW8YL68NTK63,B656A00C3F,Skybags
Durability,sturdy,Sturdy build,0.0,R6WW8YL68NTK63,B656A00C3F,Skybags
Wheels,wheels,The wheels works smoothly,0.0,R6WW8YL68NTK63,B656A00C3F,Skybags
Durability,quality,Mediocre quality,0.0,RS8G8TACY15PDT,B656A00C3F,Skybags
Material,build,Sturdy build but price for quality,0.0,RS8G8TACY15PDT,B656A00C3F,Skybags
Durability,sturdy,Sturdy build but price for quality,0.0,RS8G8TACY15PDT,B656A00C3F,Skybags
Material,build,"The build quality is okay, nothing extraordinary",0.2263,RS8G8TACY15PDT,B656A00C3F,Skybags
Durability,build quality,"The build quality is okay, nothing extraordinary",0.2263,RS8G8TACY15PDT,B656A00C3F,Skybags
Durability,quality,Mediocre quality,0.0,RBCGJC36OQOLOE,B656A00C3F,Skybags
Durability,quality,Average quality,0.0,RBCGJC36OQOLOE,B656A00C3F,Skybags
Handle,handle,"Stylish design which is nice, but handle wobble",0.2263,RBCGJC36OQOLOE,B656A00C3F,Skybags
Wheels,wheels,"Stylish design, sturdy build, and excellent wheels",0.5719,RD2KD1POXRTEO2,B656A00C3F,Skybags
Material,build,"Stylish design, sturdy build, and excellent wheels",0.5719,RD2KD1POXRTEO2,B656A00C3F,Skybags
Durability,sturdy,"Stylish design, sturdy build, and excellent wheels",0.5719,RD2KD1POXRTEO2,B656A00C3F,Skybags
Size & Capacity,compartments,The compartments is really impressive,0.5563,RAVT8K06MOXSFH,B656A00C3F,Skybags
Size & Capacity,spacious,Spacious,0.0,RCYJHU8MYIKCGR,B656A00C3F,Skybags
Size & Capacity,spacious,Compact yet spacious,0.0,RCYJHU8MYIKCGR,B656A00C3F,Skybags
Wheels,wheels,The wheels deserves special mention,0.4019,RCYJHU8MYIKCGR,B656A00C3F,Skybags
Material,material,"Spacious, color options, and excellent material",0.5719,RE05QMKTGV44FT,B04E7EBCC4,Skybags
Size & Capacity,spacious,"Spacious, color options, and excellent material",0.5719,RE05QMKTGV44FT,B04E7EBCC4,Skybags
Size & Capacity,spacious,Stylish design and spacious,0.0,RBUOV6TT9Q1NI1,B04E7EBCC4,Skybags
Handle,handle,Really impressed with the handle,0.5256,RBUOV6TT9Q1NI1,B04E7EBCC4,Skybags
Wheels,wheels,The wheels makes it very convenient to use,0.0,RFSQG8X80RMHRC,B04E7EBCC4,Skybags
Size & Capacity,spacious,Spacious and color options,0.0,RBXD8WJ0UUNNV6,B04E7EBCC4,Skybags
Durability,quality,Skybags quality is reliable,0.0,RBXD8WJ0UUNNV6,B04E7EBCC4,Skybags
Material,build,Sturdy build,0.0,R5A5PISKFFV3XO,B04E7EBCC4,Skybags
Durability,sturdy,Sturdy build,0.0,R5A5PISKFFV3XO,B04E7EBCC4,Skybags
Size & Capacity,spacious,Compact yet spacious,0.0,R5A5PISKFFV3XO,B04E7EBCC4,Skybags
Size & Capacity,compartments,The compartments deserves special mention,0.4019,R5A5PISKFFV3XO,B04E7EBCC4,Skybags
Material,build,The build quality is even better than my previous bag,0.4404,RXOIEVES6FF7SO,B04E7EBCC4,Skybags
Durability,build quality,The build quality is even better than my previous bag,0.4404,RXOIEVES6FF7SO,B04E7EBCC4,Skybags
Material,build,"The build quality is good, Spacious",0.4404,R5G3V23GXJ0MQV,B04E7EBCC4,Skybags
Size & Capacity,spacious,"The build quality is good, Spacious",0.4404,R5G3V23GXJ0MQV,B04E7EBCC4,Skybags
Durability,build quality,"The build quality is good, Spacious",0.4404,R5G3V23GXJ0MQV,B04E7EBCC4,Skybags
Size & Capacity,packing,Packing was easy due to the spacious compartments,0.4404,R5G3V23GXJ0MQV,B04E7EBCC4,Skybags
Handle,handle,The handle is excellent,0.5719,R5G3V23GXJ0MQV,B04E7EBCC4,Skybags
Material,build,"The build quality is good, Spacious",0.4404,RDRWB2SEREV361,B04E7EBCC4,Skybags
Size & Capacity,spacious,"The build quality is good, Spacious",0.4404,RDRWB2SEREV361,B04E7EBCC4,Skybags
Durability,build quality,"The build quality is good, Spacious",0.4404,RDRWB2SEREV361,B04E7EBCC4,Skybags
Size & Capacity,packing,Packing was easy due to the spacious compartments,0.4404,RDRWB2SEREV361,B04E7EBCC4,Skybags
Wheels,wheels,The wheels is excellent,0.5719,RDRWB2SEREV361,B04E7EBCC4,Skybags
Material,build,"The build quality is good, Spacious",0.4404,RV01ZDERI4K5OG,B04E7EBCC4,Skybags
Size & Capacity,spacious,"The build quality is good, Spacious",0.4404,RV01ZDERI4K5OG,B04E7EBCC4,Skybags
Durability,build quality,"The build quality is good, Spacious",0.4404,RV01ZDERI4K5OG,B04E7EBCC4,Skybags
Size & Capacity,packing,Packing was easy due to the spacious compartments,0.4404,RV01ZDERI4K5OG,B04E7EBCC4,Skybags
Weight,weight,The weight is excellent,0.5719,RV01ZDERI4K5OG,B04E7EBCC4,Skybags
Handle,handle,The material feels durable and the handle is very smooth,0.0,RH2ODPVJTUW9OH,B04E7EBCC4,Skybags
Material,material,The material feels durable and the handle is very smooth,0.0,RH2ODPVJTUW9OH,B04E7EBCC4,Skybags
Durability,durable,The material feels durable and the handle is very smooth,0.0,RH2ODPVJTUW9OH,B04E7EBCC4,Skybags
Material,build,Sturdy build and spacious,0.0,R04X0QZFHOMTZZ,B04E7EBCC4,Skybags
Size & Capacity,spacious,Sturdy build and spacious,0.0,R04X0QZFHOMTZZ,B04E7EBCC4,Skybags
Durability,sturdy,Sturdy build and spacious,0.0,R04X0QZFHOMTZZ,B04E7EBCC4,Skybags
Durability,sturdy,Looks premium and feels sturdy,0.0,R04X0QZFHOMTZZ,B04E7EBCC4,Skybags
Durability,quality,The lock quality is really good for this price range,0.4927,R04X0QZFHOMTZZ,B04E7EBCC4,Skybags
Lock,lock,The lock quality is really good for this price range,0.4927,R04X0QZFHOMTZZ,B04E7EBCC4,Skybags
Material,build,"The build quality is good, Sturdy build",0.4404,RBN9WSZV83XPHX,B9115C8EF5,Skybags
Durability,build quality,"The build quality is good, Sturdy build",0.4404,RBN9WSZV83XPHX,B9115C8EF5,Skybags
Size & Capacity,packing,Packing was easy due to the spacious compartments,0.4404,RBN9WSZV83XPHX,B9115C8EF5,Skybags
Lock,lock,The lock is excellent,0.5719,RBN9WSZV83XPHX,B9115C8EF5,Skybags
Size & Capacity,fits,Fits all airline requirements,0.0,RMX9DJOYOHAZ7T,B9115C8EF5,Skybags
Material,material,material is of great quality,0.6249,RMX9DJOYOHAZ7T,B9115C8EF5,Skybags
Durability,quality,material is of great quality,0.6249,RMX9DJOYOHAZ7T,B9115C8EF5,Skybags
Material,build,"The build quality is good, Color options",0.4404,RUJODCK82853UY,B9115C8EF5,Skybags
Durability,build quality,"The build quality is good, Color options",0.4404,RUJODCK82853UY,B9115C8EF5,Skybags
Size & Capacity,packing,Packing was easy due to the spacious compartments,0.4404,RUJODCK82853UY,B9115C8EF5,Skybags
Lock,lock,The lock is excellent,0.5719,RUJODCK82853UY,B9115C8EF5,Skybags
Size & Capacity,spacious,Spacious and easy to maneuver,0.4404,RRJN2HZ2OMTZJK,B9115C8EF5,Skybags
Material,build,The build quality makes it very convenient to use,0.0,RRJN2HZ2OMTZJK,B9115C8EF5,Skybags
Durability,build quality,The build quality makes it very convenient to use,0.0,RRJN2HZ2OMTZJK,B9115C8EF5,Skybags
Durability,quality,Mediocre quality,0.0,RHUG07G0IIJI44,B9115C8EF5,Skybags
Durability,quality,Average quality,0.0,RHUG07G0IIJI44,B9115C8EF5,Skybags
Zipper,zipper,"Spacious which is nice, but zipper stiffness",0.2263,RHUG07G0IIJI44,B9115C8EF5,Skybags
Size & Capacity,spacious,"Spacious which is nice, but zipper stiffness",0.2263,RHUG07G0IIJI44,B9115C8EF5,Skybags
Size & Capacity,fits,Fits all airline requirements,0.0,R4NL65UJG1SO1E,B9115C8EF5,Skybags
Material,build,build quality is of great quality,0.6249,R4NL65UJG1SO1E,B9115C8EF5,Skybags
Durability,build quality,build quality is of great quality,0.6249,R4NL65UJG1SO1E,B9115C8EF5,Skybags
Durability,quality,Great quality for the price,0.6249,RAYNDN5GJJ8MGP,BC37D84A76,Skybags
Size & Capacity,spacious,Spacious,0.0,RAYNDN5GJJ8MGP,BC37D84A76,Skybags
Material,build,The build quality works smoothly,0.0,RAYNDN5GJJ8MGP,BC37D84A76,Skybags
Durability,build quality,The build quality works smoothly,0.0,RAYNDN5GJJ8MGP,BC37D84A76,Skybags
Size & Capacity,fits,Fits all airline requirements,0.0,RIDJIPNF8F3GR9,BC37D84A76,Skybags
Zipper,zipper,zipper is of great quality,0.6249,RIDJIPNF8F3GR9,BC37D84A76,Skybags
Durability,quality,zipper is of great quality,0.6249,RIDJIPNF8F3GR9,BC37D84A76,Skybags
Material,build,Sturdy build and spacious,0.0,RBDFHJ4D0JMU3M,BC37D84A76,Skybags
Size & Capacity,spacious,Sturdy build and spacious,0.0,RBDFHJ4D0JMU3M,BC37D84A76,Skybags
Durability,sturdy,Sturdy build and spacious,0.0,RBDFHJ4D0JMU3M,BC37D84A76,Skybags
Durability,sturdy,Looks premium and feels sturdy,0.0,RBDFHJ4D0JMU3M,BC37D84A76,Skybags
Material,build,The build quality quality is really good for this price range,0.4927,RBDFHJ4D0JMU3M,BC37D84A76,Skybags
Durability,build quality,The build quality quality is really good for this price range,0.4927,RBDFHJ4D0JMU3M,BC37D84A76,Skybags
Material,build,Sturdy build,0.0,RYR06NKWFG3MWU,BC37D84A76,Skybags
Durability,sturdy,Sturdy build,0.0,RYR06NKWFG3MWU,BC37D84A76,Skybags
Size & Capacity,pockets,The interiors are well-organized with multiple pockets,0.0,RYR06NKWFG3MWU,BC37D84A76,Skybags
Zipper,zipper,zipper quality is commendable,0.0,RYR06NKWFG3MWU,BC37D84A76,Skybags
Durability,quality,zipper quality is commendable,0.0,RYR06NKWFG3MWU,BC37D84A76,Skybags
Material,build,Sturdy build,0.0,RVO5270SQG4EIJ,BC37D84A76,Skybags
Durability,sturdy,Sturdy build,0.0,RVO5270SQG4EIJ,BC37D84A76,Skybags
Size & Capacity,compartments,The compartments impressed me the most,0.4767,RVO5270SQG4EIJ,BC37D84A76,Skybags
Material,material,The material feels durable and the build quality is very smooth,0.0,RS9DWD7OI0PESG,BC37D84A76,Skybags
Durability,durable,The material feels durable and the build quality is very smooth,0.0,RS9DWD7OI0PESG,BC37D84A76,Skybags
Size & Capacity,spacious,Spacious,0.0,R7TE8TVQ05PXT6,BC37D84A76,Skybags
Size & Capacity,spacious,Compact yet spacious,0.0,R7TE8TVQ05PXT6,BC37D84A76,Skybags
Size & Capacity,compartments,The compartments deserves special mention,0.4019,R7TE8TVQ05PXT6,BC37D84A76,Skybags
Material,build,Sturdy build and the lock is top notch,0.2023,RS1EKTYR1K12V2,BC37D84A76,Skybags
Durability,sturdy,Sturdy build and the lock is top notch,0.2023,RS1EKTYR1K12V2,BC37D84A76,Skybags
Lock,lock,Sturdy build and the lock is top notch,0.2023,RS1EKTYR1K12V2,BC37D84A76,Skybags
Durability,quality,Skybags quality is reliable,0.0,R0ONJPI163YK03,BC37D84A76,Skybags
Size & Capacity,fits,Fits all airline requirements,0.0,RWGABTGDJZ0IFR,BC37D84A76,Skybags
Size & Capacity,spacious,Spacious,0.0,RWGABTGDJZ0IFR,BC37D84A76,Skybags
Material,build,build quality is of great quality,0.6249,RWGABTGDJZ0IFR,BC37D84A76,Skybags
Durability,build quality,build quality is of great quality,0.6249,RWGABTGDJZ0IFR,BC37D84A76,Skybags
Size & Capacity,spacious,Spacious,0.0,RL48C1CQG433E1,BC37D84A76,Skybags
Material,build,The build quality impressed me the most,0.4767,RL48C1CQG433E1,BC37D84A76,Skybags
Durability,build quality,The build quality impressed me the most,0.4767,RL48C1CQG433E1,BC37D84A76,Skybags
Material,material,The material is even better than my previous bag,0.4404,R9RYLLWB7SJWH5,BC37D84A76,Skybags
Weight,weight,The weight impressed me the most,0.4767,RVOI8UYYF1IRYM,BC37D84A76,Skybags
Handle,handle,Spacious and the handle is top notch,0.2023,R9212PGYME6RPK,BC37D84A76,Skybags
Size & Capacity,spacious,Spacious and the handle is top notch,0.2023,R9212PGYME6RPK,BC37D84A76,Skybags
Size & Capacity,spacious,Spacious,0.0,R6TCFKJNAWNGA4,BC37D84A76,Skybags
Size & Capacity,compartments,The compartments impressed me the most,0.4767,R6TCFKJNAWNGA4,BC37D84A76,Skybags
Durability,quality,Great quality for the price,0.6249,RC4E5HRDU4XSZJ,BD33B5463E,Skybags
Size & Capacity,compartments,The compartments works smoothly,0.0,RC4E5HRDU4XSZJ,BD33B5463E,Skybags
Size & Capacity,spacious,Color options and spacious,0.0,R73QXM0632CWT0,BD33B5463E,Skybags
Wheels,wheels,Really impressed with the wheels,0.5256,R73QXM0632CWT0,BD33B5463E,Skybags
Size & Capacity,spacious,Spacious,0.0,RSIWG0ODWMQX5G,BD33B5463E,Skybags
Material,material,The material feels durable and the material is very smooth,0.0,RSIWG0ODWMQX5G,BD33B5463E,Skybags
Durability,durable,The material feels durable and the material is very smooth,0.0,RSIWG0ODWMQX5G,BD33B5463E,Skybags
Size & Capacity,spacious,Spacious,0.0,RT94OW3LITNT0M,BD33B5463E,Skybags
Material,material,The material feels durable and the zipper is very smooth,0.0,RT94OW3LITNT0M,BD33B5463E,Skybags
Zipper,zipper,The material feels durable and the zipper is very smooth,0.0,RT94OW3LITNT0M,BD33B5463E,Skybags
Durability,durable,The material feels durable and the zipper is very smooth,0.0,RT94OW3LITNT0M,BD33B5463E,Skybags
Wheels,wheels,The material feels durable and the wheels is very smooth,0.0,RKH4A3YJTU7FBM,BD33B5463E,Skybags
Material,material,The material feels durable and the wheels is very smooth,0.0,RKH4A3YJTU7FBM,BD33B5463E,Skybags
Durability,durable,The material feels durable and the wheels is very smooth,0.0,RKH4A3YJTU7FBM,BD33B5463E,Skybags
Material,build,Sturdy build,0.0,RUUHCLRR6Z3DXB,BD33B5463E,Skybags
Durability,sturdy,Sturdy build,0.0,RUUHCLRR6Z3DXB,BD33B5463E,Skybags
Zipper,zipper,zipper stiffness though,0.0,RUUHCLRR6Z3DXB,BD33B5463E,Skybags
Material,material,The material is mediocre,0.0,RUUHCLRR6Z3DXB,BD33B5463E,Skybags
Durability,quality,Skybags quality is reliable,0.0,RXVA1NKBTFSHB0,BD33B5463E,Skybags
Material,build,"The build quality is good, Spacious",0.4404,RFMR0TJOPZ1RHO,BD33B5463E,Skybags
Size & Capacity,spacious,"The build quality is good, Spacious",0.4404,RFMR0TJOPZ1RHO,BD33B5463E,Skybags
Durability,build quality,"The build quality is good, Spacious",0.4404,RFMR0TJOPZ1RHO,BD33B5463E,Skybags
Size & Capacity,packing,Packing was easy due to the spacious compartments,0.4404,RFMR0TJOPZ1RHO,BD33B5463E,Skybags
Handle,handle,The handle is excellent,0.5719,RFMR0TJOPZ1RHO,BD33B5463E,Skybags
Size & Capacity,spacious,Spacious and color options,0.0,R7DYPMLVAK9W9P,BD33B5463E,Skybags
Durability,sturdy,Looks premium and feels sturdy,0.0,R7DYPMLVAK9W9P,BD33B5463E,Skybags
Handle,handle,The handle quality is really good for this price range,0.4927,R7DYPMLVAK9W9P,BD33B5463E,Skybags
Durability,quality,The handle quality is really good for this price range,0.4927,R7DYPMLVAK9W9P,BD33B5463E,Skybags
Material,build,"The build quality is good, Sturdy build",0.4404,R4EB8753AYEQAH,BD33B5463E,Skybags
Durability,build quality,"The build quality is good, Sturdy build",0.4404,R4EB8753AYEQAH,BD33B5463E,Skybags
Size & Capacity,packing,Packing was easy due to the spacious compartments,0.4404,R4EB8753AYEQAH,BD33B5463E,Skybags
Material,material,The material is excellent,0.5719,R4EB8753AYEQAH,BD33B5463E,Skybags
Material,build,"Stylish design, sturdy build, and excellent zipper",0.5719,R6SJCHZJQ8CXX6,BD33B5463E,Skybags
Zipper,zipper,"Stylish design, sturdy build, and excellent zipper",0.5719,R6SJCHZJQ8CXX6,BD33B5463E,Skybags
Durability,sturdy,"Stylish design, sturdy build, and excellent zipper",0.5719,R6SJCHZJQ8CXX6,BD33B5463E,Skybags
Material,build,"The build quality is good, Spacious",0.4404,RDL5TGSQ7AITMO,BD33B5463E,Skybags
Size & Capacity,spacious,"The build quality is good, Spacious",0.4404,RDL5TGSQ7AITMO,BD33B5463E,Skybags
Durability,build quality,"The build quality is good, Spacious",0.4404,RDL5TGSQ7AITMO,BD33B5463E,Skybags
Size & Capacity,packing,Packing was easy due to the spacious compartments,0.4404,RDL5TGSQ7AITMO,BD33B5463E,Skybags
Weight,weight,The weight is excellent,0.5719,RDL5TGSQ7AITMO,BD33B5463E,Skybags
Size & Capacity,pockets,The interiors are well-organized with multiple pockets,0.0,R563BTKF6XDN8W,BD33B5463E,Skybags
Durability,quality,lock quality is commendable,0.0,R563BTKF6XDN8W,BD33B5463E,Skybags
Lock,lock,lock quality is commendable,0.0,R563BTKF6XDN8W,BD33B5463E,Skybags
Wheels,wheels,Smooth wheels,0.0,RET25LZSE99F77,B123E4A758,American Tourister
Material,material,The material feels durable and the build quality is very smooth,0.0,RET25LZSE99F77,B123E4A758,American Tourister
Durability,durable,The material feels durable and the build quality is very smooth,0.0,RET25LZSE99F77,B123E4A758,American Tourister
Material,build,"Excellent build quality, premium finish, and excellent zipper",0.8126,R8K03W0FGEA9WV,B123E4A758,American Tourister
Zipper,zipper,"Excellent build quality, premium finish, and excellent zipper",0.8126,R8K03W0FGEA9WV,B123E4A758,American Tourister
Durability,build quality,"Excellent build quality, premium finish, and excellent zipper",0.8126,R8K03W0FGEA9WV,B123E4A758,American Tourister
Material,build,Excellent build quality,0.5719,RSVZN4REGB1AJO,B123E4A758,American Tourister
Durability,build quality,Excellent build quality,0.5719,RSVZN4REGB1AJO,B123E4A758,American Tourister
Wheels,wheels,The wheels impressed me the most,0.4767,RSVZN4REGB1AJO,B123E4A758,American Tourister
Lock,tsa,Tsa lock,0.0,RLQIOB0NLW0VS5,B123E4A758,American Tourister
Size & Capacity,spacious,Compact yet spacious,0.0,RLQIOB0NLW0VS5,B123E4A758,American Tourister
Material,build,The build quality deserves special mention,0.4019,RLQIOB0NLW0VS5,B123E4A758,American Tourister
Durability,build quality,The build quality deserves special mention,0.4019,RLQIOB0NLW0VS5,B123E4A758,American Tourister
Wheels,wheels,Smooth wheels and TSA lock,0.0,RBN18GP51KFK7Y,B123E4A758,American Tourister
Lock,tsa,Smooth wheels and TSA lock,0.0,RBN18GP51KFK7Y,B123E4A758,American Tourister
Wheels,wheels,Really impressed with the wheels,0.5256,RBN18GP51KFK7Y,B123E4A758,American Tourister
Lock,tsa,Tsa lock,0.0,ROLAQ665DLXZF0,B123E4A758,American Tourister
Size & Capacity,pockets,The interiors are well-organized with multiple pockets,0.0,ROLAQ665DLXZF0,B123E4A758,American Tourister
Zipper,zipper,zipper quality is commendable,0.0,ROLAQ665DLXZF0,B123E4A758,American Tourister
Durability,quality,zipper quality is commendable,0.0,ROLAQ665DLXZF0,B123E4A758,American Tourister
Durability,quality,Great quality for the price,0.6249,R2S8NN16UXF5GZ,B123E4A758,American Tourister
Lock,tsa,Tsa lock,0.0,R2S8NN16UXF5GZ,B123E4A758,American Tourister
Size & Capacity,compartments,The compartments works smoothly,0.0,R2S8NN16UXF5GZ,B123E4A758,American Tourister
Durability,quality,Great quality for the price,0.6249,RWJQ4TA5IVROCV,B123E4A758,American Tourister
Wheels,wheels,Smooth wheels,0.0,RWJQ4TA5IVROCV,B123E4A758,American Tourister
Zipper,zipper,The zipper works smoothly,0.0,RWJQ4TA5IVROCV,B123E4A758,American Tourister
Wheels,wheels,Smooth wheels and trusted brand,0.4767,RXB4Y4K7BPGYVY,B123E4A758,American Tourister
Material,material,The material is really impressive,0.5563,RXB4Y4K7BPGYVY,B123E4A758,American Tourister
Wheels,wheels,Excellent build quality and smooth wheels,0.5719,RL6314CQE4LOHH,B123E4A758,American Tourister
Material,build,Excellent build quality and smooth wheels,0.5719,RL6314CQE4LOHH,B123E4A758,American Tourister
Durability,build quality,Excellent build quality and smooth wheels,0.5719,RL6314CQE4LOHH,B123E4A758,American Tourister
Size & Capacity,compartments,Really impressed with the compartments,0.5256,RL6314CQE4LOHH,B123E4A758,American Tourister
Lock,tsa,Tsa lock,0.0,RVLS9MEUSWRGVZ,B123E4A758,American Tourister
Handle,handle,The handle is even better than my previous bag,0.4404,RVLS9MEUSWRGVZ,B123E4A758,American Tourister
Lock,tsa,Tsa lock,0.0,RBM3HXYJCKT1EL,B123E4A758,American Tourister
Size & Capacity,pockets,The interiors are well-organized with multiple pockets,0.0,RBM3HXYJCKT1EL,B123E4A758,American Tourister
Material,material,material quality is commendable,0.0,RBM3HXYJCKT1EL,B123E4A758,American Tourister
Durability,quality,material quality is commendable,0.0,RBM3HXYJCKT1EL,B123E4A758,American Tourister
Wheels,wheels,Smooth wheels,0.0,R47RRBEFQ56Q37,B123E4A758,American Tourister
Size & Capacity,spacious,Compact yet spacious,0.0,R47RRBEFQ56Q37,B123E4A758,American Tourister
Wheels,wheels,The wheels deserves special mention,0.4019,R47RRBEFQ56Q37,B123E4A758,American Tourister
Material,build,"The build quality is good, Tsa lock",0.4404,RCF4MNTFVGE2L4,B123E4A758,American Tourister
Durability,build quality,"The build quality is good, Tsa lock",0.4404,RCF4MNTFVGE2L4,B123E4A758,American Tourister
Lock,tsa,"The build quality is good, Tsa lock",0.4404,RCF4MNTFVGE2L4,B123E4A758,American Tourister
Size & Capacity,packing,Packing was easy due to the spacious compartments,0.4404,RCF4MNTFVGE2L4,B123E4A758,American Tourister
Wheels,wheels,The wheels is excellent,0.5719,RCF4MNTFVGE2L4,B123E4A758,American Tourister
Material,build,Excellent build quality and the lock is top notch,0.6705,R26PARSG70S1F5,B630890FAD,American Tourister
Durability,build quality,Excellent build quality and the lock is top notch,0.6705,R26PARSG70S1F5,B630890FAD,American Tourister
Lock,lock,Excellent build quality and the lock is top notch,0.6705,R26PARSG70S1F5,B630890FAD,American Tourister
Material,build,Trusted brand and excellent build quality,0.7783,R45L6D10A1WHHK,B630890FAD,American Tourister
Durability,build quality,Trusted brand and excellent build quality,0.7783,R45L6D10A1WHHK,B630890FAD,American Tourister
Handle,handle,The handle is really impressive,0.5563,R45L6D10A1WHHK,B630890FAD,American Tourister
Wheels,wheels,Smooth wheels and trusted brand,0.4767,RE8UDTTJ72UGL6,B630890FAD,American Tourister
Durability,sturdy,Looks premium and feels sturdy,0.0,RE8UDTTJ72UGL6,B630890FAD,American Tourister
Handle,handle,The handle quality is really good for this price range,0.4927,RE8UDTTJ72UGL6,B630890FAD,American Tourister
Durability,quality,The handle quality is really good for this price range,0.4927,RE8UDTTJ72UGL6,B630890FAD,American Tourister
Wheels,wheels,Excellent build quality and smooth wheels,0.5719,ROZ6WYQMLH13C7,B630890FAD,American Tourister
Material,build,Excellent build quality and smooth wheels,0.5719,ROZ6WYQMLH13C7,B630890FAD,American Tourister
Durability,build quality,Excellent build quality and smooth wheels,0.5719,ROZ6WYQMLH13C7,B630890FAD,American Tourister
Durability,quality,American Tourister quality is reliable,0.0,ROZ6WYQMLH13C7,B630890FAD,American Tourister
Durability,quality,Great quality for the price,0.6249,RX1Q8F6JNG7L4L,B630890FAD,American Tourister
Material,finish,Premium finish,0.0,RX1Q8F6JNG7L4L,B630890FAD,American Tourister
Material,build,The build quality works smoothly,0.0,RX1Q8F6JNG7L4L,B630890FAD,American Tourister
Durability,build quality,The build quality works smoothly,0.0,RX1Q8F6JNG7L4L,B630890FAD,American Tourister
Wheels,wheels,Trusted brand and smooth wheels,0.4767,RD32LX2TOOWT9N,B630890FAD,American Tourister
Durability,sturdy,Looks premium and feels sturdy,0.0,RD32LX2TOOWT9N,B630890FAD,American Tourister
Zipper,zipper,The zipper quality is really good for this price range,0.4927,RD32LX2TOOWT9N,B630890FAD,American Tourister
Durability,quality,The zipper quality is really good for this price range,0.4927,RD32LX2TOOWT9N,B630890FAD,American Tourister
Material,finish,Premium finish,0.0,RYGY0Z4EVLDQLO,B630890FAD,American Tourister
Size & Capacity,pockets,The interiors are well-organized with multiple pockets,0.0,RYGY0Z4EVLDQLO,B630890FAD,American Tourister
Durability,quality,weight quality is commendable,0.0,RYGY0Z4EVLDQLO,B630890FAD,American Tourister
Weight,weight,weight quality is commendable,0.0,RYGY0Z4EVLDQLO,B630890FAD,American Tourister
Material,build,Excellent build quality and easy to maneuver,0.765,R356WAFFTOUHYL,B630890FAD,American Tourister
Durability,build quality,Excellent build quality and easy to maneuver,0.765,R356WAFFTOUHYL,B630890FAD,American Tourister
Material,build,The build quality makes it very convenient to use,0.0,R356WAFFTOUHYL,B630890FAD,American Tourister
Durability,build quality,The build quality makes it very convenient to use,0.0,R356WAFFTOUHYL,B630890FAD,American Tourister
Material,build,"Trusted brand, excellent build quality, and excellent weight",0.8885,RA9OEKNTBZ3M55,B630890FAD,American Tourister
Durability,build quality,"Trusted brand, excellent build quality, and excellent weight",0.8885,RA9OEKNTBZ3M55,B630890FAD,American Tourister
Weight,weight,"Trusted brand, excellent build quality, and excellent weight",0.8885,RA9OEKNTBZ3M55,B630890FAD,American Tourister
Size & Capacity,spacious,Compact yet spacious,0.0,RK5EAXF5X9EE34,BE8E47B1D7,American Tourister
Weight,weight,The weight deserves special mention,0.4019,RK5EAXF5X9EE34,BE8E47B1D7,American Tourister
Lock,tsa,Tsa lock,0.0,R3NIPAR0ZJ7UBB,BE8E47B1D7,American Tourister
Zipper,zipper,The zipper is even better than my previous bag,0.4404,R3NIPAR0ZJ7UBB,BE8E47B1D7,American Tourister
Zipper,zipper,"Tsa lock, trusted brand, and excellent zipper",0.7783,RSSVIWXYYTUW6T,BE8E47B1D7,American Tourister
Lock,tsa,"Tsa lock, trusted brand, and excellent zipper",0.7783,RSSVIWXYYTUW6T,BE8E47B1D7,American Tourister
Size & Capacity,fits,Fits all airline requirements,0.0,R82KB700UCRGB9,BE8E47B1D7,American Tourister
Material,build,build quality is of great quality,0.6249,R82KB700UCRGB9,BE8E47B1D7,American Tourister
Durability,build quality,build quality is of great quality,0.6249,R82KB700UCRGB9,BE8E47B1D7,American Tourister
Wheels,wheels,Smooth wheels and premium finish,0.0,R4AEGVFQ3JZR25,BE8E47B1D7,American Tourister
Material,finish,Smooth wheels and premium finish,0.0,R4AEGVFQ3JZR25,BE8E47B1D7,American Tourister
Durability,sturdy,Looks premium and feels sturdy,0.0,R4AEGVFQ3JZR25,BE8E47B1D7,American Tourister
Durability,quality,The lock quality is really good for this price range,0.4927,R4AEGVFQ3JZR25,BE8E47B1D7,American Tourister
Lock,lock,The lock quality is really good for this price range,0.4927,R4AEGVFQ3JZR25,BE8E47B1D7,American Tourister
Material,finish,Premium finish,0.0,RIPWH0MX1EGOK0,BE8E47B1D7,American Tourister
Size & Capacity,spacious,Compact yet spacious,0.0,RIPWH0MX1EGOK0,BE8E47B1D7,American Tourister
Zipper,zipper,The zipper deserves special mention,0.4019,RIPWH0MX1EGOK0,BE8E47B1D7,American Tourister
Lock,tsa,Trusted brand and TSA lock,0.4767,RY8YB7W8P74MJD,BE8E47B1D7,American Tourister
Weight,weight,The weight is really impressive,0.5563,RY8YB7W8P74MJD,BE8E47B1D7,American Tourister
Wheels,wheels,"Tsa lock, smooth wheels, and excellent material",0.5719,RMYGTY3ADDQHKG,BE8E47B1D7,American Tourister
Material,material,"Tsa lock, smooth wheels, and excellent material",0.5719,RMYGTY3ADDQHKG,BE8E47B1D7,American Tourister
Lock,tsa,"Tsa lock, smooth wheels, and excellent material",0.5719,RMYGTY3ADDQHKG,BE8E47B1D7,American Tourister
Material,build,Excellent build quality and trusted brand,0.7783,RKXCQ91YY1J2JC,B751A278E1,American Tourister
Durability,build quality,Excellent build quality and trusted brand,0.7783,RKXCQ91YY1J2JC,B751A278E1,American Tourister
Zipper,zipper,Really impressed with the zipper,0.5256,RKXCQ91YY1J2JC,B751A278E1,American Tourister
Material,finish,Premium finish and the lock is top notch,0.2023,R9HOXDTPWDPJBC,B751A278E1,American Tourister
Lock,lock,Premium finish and the lock is top notch,0.2023,R9HOXDTPWDPJBC,B751A278E1,American Tourister
Material,build,Excellent build quality and TSA lock,0.5719,RFLOAZ1RO03CIN,B751A278E1,American Tourister
Durability,build quality,Excellent build quality and TSA lock,0.5719,RFLOAZ1RO03CIN,B751A278E1,American Tourister
Lock,tsa,Excellent build quality and TSA lock,0.5719,RFLOAZ1RO03CIN,B751A278E1,American Tourister
Wheels,wheels,Really impressed with the wheels,0.5256,RFLOAZ1RO03CIN,B751A278E1,American Tourister
Size & Capacity,compartments,The compartments impressed me the most,0.4767,RW8DT8CQ1XGBNG,B751A278E1,American Tourister
Wheels,wheels,"Smooth wheels, trusted brand, and excellent build quality",0.7783,RGZVRCTLT4Q9BC,B751A278E1,American Tourister
Material,build,"Smooth wheels, trusted brand, and excellent build quality",0.7783,RGZVRCTLT4Q9BC,B751A278E1,American Tourister
Durability,build quality,"Smooth wheels, trusted brand, and excellent build quality",0.7783,RGZVRCTLT4Q9BC,B751A278E1,American Tourister
Lock,tsa,Tsa lock and easy to maneuver,0.4404,RU7BFXQ7BZEGBL,B751A278E1,American Tourister
Material,build,The build quality makes it very convenient to use,0.0,RU7BFXQ7BZEGBL,B751A278E1,American Tourister
Durability,build quality,The build quality makes it very convenient to use,0.0,RU7BFXQ7BZEGBL,B751A278E1,American Tourister
Lock,tsa,Trusted brand and TSA lock,0.4767,REYTL8HBGCJ1GN,B548BF203F,American Tourister
Durability,quality,American Tourister quality is reliable,0.0,REYTL8HBGCJ1GN,B548BF203F,American Tourister
Wheels,wheels,Excellent build quality and the wheels is top notch,0.6705,RARAGDX5O31YHX,B548BF203F,American Tourister
Material,build,Excellent build quality and the wheels is top notch,0.6705,RARAGDX5O31YHX,B548BF203F,American Tourister
Durability,build quality,Excellent build quality and the wheels is top notch,0.6705,RARAGDX5O31YHX,B548BF203F,American Tourister
Material,finish,"Premium finish, excellent build quality, and excellent zipper",0.8126,R3KPUG99W59SQW,B548BF203F,American Tourister
Zipper,zipper,"Premium finish, excellent build quality, and excellent zipper",0.8126,R3KPUG99W59SQW,B548BF203F,American Tourister
Durability,build quality,"Premium finish, excellent build quality, and excellent zipper",0.8126,R3KPUG99W59SQW,B548BF203F,American Tourister
Material,finish,Premium finish and easy to maneuver,0.4404,RF7BNHJW6QDBTF,B548BF203F,American Tourister
Zipper,zipper,The zipper makes it very convenient to use,0.0,RF7BNHJW6QDBTF,B548BF203F,American Tourister
Wheels,wheels,Smooth wheels and premium finish,0.0,R2LD05NHQR6F7Q,B548BF203F,American Tourister
Material,finish,Smooth wheels and premium finish,0.0,R2LD05NHQR6F7Q,B548BF203F,American Tourister
Durability,quality,American Tourister quality is reliable,0.0,R2LD05NHQR6F7Q,B548BF203F,American Tourister
Material,material,The material makes it very convenient to use,0.0,RMBUKDQP1HKF28,B548BF203F,American Tourister
Wheels,wheels,Smooth wheels,0.0,RK00ILU6VFUA9B,B548BF203F,American Tourister
Size & Capacity,spacious,Compact yet spacious,0.0,RK00ILU6VFUA9B,B548BF203F,American Tourister
Material,build,The build quality deserves special mention,0.4019,RK00ILU6VFUA9B,B548BF203F,American Tourister
Durability,build quality,The build quality deserves special mention,0.4019,RK00ILU6VFUA9B,B548BF203F,American Tourister
Material,finish,Premium finish,0.0,R3QIUA08EKXDRK,B548BF203F,American Tourister
Material,material,The material feels durable and the weight is very smooth,0.0,R3QIUA08EKXDRK,B548BF203F,American Tourister
Durability,durable,The material feels durable and the weight is very smooth,0.0,R3QIUA08EKXDRK,B548BF203F,American Tourister
Weight,weight,The material feels durable and the weight is very smooth,0.0,R3QIUA08EKXDRK,B548BF203F,American Tourister
Durability,quality,Mediocre quality,0.0,RWZAWNYTK1ZWUH,B548BF203F,American Tourister
Durability,quality,Average quality,0.0,RWZAWNYTK1ZWUH,B548BF203F,American Tourister
Material,finish,"Premium finish which is nice, but heavy weight",0.2263,RWZAWNYTK1ZWUH,B548BF203F,American Tourister
Weight,heavy,"Premium finish which is nice, but heavy weight",0.2263,RWZAWNYTK1ZWUH,B548BF203F,American Tourister
Durability,quality,Excellent quality,0.5719,RNQBNXZU1EMTX0,B548BF203F,American Tourister
Wheels,wheels,The material feels durable and the wheels is very smooth,0.0,RNQBNXZU1EMTX0,B548BF203F,American Tourister
Material,material,The material feels durable and the wheels is very smooth,0.0,RNQBNXZU1EMTX0,B548BF203F,American Tourister
Durability,durable,The material feels durable and the wheels is very smooth,0.0,RNQBNXZU1EMTX0,B548BF203F,American Tourister
Size & Capacity,compartments,The compartments impressed me the most,0.4767,RBNQS3QT36QNYY,B548BF203F,American Tourister
Material,finish,Premium finish,0.0,R8CFEFFH8AOY7R,B548BF203F,American Tourister
Weight,heavy,"However, heavy weight",0.0,R8CFEFFH8AOY7R,B548BF203F,American Tourister
Handle,handle,The handle could be better,0.4404,R8CFEFFH8AOY7R,B548BF203F,American Tourister
Size & Capacity,compartments,The compartments makes it very convenient to use,0.0,RXTTQU6L2INK4F,BD6581E74E,American Tourister
Zipper,zipper,"Tsa lock, trusted brand, and excellent zipper",0.7783,R94YXFIBLEJGUB,BD6581E74E,American Tourister
Lock,tsa,"Tsa lock, trusted brand, and excellent zipper",0.7783,R94YXFIBLEJGUB,BD6581E74E,American Tourister
Durability,quality,Great quality for the price,0.6249,R187F8TSXK6819,BD6581E74E,American Tourister
Material,build,Excellent build quality,0.5719,R187F8TSXK6819,BD6581E74E,American Tourister
Durability,build quality,Excellent build quality,0.5719,R187F8TSXK6819,BD6581E74E,American Tourister
Lock,lock,The lock works smoothly,0.0,R187F8TSXK6819,BD6581E74E,American Tourister
Material,build,Excellent build quality,0.5719,RFTLO4QDBXVH7K,BD6581E74E,American Tourister
Durability,build quality,Excellent build quality,0.5719,RFTLO4QDBXVH7K,BD6581E74E,American Tourister
Material,build,The build quality impressed me the most,0.4767,RFTLO4QDBXVH7K,BD6581E74E,American Tourister
Durability,build quality,The build quality impressed me the most,0.4767,RFTLO4QDBXVH7K,BD6581E74E,American Tourister
Material,build,"The build quality is good, Premium finish",0.4404,RV76MF4NNKM95D,BD6581E74E,American Tourister
Durability,build quality,"The build quality is good, Premium finish",0.4404,RV76MF4NNKM95D,BD6581E74E,American Tourister
Size & Capacity,packing,Packing was easy due to the spacious compartments,0.4404,RV76MF4NNKM95D,BD6581E74E,American Tourister
Weight,weight,The weight is excellent,0.5719,RV76MF4NNKM95D,BD6581E74E,American Tourister
Wheels,wheels,Smooth wheels and TSA lock,0.0,R6FVDHR59C81DO,BD6581E74E,American Tourister
Lock,tsa,Smooth wheels and TSA lock,0.0,R6FVDHR59C81DO,BD6581E74E,American Tourister
Durability,sturdy,Looks premium and feels sturdy,0.0,R6FVDHR59C81DO,BD6581E74E,American Tourister
Material,build,The build quality quality is really good for this price range,0.4927,R6FVDHR59C81DO,BD6581E74E,American Tourister
Durability,build quality,The build quality quality is really good for this price range,0.4927,R6FVDHR59C81DO,BD6581E74E,American Tourister
Wheels,wheels,"The build quality is good, Smooth wheels",0.4404,RTB34KUQAAJ84R,BD6581E74E,American Tourister
Material,build,"The build quality is good, Smooth wheels",0.4404,RTB34KUQAAJ84R,BD6581E74E,American Tourister
Durability,build quality,"The build quality is good, Smooth wheels",0.4404,RTB34KUQAAJ84R,BD6581E74E,American Tourister
Size & Capacity,packing,Packing was easy due to the spacious compartments,0.4404,RTB34KUQAAJ84R,BD6581E74E,American Tourister
Zipper,zipper,The zipper is excellent,0.5719,RTB34KUQAAJ84R,BD6581E74E,American Tourister
Durability,quality,Excellent quality,0.5719,R1R8VNRPJY93N0,BD6581E74E,American Tourister
Wheels,wheels,Smooth wheels,0.0,R1R8VNRPJY93N0,BD6581E74E,American Tourister
Zipper,zipper,The zipper is even better than my previous bag,0.4404,R1R8VNRPJY93N0,BD6581E74E,American Tourister
Weight,weight,The weight makes it very convenient to use,0.0,RKXCGW1VGLL42J,BFAEB1981C,American Tourister
Wheels,wheels,Smooth wheels,0.0,RSNRM6DFHG6W3S,BFAEB1981C,American Tourister
Size & Capacity,spacious,Compact yet spacious,0.0,RSNRM6DFHG6W3S,BFAEB1981C,American Tourister
Size & Capacity,compartments,The compartments deserves special mention,0.4019,RSNRM6DFHG6W3S,BFAEB1981C,American Tourister
Durability,quality,Great quality for the price,0.6249,RMYFP9S8GK0EEY,BFAEB1981C,American Tourister
Wheels,wheels,Smooth wheels,0.0,RMYFP9S8GK0EEY,BFAEB1981C,American Tourister
Handle,handle,The handle works smoothly,0.0,RMYFP9S8GK0EEY,BFAEB1981C,American Tourister
Durability,quality,Excellent quality,0.5719,RARPHBXVQ6BKAD,BFAEB1981C,American Tourister
Durability,quality,Great quality for the price,0.6249,RARPHBXVQ6BKAD,BFAEB1981C,American Tourister
Material,finish,Premium finish,0.0,RARPHBXVQ6BKAD,BFAEB1981C,American Tourister
Zipper,zipper,The zipper works smoothly,0.0,RARPHBXVQ6BKAD,BFAEB1981C,American Tourister
Material,build,Excellent build quality and trusted brand,0.7783,R78MFS0IUDUAHG,BFAEB1981C,American Tourister
Durability,build quality,Excellent build quality and trusted brand,0.7783,R78MFS0IUDUAHG,BFAEB1981C,American Tourister
Size & Capacity,compartments,The compartments is really impressive,0.5563,R78MFS0IUDUAHG,BFAEB1981C,American Tourister
Wheels,wheels,"Excellent build quality, trusted brand, and excellent wheels",0.8885,R4RZGYD49PSO1L,BFAEB1981C,American Tourister
Material,build,"Excellent build quality, trusted brand, and excellent wheels",0.8885,R4RZGYD49PSO1L,BFAEB1981C,American Tourister
Durability,build quality,"Excellent build quality, trusted brand, and excellent wheels",0.8885,R4RZGYD49PSO1L,BFAEB1981C,American Tourister
Durability,quality,Excellent quality,0.5719,RNQ0Y4IO9P4627,BFAEB1981C,American Tourister
Durability,quality,Great quality for the price,0.6249,RNQ0Y4IO9P4627,BFAEB1981C,American Tourister
Wheels,wheels,The wheels works smoothly,0.0,RNQ0Y4IO9P4627,BFAEB1981C,American Tourister
Handle,handle,Premium finish and the handle is top notch,0.2023,RVD79C9MV9E40K,B6E62FFB78,American Tourister
Material,finish,Premium finish and the handle is top notch,0.2023,RVD79C9MV9E40K,B6E62FFB78,American Tourister
Lock,tsa,Tsa lock,0.0,RSFQERI7B03RAG,B6E62FFB78,American Tourister
Size & Capacity,compartments,The compartments is even better than my previous bag,0.4404,RSFQERI7B03RAG,B6E62FFB78,American Tourister
Material,build,Excellent build quality,0.5719,RHXRJM4T8BP6NL,B6E62FFB78,American Tourister
Durability,build quality,Excellent build quality,0.5719,RHXRJM4T8BP6NL,B6E62FFB78,American Tourister
Size & Capacity,pockets,The interiors are well-organized with multiple pockets,0.0,RHXRJM4T8BP6NL,B6E62FFB78,American Tourister
Handle,handle,handle quality is commendable,0.0,RHXRJM4T8BP6NL,B6E62FFB78,American Tourister
Durability,quality,handle quality is commendable,0.0,RHXRJM4T8BP6NL,B6E62FFB78,American Tourister
Wheels,wheels,Smooth wheels and TSA lock,0.0,REZRDYXYUR4SOR,B6E62FFB78,American Tourister
Lock,tsa,Smooth wheels and TSA lock,0.0,REZRDYXYUR4SOR,B6E62FFB78,American Tourister
Lock,lock,Really impressed with the lock,0.5256,REZRDYXYUR4SOR,B6E62FFB78,American Tourister
Material,build,Excellent build quality,0.5719,RB4M0A6MDMMMXI,B6E62FFB78,American Tourister
Durability,build quality,Excellent build quality,0.5719,RB4M0A6MDMMMXI,B6E62FFB78,American Tourister
Lock,lock,The lock impressed me the most,0.4767,RB4M0A6MDMMMXI,B6E62FFB78,American Tourister
Wheels,wheels,Smooth wheels,0.0,RLQ5U6JZV9NOU3,B6E62FFB78,American Tourister
Handle,handle,The handle impressed me the most,0.4767,RLQ5U6JZV9NOU3,B6E62FFB78,American Tourister
Material,material,The material feels durable and the build quality is very smooth,0.0,RK8HW9C4HJKU2W,B6E62FFB78,American Tourister
Durability,durable,The material feels durable and the build quality is very smooth,0.0,RK8HW9C4HJKU2W,B6E62FFB78,American Tourister
Durability,quality,Excellent quality,0.5719,RXK2PTHOWQ1GAZ,B6E62FFB78,American Tourister
Wheels,wheels,Smooth wheels and premium finish,0.0,RXK2PTHOWQ1GAZ,B6E62FFB78,American Tourister
Material,finish,Smooth wheels and premium finish,0.0,RXK2PTHOWQ1GAZ,B6E62FFB78,American Tourister
Durability,quality,American Tourister quality is reliable,0.0,RXK2PTHOWQ1GAZ,B6E62FFB78,American Tourister
Lock,tsa,Tsa lock and TSA lock,0.0,R70CHQI014O46W,B6E62FFB78,American Tourister
Durability,sturdy,Looks premium and feels sturdy,0.0,R70CHQI014O46W,B6E62FFB78,American Tourister
Material,build,The build quality quality is really good for this price range,0.4927,R70CHQI014O46W,B6E62FFB78,American Tourister
Durability,build quality,The build quality quality is really good for this price range,0.4927,R70CHQI014O46W,B6E62FFB78,American Tourister
Wheels,wheels,Smooth wheels and excellent build quality,0.5719,RGI3QUPXBFEJ2X,B6E62FFB78,American Tourister
Material,build,Smooth wheels and excellent build quality,0.5719,RGI3QUPXBFEJ2X,B6E62FFB78,American Tourister
Durability,build quality,Smooth wheels and excellent build quality,0.5719,RGI3QUPXBFEJ2X,B6E62FFB78,American Tourister
Durability,quality,American Tourister quality is reliable,0.0,RGI3QUPXBFEJ2X,B6E62FFB78,American Tourister
Durability,quality,Excellent quality,0.5719,RLKC86Y5O44IUS,B6E62FFB78,American Tourister
Material,build,Excellent build quality,0.5719,RLKC86Y5O44IUS,B6E62FFB78,American Tourister
Durability,build quality,Excellent build quality,0.5719,RLKC86Y5O44IUS,B6E62FFB78,American Tourister
Size & Capacity,pockets,The interiors are well-organized with multiple pockets,0.0,RLKC86Y5O44IUS,B6E62FFB78,American Tourister
Material,build,build quality quality is commendable,0.0,RLKC86Y5O44IUS,B6E62FFB78,American Tourister
Durability,build quality,build quality quality is commendable,0.0,RLKC86Y5O44IUS,B6E62FFB78,American Tourister
Material,build,Excellent build quality,0.5719,RE3LVO0IPFG8PJ,B6E62FFB78,American Tourister
Durability,build quality,Excellent build quality,0.5719,RE3LVO0IPFG8PJ,B6E62FFB78,American Tourister
Lock,lock,The lock is even better than my previous bag,0.4404,RE3LVO0IPFG8PJ,B6E62FFB78,American Tourister
Lock,tsa,Tsa lock,0.0,RY857NZ3A8V4X7,B6E62FFB78,American Tourister
Handle,handle,The handle impressed me the most,0.4767,RY857NZ3A8V4X7,B6E62FFB78,American Tourister
Material,build,Excellent build quality and trusted brand,0.7783,RN6O9JD3IH66W5,B6E62FFB78,American Tourister
Durability,build quality,Excellent build quality and trusted brand,0.7783,RN6O9JD3IH66W5,B6E62FFB78,American Tourister
Size & Capacity,compartments,Really impressed with the compartments,0.5256,RN6O9JD3IH66W5,B6E62FFB78,American Tourister
Material,finish,Premium finish,0.0,RO4Z533ZSMV30Q,B6E62FFB78,American Tourister
Size & Capacity,spacious,Compact yet spacious,0.0,RO4Z533ZSMV30Q,B6E62FFB78,American Tourister
Handle,handle,The handle deserves special mention,0.4019,RO4Z533ZSMV30Q,B6E62FFB78,American Tourister
Durability,quality,Great quality for the price,0.6249,RZ1XEVO7Q5EGVL,BC16645A77,American Tourister
Wheels,wheels,Smooth wheels,0.0,RZ1XEVO7Q5EGVL,BC16645A77,American Tourister
Handle,handle,The handle works smoothly,0.0,RZ1XEVO7Q5EGVL,BC16645A77,American Tourister
Wheels,wheels,Premium finish and smooth wheels,0.0,R87XW69HZGOPJD,BC16645A77,American Tourister
Material,finish,Premium finish and smooth wheels,0.0,R87XW69HZGOPJD,BC16645A77,American Tourister
Durability,quality,American Tourister quality is reliable,0.0,R87XW69HZGOPJD,BC16645A77,American Tourister
Material,finish,Premium finish,0.0,RZG52KRE4V9KYP,BC16645A77,American Tourister
Size & Capacity,spacious,Compact yet spacious,0.0,RZG52KRE4V9KYP,BC16645A77,American Tourister
Material,build,The build quality deserves special mention,0.4019,RZG52KRE4V9KYP,BC16645A77,American Tourister
Durability,build quality,The build quality deserves special mention,0.4019,RZG52KRE4V9KYP,BC16645A77,American Tourister
Material,build,"The build quality is good, Tsa lock",0.4404,RNYQAELYYZZ0JD,BC16645A77,American Tourister
Durability,build quality,"The build quality is good, Tsa lock",0.4404,RNYQAELYYZZ0JD,BC16645A77,American Tourister
Lock,tsa,"The build quality is good, Tsa lock",0.4404,RNYQAELYYZZ0JD,BC16645A77,American Tourister
Size & Capacity,packing,Packing was easy due to the spacious compartments,0.4404,RNYQAELYYZZ0JD,BC16645A77,American Tourister
Lock,lock,The lock is excellent,0.5719,RNYQAELYYZZ0JD,BC16645A77,American Tourister
Lock,tsa,Trusted brand and TSA lock,0.4767,R9YE6BGGRMQDZP,BC16645A77,American Tourister
Wheels,wheels,The wheels is really impressive,0.5563,R9YE6BGGRMQDZP,BC16645A77,American Tourister
Zipper,zipper,The zipper is even better than my previous bag,0.4404,RK5W1JL6L91F4X,BC16645A77,American Tourister
Durability,quality,Excellent quality,0.5719,R97BMZRR45ED5G,BC16645A77,American Tourister
Material,finish,Premium finish and the lock is top notch,0.2023,R97BMZRR45ED5G,BC16645A77,American Tourister
Lock,lock,Premium finish and the lock is top notch,0.2023,R97BMZRR45ED5G,BC16645A77,American Tourister
Size & Capacity,fits,Fits all airline requirements,0.0,R7IRDLK9EN7DLB,BC16645A77,American Tourister
Material,build,Excellent build quality,0.5719,R7IRDLK9EN7DLB,BC16645A77,American Tourister
Durability,build quality,Excellent build quality,0.5719,R7IRDLK9EN7DLB,BC16645A77,American Tourister
Material,material,material is of great quality,0.6249,R7IRDLK9EN7DLB,BC16645A77,American Tourister
Durability,quality,material is of great quality,0.6249,R7IRDLK9EN7DLB,BC16645A77,American Tourister
Durability,quality,Mediocre quality,0.0,R8962E52K20TVD,BC16645A77,American Tourister
Size & Capacity,size,Product looks good but size runs small,0.2382,R8962E52K20TVD,BC16645A77,American Tourister
Material,build,Excellent build quality saves it somewhat,0.5719,R8962E52K20TVD,BC16645A77,American Tourister
Durability,build quality,Excellent build quality saves it somewhat,0.5719,R8962E52K20TVD,BC16645A77,American Tourister
Durability,quality,Usable but don't expect premium quality at this price,0.0,R8962E52K20TVD,BC16645A77,American Tourister
Durability,quality,Great quality for the price,0.6249,RNOX8FK2076VMD,BC16645A77,American Tourister
Material,build,Excellent build quality,0.5719,RNOX8FK2076VMD,BC16645A77,American Tourister
Durability,build quality,Excellent build quality,0.5719,RNOX8FK2076VMD,BC16645A77,American Tourister
Weight,weight,The weight works smoothly,0.0,RNOX8FK2076VMD,BC16645A77,American Tourister
Durability,quality,Great quality for the price,0.6249,RGWDS9YXZ7SXDQ,BC16645A77,American Tourister
Material,finish,Premium finish,0.0,RGWDS9YXZ7SXDQ,BC16645A77,American Tourister
Weight,weight,The weight works smoothly,0.0,RGWDS9YXZ7SXDQ,BC16645A77,American Tourister
Material,build,Tsa lock and excellent build quality,0.5719,RCBDPDXUJJCSEX,B4693BD9F6,American Tourister
Durability,build quality,Tsa lock and excellent build quality,0.5719,RCBDPDXUJJCSEX,B4693BD9F6,American Tourister
Lock,tsa,Tsa lock and excellent build quality,0.5719,RCBDPDXUJJCSEX,B4693BD9F6,American Tourister
Durability,sturdy,Looks premium and feels sturdy,0.0,RCBDPDXUJJCSEX,B4693BD9F6,American Tourister
Durability,quality,The weight quality is really good for this price range,0.4927,RCBDPDXUJJCSEX,B4693BD9F6,American Tourister
Weight,weight,The weight quality is really good for this price range,0.4927,RCBDPDXUJJCSEX,B4693BD9F6,American Tourister
Lock,tsa,Tsa lock,0.0,RQ3M73HC9JYPAO,B4693BD9F6,American Tourister
Lock,lock,The lock impressed me the most,0.4767,RQ3M73HC9JYPAO,B4693BD9F6,American Tourister
Lock,tsa,Tsa lock,0.0,RW9MYYOKEAEA84,B4693BD9F6,American Tourister
Size & Capacity,spacious,Compact yet spacious,0.0,RW9MYYOKEAEA84,B4693BD9F6,American Tourister
Weight,weight,The weight deserves special mention,0.4019,RW9MYYOKEAEA84,B4693BD9F6,American Tourister
Durability,quality,Great quality for the price,0.6249,RRAFFZ8Q4VHU4B,B4693BD9F6,American Tourister
Material,material,The material works smoothly,0.0,RRAFFZ8Q4VHU4B,B4693BD9F6,American Tourister
Material,finish,Premium finish and trusted brand,0.4767,RRRVWY3RZTPLC6,B4693BD9F6,American Tourister
Durability,quality,American Tourister quality is reliable,0.0,RRRVWY3RZTPLC6,B4693BD9F6,American Tourister
Material,finish,"Premium finish, excellent build quality, and excellent build quality",0.8126,RKGMIH6MV4XEKZ,B4693BD9F6,American Tourister
Durability,build quality,"Premium finish, excellent build quality, and excellent build quality",0.8126,RKGMIH6MV4XEKZ,B4693BD9F6,American Tourister
Material,finish,Premium finish,0.0,RHYDRGFR27RIU9,B4693BD9F6,American Tourister
Size & Capacity,pockets,The interiors are well-organized with multiple pockets,0.0,RHYDRGFR27RIU9,B4693BD9F6,American Tourister
Size & Capacity,compartments,compartments quality is commendable,0.0,RHYDRGFR27RIU9,B4693BD9F6,American Tourister
Durability,quality,compartments quality is commendable,0.0,RHYDRGFR27RIU9,B4693BD9F6,American Tourister
Material,build,Excellent build quality,0.5719,REIUR9211U645V,B4693BD9F6,American Tourister
Durability,build quality,Excellent build quality,0.5719,REIUR9211U645V,B4693BD9F6,American Tourister
Size & Capacity,pockets,The interiors are well-organized with multiple pockets,0.0,REIUR9211U645V,B4693BD9F6,American Tourister
Wheels,wheels,wheels quality is commendable,0.0,REIUR9211U645V,B4693BD9F6,American Tourister
Durability,quality,wheels quality is commendable,0.0,REIUR9211U645V,B4693BD9F6,American Tourister
Lock,tsa,Tsa lock,0.0,RDW56FKPS0DXME,BAF58A1206,American Tourister
Size & Capacity,spacious,Compact yet spacious,0.0,RDW56FKPS0DXME,BAF58A1206,American Tourister
Handle,handle,The handle deserves special mention,0.4019,RDW56FKPS0DXME,BAF58A1206,American Tourister
Durability,quality,Excellent quality,0.5719,RJZOWI1T2EP768,BAF58A1206,American Tourister
Material,build,The build quality impressed me the most,0.4767,RJZOWI1T2EP768,BAF58A1206,American Tourister
Durability,build quality,The build quality impressed me the most,0.4767,RJZOWI1T2EP768,BAF58A1206,American Tourister
Wheels,wheels,Smooth wheels,0.0,R37DL9FC1XX6CW,BAF58A1206,American Tourister
Wheels,wheels,The wheels is even better than my previous bag,0.4404,R37DL9FC1XX6CW,BAF58A1206,American Tourister
Material,finish,"Trusted brand, premium finish, and excellent lock",0.7783,R36VFOX5WWPM3X,BAF58A1206,American Tourister
Lock,lock,"Trusted brand, premium finish, and excellent lock",0.7783,R36VFOX5WWPM3X,BAF58A1206,American Tourister
Wheels,wheels,Smooth wheels and premium finish,0.0,RDTS1FB2VI109D,BAF58A1206,American Tourister
Material,finish,Smooth wheels and premium finish,0.0,RDTS1FB2VI109D,BAF58A1206,American Tourister
Durability,quality,American Tourister quality is reliable,0.0,RDTS1FB2VI109D,BAF58A1206,American Tourister
Handle,handle,The handle is even better than my previous bag,0.4404,RMI0UZ7X4IKY3U,BAF58A1206,American Tourister
Durability,quality,Excellent quality,0.5719,RDPEHCYOU25VW9,B6C585D0E9,American Tourister
Handle,handle,Premium finish and the handle is top notch,0.2023,RDPEHCYOU25VW9,B6C585D0E9,American Tourister
Material,finish,Premium finish and the handle is top notch,0.2023,RDPEHCYOU25VW9,B6C585D0E9,American Tourister
Wheels,wheels,Smooth wheels,0.0,RQ8STZQBFU7E4D,B6C585D0E9,American Tourister
Material,material,The material feels durable and the zipper is very smooth,0.0,RQ8STZQBFU7E4D,B6C585D0E9,American Tourister
Zipper,zipper,The material feels durable and the zipper is very smooth,0.0,RQ8STZQBFU7E4D,B6C585D0E9,American Tourister
Durability,durable,The material feels durable and the zipper is very smooth,0.0,RQ8STZQBFU7E4D,B6C585D0E9,American Tourister
Durability,quality,Great quality for the price,0.6249,RKR2FVB66H3REM,B6C585D0E9,American Tourister
Zipper,zipper,The zipper works smoothly,0.0,RKR2FVB66H3REM,B6C585D0E9,American Tourister
Lock,tsa,Tsa lock,0.0,RSQQQ5L2XOIOT8,B6C585D0E9,American Tourister
Weight,weight,The weight is even better than my previous bag,0.4404,RSQQQ5L2XOIOT8,B6C585D0E9,American Tourister
Material,build,"Excellent build quality, premium finish, and excellent zipper",0.8126,RXXD8T18S1SAXT,B6C585D0E9,American Tourister
Zipper,zipper,"Excellent build quality, premium finish, and excellent zipper",0.8126,RXXD8T18S1SAXT,B6C585D0E9,American Tourister
Durability,build quality,"Excellent build quality, premium finish, and excellent zipper",0.8126,RXXD8T18S1SAXT,B6C585D0E9,American Tourister
Durability,quality,Great quality for the price,0.6249,ROB5APO4LJEDGF,B6C585D0E9,American Tourister
Lock,tsa,Tsa lock,0.0,ROB5APO4LJEDGF,B6C585D0E9,American Tourister
Material,build,The build quality works smoothly,0.0,ROB5APO4LJEDGF,B6C585D0E9,American Tourister
Durability,build quality,The build quality works smoothly,0.0,ROB5APO4LJEDGF,B6C585D0E9,American Tourister
Wheels,wheels,Smooth wheels and easy to maneuver,0.4404,R8GZKDF6J76BIV,B6C585D0E9,American Tourister
Weight,weight,The weight makes it very convenient to use,0.0,R8GZKDF6J76BIV,B6C585D0E9,American Tourister
Durability,quality,Excellent quality,0.5719,RROI5J8YIT2KOD,B6C585D0E9,American Tourister
Material,finish,Premium finish,0.0,RROI5J8YIT2KOD,B6C585D0E9,American Tourister
Wheels,wheels,The wheels impressed me the most,0.4767,RROI5J8YIT2KOD,B6C585D0E9,American Tourister
Lock,tsa,Tsa lock,0.0,RTP6QAQ3K8A7RV,B6C585D0E9,American Tourister
Zipper,zipper,The zipper impressed me the most,0.4767,RTP6QAQ3K8A7RV,B6C585D0E9,American Tourister
Wheels,wheels,Smooth wheels and excellent build quality,0.5719,RDZ3095HS258W9,B6C585D0E9,American Tourister
Material,build,Smooth wheels and excellent build quality,0.5719,RDZ3095HS258W9,B6C585D0E9,American Tourister
Durability,build quality,Smooth wheels and excellent build quality,0.5719,RDZ3095HS258W9,B6C585D0E9,American Tourister
Lock,lock,The lock is really impressive,0.5563,RDZ3095HS258W9,B6C585D0E9,American Tourister
Material,build,Excellent build quality and easy to maneuver,0.765,R6YO6Z1T2XCB3Y,BEEAC52961,American Tourister
Durability,build quality,Excellent build quality and easy to maneuver,0.765,R6YO6Z1T2XCB3Y,BEEAC52961,American Tourister
Zipper,zipper,The zipper makes it very convenient to use,0.0,R6YO6Z1T2XCB3Y,BEEAC52961,American Tourister
Material,build,Excellent build quality and the weight is top notch,0.6705,RNGA01YZG3W3H9,BEEAC52961,American Tourister
Durability,build quality,Excellent build quality and the weight is top notch,0.6705,RNGA01YZG3W3H9,BEEAC52961,American Tourister
Weight,weight,Excellent build quality and the weight is top notch,0.6705,RNGA01YZG3W3H9,BEEAC52961,American Tourister
Durability,quality,Excellent quality,0.5719,R5URTXUYUCECJU,BEEAC52961,American Tourister
Wheels,wheels,Smooth wheels and TSA lock,0.0,R5URTXUYUCECJU,BEEAC52961,American Tourister
Lock,tsa,Smooth wheels and TSA lock,0.0,R5URTXUYUCECJU,BEEAC52961,American Tourister
Material,material,The material is really impressive,0.5563,R5URTXUYUCECJU,BEEAC52961,American Tourister
Wheels,wheels,"Tsa lock, TSA lock, and excellent wheels",0.5719,RY5APYX4L4OESR,BEEAC52961,American Tourister
Lock,tsa,"Tsa lock, TSA lock, and excellent wheels",0.5719,RY5APYX4L4OESR,BEEAC52961,American Tourister
Lock,tsa,Trusted brand and TSA lock,0.4767,RQAHCUA09PCIFL,BEEAC52961,American Tourister
Material,material,The material is really impressive,0.5563,RQAHCUA09PCIFL,BEEAC52961,American Tourister
Durability,quality,Excellent quality,0.5719,RR833SICVPDQE9,BEEAC52961,American Tourister
Size & Capacity,spacious,Compact yet spacious,0.0,RR833SICVPDQE9,BEEAC52961,American Tourister
Size & Capacity,compartments,The compartments deserves special mention,0.4019,RR833SICVPDQE9,BEEAC52961,American Tourister
Wheels,wheels,Smooth wheels,0.0,RBVPDCB4OWO52W,BEEAC52961,American Tourister
Size & Capacity,pockets,The interiors are well-organized with multiple pockets,0.0,RBVPDCB4OWO52W,BEEAC52961,American Tourister
Handle,handle,handle quality is commendable,0.0,RBVPDCB4OWO52W,BEEAC52961,American Tourister
Durability,quality,handle quality is commendable,0.0,RBVPDCB4OWO52W,BEEAC52961,American Tourister
Material,build,Excellent build quality and easy to maneuver,0.765,RLGDVC2GUWJP0Q,BEEAC52961,American Tourister
Durability,build quality,Excellent build quality and easy to maneuver,0.765,RLGDVC2GUWJP0Q,BEEAC52961,American Tourister
Size & Capacity,compartments,The compartments makes it very convenient to use,0.0,RLGDVC2GUWJP0Q,BEEAC52961,American Tourister
Material,finish,Tsa lock and premium finish,0.0,R81L51FLMNAVYC,BEEAC52961,American Tourister
Lock,tsa,Tsa lock and premium finish,0.0,R81L51FLMNAVYC,BEEAC52961,American Tourister
Durability,sturdy,Looks premium and feels sturdy,0.0,R81L51FLMNAVYC,BEEAC52961,American Tourister
Zipper,zipper,The zipper quality is really good for this price range,0.4927,R81L51FLMNAVYC,BEEAC52961,American Tourister
Durability,quality,The zipper quality is really good for this price range,0.4927,R81L51FLMNAVYC,BEEAC52961,American Tourister
Wheels,wheels,Smooth wheels and easy to maneuver,0.4404,RGRYQY4UMKLD56,BEEAC52961,American Tourister
Material,material,The material makes it very convenient to use,0.0,RGRYQY4UMKLD56,BEEAC52961,American Tourister
Size & Capacity,pockets,The interiors are well-organized with multiple pockets,0.0,RG9NCBEKGV1BBH,BFB409FDA5,VIP
Size & Capacity,compartments,compartments quality is commendable,0.0,RG9NCBEKGV1BBH,BFB409FDA5,VIP
Durability,quality,compartments quality is commendable,0.0,RG9NCBEKGV1BBH,BFB409FDA5,VIP
Material,material,Good warranty and the material is top notch,0.5719,R46AYN2D7KI3X7,BFB409FDA5,VIP
Durability,quality,Great quality for the price,0.6249,RGNNV9IBWGT2LB,BFB409FDA5,VIP
Handle,handle,The handle works smoothly,0.0,RGNNV9IBWGT2LB,BFB409FDA5,VIP
Material,material,"Heritage brand, lightweight, and excellent material",0.5719,RWGN51NSGZSR8R,BFB409FDA5,VIP
Weight,lightweight,"Heritage brand, lightweight, and excellent material",0.5719,RWGN51NSGZSR8R,BFB409FDA5,VIP
Material,material,material quality though,0.0,R5OL5U7NTEDQMV,BFB409FDA5,VIP
Durability,quality,material quality though,0.0,R5OL5U7NTEDQMV,BFB409FDA5,VIP
Wheels,wheels,The wheels is mediocre,0.0,R5OL5U7NTEDQMV,BFB409FDA5,VIP
Weight,lightweight,Lightweight,0.0,RAPJC6KSTCJIEM,BFB409FDA5,VIP
Weight,lightweight,Lightweight and affordable,0.0,R4GVE4ZTJ1KM98,BFB409FDA5,VIP
Durability,sturdy,Looks premium and feels sturdy,0.0,R4GVE4ZTJ1KM98,BFB409FDA5,VIP
Size & Capacity,compartments,The compartments quality is really good for this price range,0.4927,R4GVE4ZTJ1KM98,BFB409FDA5,VIP
Durability,quality,The compartments quality is really good for this price range,0.4927,R4GVE4ZTJ1KM98,BFB409FDA5,VIP
Material,material,But I noticed material quality after a few uses,0.0,RRS210Q2LG1ZHQ,BFB409FDA5,VIP
Durability,quality,But I noticed material quality after a few uses,0.0,RRS210Q2LG1ZHQ,BFB409FDA5,VIP
Zipper,zipper,The zipper started fine but degraded,-0.5106,RRS210Q2LG1ZHQ,BFB409FDA5,VIP
Durability,quality,Mediocre quality,0.0,RMPYO2TLA27F8L,BFB409FDA5,VIP
Zipper,zip,Heritage brand is great but zip problems is disappointing,-0.743,RMPYO2TLA27F8L,BFB409FDA5,VIP
Wheels,wheel,wheel breakage though,0.0,RNRL8XKGYG3VAH,BFB409FDA5,VIP
Weight,weight,The weight is mediocre,0.0,RNRL8XKGYG3VAH,BFB409FDA5,VIP
Weight,lightweight,Lightweight,0.0,R9Q3VILURQBDX7,BFB409FDA5,VIP
Material,material,But material quality is a concern,0.0,R9Q3VILURQBDX7,BFB409FDA5,VIP
Durability,quality,But material quality is a concern,0.0,R9Q3VILURQBDX7,BFB409FDA5,VIP
Material,material,Affordable and the material is top notch,0.2023,R6GUO8I5JWK6Z0,BC7C7CF70F,VIP
Durability,quality,Great quality for the price,0.6249,ROFHBAWYQMOGBJ,BC7C7CF70F,VIP
Size & Capacity,compartments,The compartments works smoothly,0.0,ROFHBAWYQMOGBJ,BC7C7CF70F,VIP
Durability,quality,Excellent quality,0.5719,RTI8F34GADKTOC,BC7C7CF70F,VIP
Material,build,The build quality is even better than my previous bag,0.4404,RTI8F34GADKTOC,BC7C7CF70F,VIP
Durability,build quality,The build quality is even better than my previous bag,0.4404,RTI8F34GADKTOC,BC7C7CF70F,VIP
Weight,lightweight,Good warranty and lightweight,0.4404,RBWSXXDYPVBNHI,BC7C7CF70F,VIP
Wheels,wheels,Really impressed with the wheels,0.5256,RBWSXXDYPVBNHI,BC7C7CF70F,VIP
Weight,lightweight,Lightweight and heritage brand,0.0,RYH523GGODLUGH,BC7C7CF70F,VIP
Wheels,wheels,The wheels is really impressive,0.5563,RYH523GGODLUGH,BC7C7CF70F,VIP
Size & Capacity,compartments,Heritage brand and the compartments is top notch,0.2023,RLOQC3XNCHKV9D,BC7C7CF70F,VIP
Durability,sturdy,Looks premium and feels sturdy,0.0,R9ZY9YLW5L4RMV,BC7C7CF70F,VIP
Zipper,zipper,The zipper quality is really good for this price range,0.4927,R9ZY9YLW5L4RMV,BC7C7CF70F,VIP
Durability,quality,The zipper quality is really good for this price range,0.4927,R9ZY9YLW5L4RMV,BC7C7CF70F,VIP
Material,material,material quality though,0.0,RCNKFHB7V80LKX,BF71293BB8,VIP
Durability,quality,material quality though,0.0,RCNKFHB7V80LKX,BF71293BB8,VIP
Lock,lock,The lock is mediocre,0.0,RCNKFHB7V80LKX,BF71293BB8,VIP
Durability,quality,Mediocre quality,0.0,RIT6XIYZVNLPA5,BF71293BB8,VIP
Lock,lock,"The lock is okay, nothing extraordinary",0.2263,RIT6XIYZVNLPA5,BF71293BB8,VIP
Durability,quality,Great quality for the price,0.6249,R37IC0LZIGIKQW,BF71293BB8,VIP
Zipper,zipper,The zipper works smoothly,0.0,R37IC0LZIGIKQW,BF71293BB8,VIP
Durability,quality,VIP quality is reliable,0.6166,RPS0132AN417VF,BF71293BB8,VIP
Durability,quality,Great quality for the price,0.6249,RQFGAS0R778NRX,BF71293BB8,VIP
Weight,lightweight,Lightweight,0.0,RQFGAS0R778NRX,BF71293BB8,VIP
Material,build,The build quality works smoothly,0.0,RQFGAS0R778NRX,BF71293BB8,VIP
Durability,build quality,The build quality works smoothly,0.0,RQFGAS0R778NRX,BF71293BB8,VIP
Durability,quality,VIP quality is reliable,0.6166,R811MZWNCNPIR7,BF71293BB8,VIP
Size & Capacity,fits,Fits all airline requirements,0.0,RJV84A1X7OV6SG,BF71293BB8,VIP
Durability,quality,lock is of great quality,0.6249,RJV84A1X7OV6SG,BF71293BB8,VIP
Lock,lock,lock is of great quality,0.6249,RJV84A1X7OV6SG,BF71293BB8,VIP
Weight,lightweight,Lightweight,0.0,RDU23JH0ZAGRD1,BF71293BB8,VIP
Zipper,zip,But I noticed zip problems after a few uses,-0.5499,RDU23JH0ZAGRD1,BF71293BB8,VIP
Lock,lock,The lock started fine but degraded,-0.5106,RDU23JH0ZAGRD1,BF71293BB8,VIP
Material,material,But material quality is a concern,0.0,RCG1J6OWW5FKNJ,B43D1B648A,VIP
Durability,quality,But material quality is a concern,0.0,RCG1J6OWW5FKNJ,B43D1B648A,VIP
Material,build,The build quality makes it very convenient to use,0.0,RJ8X2BH2NS8JR1,B43D1B648A,VIP
Durability,build quality,The build quality makes it very convenient to use,0.0,RJ8X2BH2NS8JR1,B43D1B648A,VIP
Material,material,The material impressed me the most,0.4767,RCMLDQZ05EV5KZ,B43D1B648A,VIP
Durability,quality,Mediocre quality,0.0,RAMB3LPVOWCP77,B43D1B648A,VIP
Wheels,wheel,But I noticed wheel breakage after a few uses,0.0,RAMB3LPVOWCP77,B43D1B648A,VIP
Material,build,The build quality started fine but degraded,-0.5106,RAMB3LPVOWCP77,B43D1B648A,VIP
Durability,build quality,The build quality started fine but degraded,-0.5106,RAMB3LPVOWCP77,B43D1B648A,VIP
Material,material,"Good warranty, affordable, and excellent material",0.765,R2ZBRD399Q68RT,B43D1B648A,VIP
Wheels,wheel,"However, wheel breakage",0.0,R7LNKZX8YX7WR2,B43D1B648A,VIP
Handle,handle,The handle could be better,0.4404,R7LNKZX8YX7WR2,B43D1B648A,VIP
Weight,lightweight,Affordable and lightweight,0.0,R28PIJKEMVG7UE,B43D1B648A,VIP
Durability,quality,VIP quality is reliable,0.6166,R28PIJKEMVG7UE,B43D1B648A,VIP
Material,material,Product looks good but material quality,0.2382,ROTQF74RQVFX2Z,B8A987173E,VIP
Durability,quality,Product looks good but material quality,0.2382,ROTQF74RQVFX2Z,B8A987173E,VIP
Durability,quality,Usable but don't expect premium quality at this price,0.0,ROTQF74RQVFX2Z,B8A987173E,VIP
Material,build,The build quality makes it very convenient to use,0.0,RZN9L3H03ZB5GR,B8A987173E,VIP
Durability,build quality,The build quality makes it very convenient to use,0.0,RZN9L3H03ZB5GR,B8A987173E,VIP
Zipper,zipper,"The zipper is okay, nothing extraordinary",0.2263,RY91OTKZH4OE1U,B8A987173E,VIP
Zipper,zipper,The zipper is even better than my previous bag,0.4404,RH2HXN4D24N9YG,B8A987173E,VIP
Zipper,zipper,The zipper is really impressive,0.5563,RMPF0IEOKVG019,B8A987173E,VIP
Lock,lock,The lock makes it very convenient to use,0.0,RECRYSAUUJ02GR,B8A987173E,VIP
Weight,lightweight,Lightweight,0.0,RG3AUT3RSVZ2E1,B8A987173E,VIP
Wheels,wheel,"However, wheel breakage",0.0,RG3AUT3RSVZ2E1,B8A987173E,VIP
Zipper,zipper,The zipper could be better,0.4404,RG3AUT3RSVZ2E1,B8A987173E,VIP
Weight,lightweight,Lightweight,0.0,REHFU4B9SNTP8A,B8A987173E,VIP
Size & Capacity,pockets,The interiors are well-organized with multiple pockets,0.0,REHFU4B9SNTP8A,B8A987173E,VIP
Material,build,build quality quality is commendable,0.0,REHFU4B9SNTP8A,B8A987173E,VIP
Durability,build quality,build quality quality is commendable,0.0,REHFU4B9SNTP8A,B8A987173E,VIP
Lock,lock,The lock makes it very convenient to use,0.0,RRL69VSYXBBF4H,B8A987173E,VIP
Durability,quality,Great quality for the price,0.6249,RXFQ8Y7FHWJWXZ,B8A987173E,VIP
Weight,lightweight,Lightweight,0.0,RXFQ8Y7FHWJWXZ,B8A987173E,VIP
Weight,weight,The weight works smoothly,0.0,RXFQ8Y7FHWJWXZ,B8A987173E,VIP
Weight,lightweight,Good warranty and lightweight,0.4404,RN8IJTYOLD62F2,B8A987173E,VIP
Durability,quality,VIP quality is reliable,0.6166,RN8IJTYOLD62F2,B8A987173E,VIP
Weight,lightweight,Lightweight,0.0,RJDBL1G3Y2T5OV,B410407D7D,VIP
Material,build,The build quality could be better,0.4404,RJDBL1G3Y2T5OV,B410407D7D,VIP
Durability,build quality,The build quality could be better,0.4404,RJDBL1G3Y2T5OV,B410407D7D,VIP
Zipper,zipper,The zipper makes it very convenient to use,0.0,RUJ7XN1YPQPMQK,B410407D7D,VIP
Durability,quality,Excellent quality,0.5719,RWCIDUDK73A8Y7,B410407D7D,VIP
Durability,sturdy,Looks premium and feels sturdy,0.0,RWCIDUDK73A8Y7,B410407D7D,VIP
Handle,handle,The handle quality is really good for this price range,0.4927,RWCIDUDK73A8Y7,B410407D7D,VIP
Durability,quality,The handle quality is really good for this price range,0.4927,RWCIDUDK73A8Y7,B410407D7D,VIP
Durability,quality,VIP quality is reliable,0.6166,R60ZZ0I0835TVV,B410407D7D,VIP
Handle,handle,The handle impressed me the most,0.4767,R8PNNE6IT1EKKH,B410407D7D,VIP
Weight,lightweight,Heritage brand and lightweight,0.0,R4CAQKDM0OAPHT,B410407D7D,VIP
Lock,lock,Really impressed with the lock,0.5256,R4CAQKDM0OAPHT,B410407D7D,VIP
Zipper,zip,Heritage brand is great but zip problems is disappointing,-0.743,RFMPM5HGBO06FH,B3FF5E6DD0,VIP
Weight,lightweight,Affordable and lightweight,0.0,R2ZL15S74NDDAF,B3FF5E6DD0,VIP
Durability,quality,VIP quality is reliable,0.6166,R2ZL15S74NDDAF,B3FF5E6DD0,VIP
Size & Capacity,fits,Fits all airline requirements,0.0,RKR1IFSI159I3H,B3FF5E6DD0,VIP
Durability,quality,weight is of great quality,0.6249,RKR1IFSI159I3H,B3FF5E6DD0,VIP
Weight,weight,weight is of great quality,0.6249,RKR1IFSI159I3H,B3FF5E6DD0,VIP
Durability,quality,Excellent quality,0.5719,REB97PWDBOLWIM,B3FF5E6DD0,VIP
Material,build,"The build quality is good, Good warranty",0.7003,REB97PWDBOLWIM,B3FF5E6DD0,VIP
Durability,build quality,"The build quality is good, Good warranty",0.7003,REB97PWDBOLWIM,B3FF5E6DD0,VIP
Size & Capacity,packing,Packing was easy due to the spacious compartments,0.4404,REB97PWDBOLWIM,B3FF5E6DD0,VIP
Zipper,zipper,The zipper is excellent,0.5719,REB97PWDBOLWIM,B3FF5E6DD0,VIP
Weight,lightweight,Lightweight and affordable,0.0,RI6GAXLKKVPJRM,B3FF5E6DD0,VIP
Durability,sturdy,Looks premium and feels sturdy,0.0,RI6GAXLKKVPJRM,B3FF5E6DD0,VIP
Size & Capacity,compartments,The compartments quality is really good for this price range,0.4927,RI6GAXLKKVPJRM,B3FF5E6DD0,VIP
Durability,quality,The compartments quality is really good for this price range,0.4927,RI6GAXLKKVPJRM,B3FF5E6DD0,VIP
Weight,lightweight,Lightweight,0.0,R0VVIJVDDWVB85,B3FF5E6DD0,VIP
Zipper,zipper,The zipper impressed me the most,0.4767,R0VVIJVDDWVB85,B3FF5E6DD0,VIP
Durability,sturdy,Looks premium and feels sturdy,0.0,RZBGTJ54696QZ6,B3FF5E6DD0,VIP
Size & Capacity,compartments,The compartments quality is really good for this price range,0.4927,RZBGTJ54696QZ6,B3FF5E6DD0,VIP
Durability,quality,The compartments quality is really good for this price range,0.4927,RZBGTJ54696QZ6,B3FF5E6DD0,VIP
Wheels,wheels,Lightweight and the wheels is top notch,0.2023,RK8C9G3RTSCPSU,B3FF5E6DD0,VIP
Weight,lightweight,Lightweight and the wheels is top notch,0.2023,RK8C9G3RTSCPSU,B3FF5E6DD0,VIP
Size & Capacity,fits,Fits all airline requirements,0.0,RSZJ4KJEITKX7J,B3FF5E6DD0,VIP
Material,material,material is of great quality,0.6249,RSZJ4KJEITKX7J,B3FF5E6DD0,VIP
Durability,quality,material is of great quality,0.6249,RSZJ4KJEITKX7J,B3FF5E6DD0,VIP
Durability,quality,Excellent quality,0.5719,RAMVNCZTZOWLC3,B3FF5E6DD0,VIP
Size & Capacity,spacious,Compact yet spacious,0.0,RAMVNCZTZOWLC3,B3FF5E6DD0,VIP
Material,material,The material deserves special mention,0.4019,RAMVNCZTZOWLC3,B3FF5E6DD0,VIP
Handle,handle,"Affordable, lightweight, and excellent handle",0.5719,R5WT3HJU31FI0N,B3FF5E6DD0,VIP
Weight,lightweight,"Affordable, lightweight, and excellent handle",0.5719,R5WT3HJU31FI0N,B3FF5E6DD0,VIP
Size & Capacity,spacious,Compact yet spacious,0.0,RR0XAFGOVCCI68,B3FF5E6DD0,VIP
Zipper,zipper,The zipper deserves special mention,0.4019,RR0XAFGOVCCI68,B3FF5E6DD0,VIP
Wheels,wheels,Good warranty and the wheels is top notch,0.5719,RFWA88D0MZHRUP,BED2962697,VIP
Wheels,wheel,Lightweight but wheel breakage,0.0,R3DKS4F6APFXI5,BED2962697,VIP
Weight,lightweight,Lightweight but wheel breakage,0.0,R3DKS4F6APFXI5,BED2962697,VIP
Material,material,"The material is okay, nothing extraordinary",0.2263,R3DKS4F6APFXI5,BED2962697,VIP
Material,build,"The build quality is good, Heritage brand",0.4404,RCMM7DBFPMGP6Y,BED2962697,VIP
Durability,build quality,"The build quality is good, Heritage brand",0.4404,RCMM7DBFPMGP6Y,BED2962697,VIP
Size & Capacity,packing,Packing was easy due to the spacious compartments,0.4404,RCMM7DBFPMGP6Y,BED2962697,VIP
Handle,handle,The handle is excellent,0.5719,RCMM7DBFPMGP6Y,BED2962697,VIP
Zipper,zipper,Affordable and the zipper is top notch,0.2023,RRR9VWE77NTTRT,BED2962697,VIP
Durability,quality,Excellent quality,0.5719,RIA9AU87CM453K,BED2962697,VIP
Material,material,The material feels durable and the weight is very smooth,0.0,RIA9AU87CM453K,BED2962697,VIP
Durability,durable,The material feels durable and the weight is very smooth,0.0,RIA9AU87CM453K,BED2962697,VIP
Weight,weight,The material feels durable and the weight is very smooth,0.0,RIA9AU87CM453K,BED2962697,VIP
Weight,weight,"Heritage brand, affordable, and excellent weight",0.5719,RNZXC45BNCCU3F,B058CA466A,VIP
Durability,sturdy,Looks premium and feels sturdy,0.0,R9EHWHG0U43QLX,B058CA466A,VIP
Zipper,zipper,The zipper quality is really good for this price range,0.4927,R9EHWHG0U43QLX,B058CA466A,VIP
Durability,quality,The zipper quality is really good for this price range,0.4927,R9EHWHG0U43QLX,B058CA466A,VIP
Weight,lightweight,Lightweight,0.0,RCV4BKTCV1LTWB,B058CA466A,VIP
Wheels,wheel,wheel breakage though,0.0,RCV4BKTCV1LTWB,B058CA466A,VIP
Weight,weight,The weight is mediocre,0.0,RCV4BKTCV1LTWB,B058CA466A,VIP
Durability,quality,Excellent quality,0.5719,R7AMKOH109ZDO0,B058CA466A,VIP
Weight,lightweight,Heritage brand and lightweight,0.0,R7AMKOH109ZDO0,B058CA466A,VIP
Material,build,The build quality is really impressive,0.5563,R7AMKOH109ZDO0,B058CA466A,VIP
Durability,build quality,The build quality is really impressive,0.5563,R7AMKOH109ZDO0,B058CA466A,VIP
Size & Capacity,fits,Fits all airline requirements,0.0,R5BFYCW8IHYFZ9,B058CA466A,VIP
Wheels,wheels,wheels is of great quality,0.6249,R5BFYCW8IHYFZ9,B058CA466A,VIP
Durability,quality,wheels is of great quality,0.6249,R5BFYCW8IHYFZ9,B058CA466A,VIP
Weight,lightweight,Lightweight is great but outdated design is disappointing,-0.4118,RCZQ991P778RNK,B1BF83D3D2,VIP
Size & Capacity,compartments,The compartments impressed me the most,0.4767,RSJ5YWX0I3A4KF,B1BF83D3D2,VIP
Material,build,The build quality makes it very convenient to use,0.0,RQT3DGD8OPOCMV,B1BF83D3D2,VIP
Durability,build quality,The build quality makes it very convenient to use,0.0,RQT3DGD8OPOCMV,B1BF83D3D2,VIP
Zipper,zipper,The zipper is even better than my previous bag,0.4404,RLBVN7NPRB58YJ,B1BF83D3D2,VIP
Weight,lightweight,Heritage brand and lightweight,0.0,RQPH6GB6P8KH7R,B1BF83D3D2,VIP
Durability,quality,VIP quality is reliable,0.6166,RQPH6GB6P8KH7R,B1BF83D3D2,VIP
Size & Capacity,spacious,Compact yet spacious,0.0,RH0UFX3030A67R,B1BF83D3D2,VIP
Weight,weight,The weight deserves special mention,0.4019,RH0UFX3030A67R,B1BF83D3D2,VIP
Zipper,zip,Heritage brand is great but zip problems is disappointing,-0.743,RWXUB0GZ1VHHGY,B1BF83D3D2,VIP
Handle,handle,"Affordable, lightweight, and excellent handle",0.5719,ROM3P9M7QNTFPK,B1BF83D3D2,VIP
Weight,lightweight,"Affordable, lightweight, and excellent handle",0.5719,ROM3P9M7QNTFPK,B1BF83D3D2,VIP
Durability,quality,Excellent quality,0.5719,RDA7D0WTWS3Y4H,B1BF83D3D2,VIP
Lock,lock,"Heritage brand, good warranty, and excellent lock",0.765,RDA7D0WTWS3Y4H,B1BF83D3D2,VIP
Weight,lightweight,Lightweight and heritage brand,0.0,RK5J42OI6OAFN3,B145916CFD,VIP
Weight,weight,The weight is really impressive,0.5563,RK5J42OI6OAFN3,B145916CFD,VIP
Material,build,"The build quality is good, Affordable",0.4404,RX32UEW9G6SPD2,B145916CFD,VIP
Durability,build quality,"The build quality is good, Affordable",0.4404,RX32UEW9G6SPD2,B145916CFD,VIP
Size & Capacity,packing,Packing was easy due to the spacious compartments,0.4404,RX32UEW9G6SPD2,B145916CFD,VIP
Weight,weight,The weight is excellent,0.5719,RX32UEW9G6SPD2,B145916CFD,VIP
Durability,quality,Average quality,0.0,RDPWVBZ7CN0EQW,B145916CFD,VIP
Material,material,"Lightweight which is nice, but material quality",0.2263,RDPWVBZ7CN0EQW,B145916CFD,VIP
Durability,quality,"Lightweight which is nice, but material quality",0.2263,RDPWVBZ7CN0EQW,B145916CFD,VIP
Weight,lightweight,"Lightweight which is nice, but material quality",0.2263,RDPWVBZ7CN0EQW,B145916CFD,VIP
Durability,sturdy,Looks premium and feels sturdy,0.0,R03NJBCFA95D7E,B145916CFD,VIP
Material,material,The material quality is really good for this price range,0.4927,R03NJBCFA95D7E,B145916CFD,VIP
Durability,quality,The material quality is really good for this price range,0.4927,R03NJBCFA95D7E,B145916CFD,VIP
Durability,quality,Excellent quality,0.5719,RRAC8CYNL63GAG,B145916CFD,VIP
Weight,lightweight,Good warranty and lightweight,0.4404,RRAC8CYNL63GAG,B145916CFD,VIP
Size & Capacity,compartments,Really impressed with the compartments,0.5256,RRAC8CYNL63GAG,B145916CFD,VIP
Weight,lightweight,Lightweight,0.0,RVASJEVTS1HN6B,B145916CFD,VIP
Handle,handle,The handle impressed me the most,0.4767,RVASJEVTS1HN6B,B145916CFD,VIP
Material,build,"The build quality is good, Heritage brand",0.4404,RTK0RSOGGY5KOV,B145916CFD,VIP
Durability,build quality,"The build quality is good, Heritage brand",0.4404,RTK0RSOGGY5KOV,B145916CFD,VIP
Size & Capacity,packing,Packing was easy due to the spacious compartments,0.4404,RTK0RSOGGY5KOV,B145916CFD,VIP
Material,build,The build quality is excellent,0.5719,RTK0RSOGGY5KOV,B145916CFD,VIP
Durability,build quality,The build quality is excellent,0.5719,RTK0RSOGGY5KOV,B145916CFD,VIP
Durability,quality,VIP quality is reliable,0.6166,R03WVPUNWCGBSV,B145916CFD,VIP
Weight,weight,The weight is really impressive,0.5563,RPGIHNFLAYZHUL,B145916CFD,VIP
Material,material,The material feels durable and the material is very smooth,0.0,RKV54C6P1LLH2R,B145916CFD,VIP
Durability,durable,The material feels durable and the material is very smooth,0.0,RKV54C6P1LLH2R,B145916CFD,VIP
Material,build,"The build quality is good, Heritage brand",0.4404,RX496K4O67BXCD,B145916CFD,VIP
Durability,build quality,"The build quality is good, Heritage brand",0.4404,RX496K4O67BXCD,B145916CFD,VIP
Size & Capacity,packing,Packing was easy due to the spacious compartments,0.4404,RX496K4O67BXCD,B145916CFD,VIP
Weight,weight,The weight is excellent,0.5719,RX496K4O67BXCD,B145916CFD,VIP
Durability,quality,VIP quality is reliable,0.6166,RRBK9RX647DI3E,B145916CFD,VIP
Durability,sturdy,Looks premium and feels sturdy,0.0,R8CLW3JGEQE515,BEEDDE4936,Aristocrat
Wheels,wheels,The wheels quality is really good for this price range,0.4927,R8CLW3JGEQE515,BEEDDE4936,Aristocrat
Durability,quality,The wheels quality is really good for this price range,0.4927,R8CLW3JGEQE515,BEEDDE4936,Aristocrat
Size & Capacity,fits,Fits all airline requirements,0.0,R9L0IJKCU5X0HC,BEEDDE4936,Aristocrat
Material,material,material is of great quality,0.6249,R9L0IJKCU5X0HC,BEEDDE4936,Aristocrat
Durability,quality,material is of great quality,0.6249,R9L0IJKCU5X0HC,BEEDDE4936,Aristocrat
Material,material,The material is even better than my previous bag,0.4404,R31SL7ZX4DE7NQ,BEEDDE4936,Aristocrat
Durability,quality,Great quality for the price,0.6249,RY8UDQDDAQJRTM,BEEDDE4936,Aristocrat
Weight,lightweight,Lightweight,0.0,RY8UDQDDAQJRTM,BEEDDE4936,Aristocrat
Material,material,The material works smoothly,0.0,RY8UDQDDAQJRTM,BEEDDE4936,Aristocrat
Weight,lightweight,Lightweight,0.0,RJDX0PKOVTRPYX,BEEDDE4936,Aristocrat
Material,material,The material feels durable and the weight is very smooth,0.0,RJDX0PKOVTRPYX,BEEDDE4936,Aristocrat
Durability,durable,The material feels durable and the weight is very smooth,0.0,RJDX0PKOVTRPYX,BEEDDE4936,Aristocrat
Weight,weight,The material feels durable and the weight is very smooth,0.0,RJDX0PKOVTRPYX,BEEDDE4936,Aristocrat
Durability,quality,Excellent quality,0.5719,RTJ5ZOOH3YRGHW,BEEDDE4936,Aristocrat
Size & Capacity,fits,Fits all airline requirements,0.0,RTJ5ZOOH3YRGHW,BEEDDE4936,Aristocrat
Weight,lightweight,Lightweight,0.0,RTJ5ZOOH3YRGHW,BEEDDE4936,Aristocrat
Wheels,wheels,wheels is of great quality,0.6249,RTJ5ZOOH3YRGHW,BEEDDE4936,Aristocrat
Durability,quality,wheels is of great quality,0.6249,RTJ5ZOOH3YRGHW,BEEDDE4936,Aristocrat
Material,build,"Lightweight, simple design, and excellent build quality",0.5719,RGYFLQ8XPA95G1,BEEDDE4936,Aristocrat
Durability,build quality,"Lightweight, simple design, and excellent build quality",0.5719,RGYFLQ8XPA95G1,BEEDDE4936,Aristocrat
Weight,lightweight,"Lightweight, simple design, and excellent build quality",0.5719,RGYFLQ8XPA95G1,BEEDDE4936,Aristocrat
Durability,quality,Excellent quality,0.5719,RBAYKIS11D2MRM,BEEDDE4936,Aristocrat
Wheels,wheels,The wheels is even better than my previous bag,0.4404,RBAYKIS11D2MRM,BEEDDE4936,Aristocrat
Weight,lightweight,Lightweight and simple design,0.0,R46VEY0A94XFRI,BEEDDE4936,Aristocrat
Durability,sturdy,Looks premium and feels sturdy,0.0,R46VEY0A94XFRI,BEEDDE4936,Aristocrat
Size & Capacity,compartments,The compartments quality is really good for this price range,0.4927,R46VEY0A94XFRI,BEEDDE4936,Aristocrat
Durability,quality,The compartments quality is really good for this price range,0.4927,R46VEY0A94XFRI,BEEDDE4936,Aristocrat
Durability,quality,Excellent quality,0.5719,R85Y6Q8SJY5OP9,BEEDDE4936,Aristocrat
Material,build,"The build quality is good, Simple design",0.4404,R85Y6Q8SJY5OP9,BEEDDE4936,Aristocrat
Durability,build quality,"The build quality is good, Simple design",0.4404,R85Y6Q8SJY5OP9,BEEDDE4936,Aristocrat
Size & Capacity,packing,Packing was easy due to the spacious compartments,0.4404,R85Y6Q8SJY5OP9,BEEDDE4936,Aristocrat
Handle,handle,The handle is excellent,0.5719,R85Y6Q8SJY5OP9,BEEDDE4936,Aristocrat
Wheels,wheels,The wheels is even better than my previous bag,0.4404,RF8WXKK2ABKVBL,B942B5AE28,Aristocrat
Material,material,Basic functionality is great but cheap material feel is disappointing,-0.4118,R2S8U8ZF0P7KB7,B942B5AE28,Aristocrat
Zipper,zipper,Lightweight is great but zipper failure is disappointing,-0.802,RGP52F1JOHKK7Q,B942B5AE28,Aristocrat
Weight,lightweight,Lightweight is great but zipper failure is disappointing,-0.802,RGP52F1JOHKK7Q,B942B5AE28,Aristocrat
Durability,quality,Great quality for the price,0.6249,RYSYMMQ8Q6A1DF,B942B5AE28,Aristocrat
Weight,weight,The weight works smoothly,0.0,RYSYMMQ8Q6A1DF,B942B5AE28,Aristocrat
Wheels,wheel,Simple design but wheel quality,0.0,RYQ1S4DJ9DV3UY,B942B5AE28,Aristocrat
Durability,quality,Simple design but wheel quality,0.0,RYQ1S4DJ9DV3UY,B942B5AE28,Aristocrat
Lock,lock,"The lock is okay, nothing extraordinary",0.2263,RYQ1S4DJ9DV3UY,B942B5AE28,Aristocrat
Wheels,wheels,"Basic functionality, simple design, and excellent wheels",0.5719,RU8E6XFWZ73WHC,B942B5AE28,Aristocrat
Material,build,The build quality is really impressive,0.5563,R7KRGI4JWPXEFA,B942B5AE28,Aristocrat
Durability,build quality,The build quality is really impressive,0.5563,R7KRGI4JWPXEFA,B942B5AE28,Aristocrat
Material,material,The material feels durable and the zipper is very smooth,0.0,RKY8RYOZDPPBQU,B942B5AE28,Aristocrat
Zipper,zipper,The material feels durable and the zipper is very smooth,0.0,RKY8RYOZDPPBQU,B942B5AE28,Aristocrat
Durability,durable,The material feels durable and the zipper is very smooth,0.0,RKY8RYOZDPPBQU,B942B5AE28,Aristocrat
Wheels,wheel,Lightweight but wheel quality,0.0,R5QAFS4H6SSGFX,B942B5AE28,Aristocrat
Durability,quality,Lightweight but wheel quality,0.0,R5QAFS4H6SSGFX,B942B5AE28,Aristocrat
Weight,lightweight,Lightweight but wheel quality,0.0,R5QAFS4H6SSGFX,B942B5AE28,Aristocrat
Material,build,"The build quality is okay, nothing extraordinary",0.2263,R5QAFS4H6SSGFX,B942B5AE28,Aristocrat
Durability,build quality,"The build quality is okay, nothing extraordinary",0.2263,R5QAFS4H6SSGFX,B942B5AE28,Aristocrat
Handle,handle,Lightweight is great but handle issues is disappointing,-0.4118,R6XNQXU71SEL8M,B942B5AE28,Aristocrat
Weight,lightweight,Lightweight is great but handle issues is disappointing,-0.4118,R6XNQXU71SEL8M,B942B5AE28,Aristocrat
Durability,quality,Great quality for the price,0.6249,RR1930I6G61PCW,B942B5AE28,Aristocrat
Material,material,The material works smoothly,0.0,RR1930I6G61PCW,B942B5AE28,Aristocrat
Weight,lightweight,Lightweight,0.0,R47LZN9UHJPKHF,B942B5AE28,Aristocrat
Size & Capacity,pockets,The interiors are well-organized with multiple pockets,0.0,R47LZN9UHJPKHF,B942B5AE28,Aristocrat
Material,build,build quality quality is commendable,0.0,R47LZN9UHJPKHF,B942B5AE28,Aristocrat
Durability,build quality,build quality quality is commendable,0.0,R47LZN9UHJPKHF,B942B5AE28,Aristocrat
Wheels,wheel,wheel quality though,0.0,RMOTCG06XR3URM,B942B5AE28,Aristocrat
Durability,quality,wheel quality though,0.0,RMOTCG06XR3URM,B942B5AE28,Aristocrat
Handle,handle,The handle is mediocre,0.0,RMOTCG06XR3URM,B942B5AE28,Aristocrat
Handle,handle,The handle is even better than my previous bag,0.4404,R5UESDRBTA3K3O,B942B5AE28,Aristocrat
Material,material,"However, cheap material feel",0.0,RBPH5CH3L16CR3,BB53BAB1B9,Aristocrat
Wheels,wheels,The wheels could be better,0.4404,RBPH5CH3L16CR3,BB53BAB1B9,Aristocrat
Wheels,wheels,The wheels impressed me the most,0.4767,R075RE0DRIMR25,BB53BAB1B9,Aristocrat
Weight,weight,The weight makes it very convenient to use,0.0,RB1ZPPEP69NGPC,BB53BAB1B9,Aristocrat
Wheels,wheel,Most affordable but wheel quality,0.0,RCEGBMXIKVRECJ,BB53BAB1B9,Aristocrat
Durability,quality,Most affordable but wheel quality,0.0,RCEGBMXIKVRECJ,BB53BAB1B9,Aristocrat
Weight,weight,"The weight is okay, nothing extraordinary",0.2263,RCEGBMXIKVRECJ,BB53BAB1B9,Aristocrat
Weight,lightweight,Lightweight,0.0,RKXSJZSB6ZWKHE,BB53BAB1B9,Aristocrat
Material,material,The material is even better than my previous bag,0.4404,RKXSJZSB6ZWKHE,BB53BAB1B9,Aristocrat
Weight,lightweight,Lightweight,0.0,R9ZXQERBKN3DKV,BB53BAB1B9,Aristocrat
Wheels,wheel,"However, wheel quality",0.0,R9ZXQERBKN3DKV,BB53BAB1B9,Aristocrat
Durability,quality,"However, wheel quality",0.0,R9ZXQERBKN3DKV,BB53BAB1B9,Aristocrat
Material,material,The material could be better,0.4404,R9ZXQERBKN3DKV,BB53BAB1B9,Aristocrat
Durability,quality,Average quality,0.0,RXB1761M3J1HA0,BB53BAB1B9,Aristocrat
Zipper,zipper,"Simple design which is nice, but zipper failure",-0.5499,RXB1761M3J1HA0,BB53BAB1B9,Aristocrat
Size & Capacity,pockets,The interiors are well-organized with multiple pockets,0.0,R87K9TPZ1J8Q9I,BB53BAB1B9,Aristocrat
Wheels,wheels,wheels quality is commendable,0.0,R87K9TPZ1J8Q9I,BB53BAB1B9,Aristocrat
Durability,quality,wheels quality is commendable,0.0,R87K9TPZ1J8Q9I,BB53BAB1B9,Aristocrat
Durability,durability,Product looks good but poor durability,-0.4939,RNX23VEULJGQPQ,BB53BAB1B9,Aristocrat
Durability,quality,Usable but don't expect premium quality at this price,0.0,RNX23VEULJGQPQ,BB53BAB1B9,Aristocrat
Durability,quality,Excellent quality,0.5719,RJVLCG1J5EWFWB,BB53BAB1B9,Aristocrat
Durability,quality,Aristocrat quality is reliable,0.0,RJVLCG1J5EWFWB,BB53BAB1B9,Aristocrat
Durability,durability,Basic functionality but poor durability,-0.631,R9A44TBIDSECHU,BB53BAB1B9,Aristocrat
Size & Capacity,compartments,"The compartments is okay, nothing extraordinary",0.2263,R9A44TBIDSECHU,BB53BAB1B9,Aristocrat
Lock,lock,Most affordable and the lock is top notch,0.2023,R2MOXQ9WFB76AV,BB53BAB1B9,Aristocrat
Zipper,zipper,zipper failure though,-0.5106,RXF1X889U9W0TE,BB53BAB1B9,Aristocrat
Size & Capacity,compartments,The compartments is mediocre,0.0,RXF1X889U9W0TE,BB53BAB1B9,Aristocrat
Material,material,The material impressed me the most,0.4767,RQ0EI05NMS6XVQ,BA5DCD1573,Aristocrat
Size & Capacity,pockets,The interiors are well-organized with multiple pockets,0.0,RXV2MEOSFR5HGQ,BA5DCD1573,Aristocrat
Material,material,material quality is commendable,0.0,RXV2MEOSFR5HGQ,BA5DCD1573,Aristocrat
Durability,quality,material quality is commendable,0.0,RXV2MEOSFR5HGQ,BA5DCD1573,Aristocrat
Durability,durability,"However, poor durability",-0.4767,RAGCSTNPEZIKM3,BA5DCD1573,Aristocrat
Material,build,The build quality could be better,0.4404,RAGCSTNPEZIKM3,BA5DCD1573,Aristocrat
Durability,build quality,The build quality could be better,0.4404,RAGCSTNPEZIKM3,BA5DCD1573,Aristocrat
Size & Capacity,compartments,The compartments is even better than my previous bag,0.4404,R0P1Z00V3SFAVY,BA5DCD1573,Aristocrat
Size & Capacity,pockets,The interiors are well-organized with multiple pockets,0.0,RRBSSS7KN18B85,BA5DCD1573,Aristocrat
Durability,quality,lock quality is commendable,0.0,RRBSSS7KN18B85,BA5DCD1573,Aristocrat
Lock,lock,lock quality is commendable,0.0,RRBSSS7KN18B85,BA5DCD1573,Aristocrat
Durability,sturdy,Looks premium and feels sturdy,0.0,RJP5K7917XFH41,BA5DCD1573,Aristocrat
Size & Capacity,compartments,The compartments quality is really good for this price range,0.4927,RJP5K7917XFH41,BA5DCD1573,Aristocrat
Durability,quality,The compartments quality is really good for this price range,0.4927,RJP5K7917XFH41,BA5DCD1573,Aristocrat
Durability,quality,Mediocre quality,0.0,RH7U0S3KDZ4PPJ,BA5DCD1573,Aristocrat
Durability,durability,Simple design but poor durability,-0.631,RH7U0S3KDZ4PPJ,BA5DCD1573,Aristocrat
Material,material,"The material is okay, nothing extraordinary",0.2263,RH7U0S3KDZ4PPJ,BA5DCD1573,Aristocrat
Durability,quality,Excellent quality,0.5719,RLSJWS1ZL7P72L,BA5DCD1573,Aristocrat
Handle,handle,"Basic functionality, simple design, and excellent handle",0.5719,RLSJWS1ZL7P72L,BA5DCD1573,Aristocrat
Lock,lock,The lock is even better than my previous bag,0.4404,R0KH5840ACUHGP,BBEC5594B1,Aristocrat
Weight,lightweight,Lightweight and most affordable,0.0,RYRWVTKH861PQI,BBEC5594B1,Aristocrat
Zipper,zipper,Really impressed with the zipper,0.5256,RYRWVTKH861PQI,BBEC5594B1,Aristocrat
Size & Capacity,compartments,The compartments makes it very convenient to use,0.0,ROE545VYBJH4OU,BBEC5594B1,Aristocrat
Material,material,Most affordable is great but cheap material feel is disappointing,-0.3855,R0M3LOUFHW8WLV,BBEC5594B1,Aristocrat
Durability,quality,Great quality for the price,0.6249,RCBHT94OZKFNOT,BBEC5594B1,Aristocrat
Weight,lightweight,Lightweight,0.0,RCBHT94OZKFNOT,BBEC5594B1,Aristocrat
Weight,weight,The weight works smoothly,0.0,RCBHT94OZKFNOT,BBEC5594B1,Aristocrat
Handle,handle,The material feels durable and the handle is very smooth,0.0,RFKI1IJE2XE0JD,BBEC5594B1,Aristocrat
Material,material,The material feels durable and the handle is very smooth,0.0,RFKI1IJE2XE0JD,BBEC5594B1,Aristocrat
Durability,durable,The material feels durable and the handle is very smooth,0.0,RFKI1IJE2XE0JD,BBEC5594B1,Aristocrat
Weight,weight,The weight is really impressive,0.5563,RVF02GVLLSAJHJ,BBEC5594B1,Aristocrat
Material,material,Simple design is great but cheap material feel is disappointing,-0.4118,RSN9081ZQUA1QR,BBEC5594B1,Aristocrat
Durability,quality,Great quality for the price,0.6249,R4S41CRO04BYV5,B91640B2DE,Aristocrat
Material,material,The material works smoothly,0.0,R4S41CRO04BYV5,B91640B2DE,Aristocrat
Size & Capacity,compartments,The compartments makes it very convenient to use,0.0,RZS49CDZN1F0FP,B91640B2DE,Aristocrat
Zipper,zipper,But zipper failure is a concern,-0.6652,ROKPK7YSWNXFSH,B91640B2DE,Aristocrat
Wheels,wheel,Product looks good but wheel quality,0.2382,RZRLGQ9AZHDQDW,B91640B2DE,Aristocrat
Durability,quality,Product looks good but wheel quality,0.2382,RZRLGQ9AZHDQDW,B91640B2DE,Aristocrat
Durability,quality,Usable but don't expect premium quality at this price,0.0,RZRLGQ9AZHDQDW,B91640B2DE,Aristocrat
Wheels,wheel,Product looks good but wheel quality,0.2382,RK6P0N17UXHVDH,B91640B2DE,Aristocrat
Durability,quality,Product looks good but wheel quality,0.2382,RK6P0N17UXHVDH,B91640B2DE,Aristocrat
Durability,quality,Usable but don't expect premium quality at this price,0.0,RK6P0N17UXHVDH,B91640B2DE,Aristocrat
Weight,lightweight,Lightweight,0.0,RYRG29D2FF5L6B,B91640B2DE,Aristocrat
Weight,weight,The weight impressed me the most,0.4767,RYRG29D2FF5L6B,B91640B2DE,Aristocrat
Zipper,zipper,Product looks good but zipper failure,-0.5423,RIO1ZM4LCVHFWJ,B91640B2DE,Aristocrat
Weight,lightweight,Lightweight saves it somewhat,0.0,RIO1ZM4LCVHFWJ,B91640B2DE,Aristocrat
Durability,quality,Usable but don't expect premium quality at this price,0.0,RIO1ZM4LCVHFWJ,B91640B2DE,Aristocrat
Weight,lightweight,Lightweight,0.0,R541MPW57GN79H,B91640B2DE,Aristocrat
Wheels,wheel,But I noticed wheel quality after a few uses,0.0,R541MPW57GN79H,B91640B2DE,Aristocrat
Durability,quality,But I noticed wheel quality after a few uses,0.0,R541MPW57GN79H,B91640B2DE,Aristocrat
Handle,handle,The handle started fine but degraded,-0.5106,R541MPW57GN79H,B91640B2DE,Aristocrat
Lock,lock,The lock impressed me the most,0.4767,RSAJXXO9ZJCUBZ,B91640B2DE,Aristocrat
Durability,durability,Lightweight but poor durability,-0.631,RZG4C4EPZL4J4X,B91640B2DE,Aristocrat
Weight,lightweight,Lightweight but poor durability,-0.631,RZG4C4EPZL4J4X,B91640B2DE,Aristocrat
Handle,handle,"The handle is okay, nothing extraordinary",0.2263,RZG4C4EPZL4J4X,B91640B2DE,Aristocrat
Size & Capacity,compartments,Really impressed with the compartments,0.5256,R7S7O4YC3S0DPJ,B91640B2DE,Aristocrat
Durability,quality,Mediocre quality,0.0,REQ4D7D7GDLWAG,B91640B2DE,Aristocrat
Zipper,zipper,Lightweight is great but zipper failure is disappointing,-0.802,REQ4D7D7GDLWAG,B91640B2DE,Aristocrat
Weight,lightweight,Lightweight is great but zipper failure is disappointing,-0.802,REQ4D7D7GDLWAG,B91640B2DE,Aristocrat
Material,material,Simple design but cheap material feel,0.0,RKUO4JH9JPDMN1,B783A0E9E3,Aristocrat
Lock,lock,"The lock is okay, nothing extraordinary",0.2263,RKUO4JH9JPDMN1,B783A0E9E3,Aristocrat
Weight,weight,Basic functionality and the weight is top notch,0.2023,RM32HZS32D1JQB,B783A0E9E3,Aristocrat
Material,build,Simple design and the build quality is top notch,0.2023,RNNVBZW5APMXD6,B783A0E9E3,Aristocrat
Durability,build quality,Simple design and the build quality is top notch,0.2023,RNNVBZW5APMXD6,B783A0E9E3,Aristocrat
Size & Capacity,fits,Fits all airline requirements,0.0,RRI0VROB7I77DP,B783A0E9E3,Aristocrat
Material,build,build quality is of great quality,0.6249,RRI0VROB7I77DP,B783A0E9E3,Aristocrat
Durability,build quality,build quality is of great quality,0.6249,RRI0VROB7I77DP,B783A0E9E3,Aristocrat
Durability,quality,Average quality,0.0,RH91EL88L12QFA,B783A0E9E3,Aristocrat
Material,material,"Basic functionality which is nice, but cheap material feel",0.2263,RH91EL88L12QFA,B783A0E9E3,Aristocrat
Durability,quality,Aristocrat quality is reliable,0.0,RFT1AFDTOHRNQI,B783A0E9E3,Aristocrat
Weight,lightweight,Lightweight and basic functionality,0.0,R0POCR0VHV1NM3,B783A0E9E3,Aristocrat
Durability,quality,Aristocrat quality is reliable,0.0,R0POCR0VHV1NM3,B783A0E9E3,Aristocrat
Material,build,"The build quality is good, Most affordable",0.4404,RPMXPKN3B8PFY4,B783A0E9E3,Aristocrat
Durability,build quality,"The build quality is good, Most affordable",0.4404,RPMXPKN3B8PFY4,B783A0E9E3,Aristocrat
Size & Capacity,packing,Packing was easy due to the spacious compartments,0.4404,RPMXPKN3B8PFY4,B783A0E9E3,Aristocrat
Material,build,The build quality is excellent,0.5719,RPMXPKN3B8PFY4,B783A0E9E3,Aristocrat
Durability,build quality,The build quality is excellent,0.5719,RPMXPKN3B8PFY4,B783A0E9E3,Aristocrat
Weight,weight,The weight makes it very convenient to use,0.0,RXYPBP0E36S2Z4,B46A7BE6E5,Aristocrat
Durability,quality,Average quality,0.0,RH30QBKERN6YJM,B46A7BE6E5,Aristocrat
Material,material,"Most affordable which is nice, but cheap material feel",0.2263,RH30QBKERN6YJM,B46A7BE6E5,Aristocrat
Weight,lightweight,Lightweight and the lock is top notch,0.2023,RALWVMB0IDD0WP,B46A7BE6E5,Aristocrat
Lock,lock,Lightweight and the lock is top notch,0.2023,RALWVMB0IDD0WP,B46A7BE6E5,Aristocrat
Durability,quality,Mediocre quality,0.0,RBV03DS0MWKOG0,B46A7BE6E5,Aristocrat
Material,material,Most affordable but cheap material feel,0.0,RBV03DS0MWKOG0,B46A7BE6E5,Aristocrat
Material,build,"The build quality is okay, nothing extraordinary",0.2263,RBV03DS0MWKOG0,B46A7BE6E5,Aristocrat
Durability,build quality,"The build quality is okay, nothing extraordinary",0.2263,RBV03DS0MWKOG0,B46A7BE6E5,Aristocrat
Zipper,zipper,"However, zipper failure",-0.5106,R9WT2YBUH7JYGS,B46A7BE6E5,Aristocrat
Weight,weight,The weight could be better,0.4404,R9WT2YBUH7JYGS,B46A7BE6E5,Aristocrat
Handle,handle,handle issues though,0.0,RJQ2WDIZHW0VQP,B46A7BE6E5,Aristocrat
Weight,weight,The weight is mediocre,0.0,RJQ2WDIZHW0VQP,B46A7BE6E5,Aristocrat
Durability,quality,Mediocre quality,0.0,R3F4RTGOOXUCR9,B46A7BE6E5,Aristocrat
Material,material,Product looks good but cheap material feel,0.2382,R3F4RTGOOXUCR9,B46A7BE6E5,Aristocrat
Weight,lightweight,Lightweight saves it somewhat,0.0,R3F4RTGOOXUCR9,B46A7BE6E5,Aristocrat
Durability,quality,Usable but don't expect premium quality at this price,0.0,R3F4RTGOOXUCR9,B46A7BE6E5,Aristocrat
Durability,durability,But poor durability is a concern,-0.631,RWGMP9A9URI7EV,B46A7BE6E5,Aristocrat
Size & Capacity,fits,Fits all airline requirements,0.0,R199TMH6K1WXYW,B46A7BE6E5,Aristocrat
Weight,lightweight,Lightweight,0.0,R199TMH6K1WXYW,B46A7BE6E5,Aristocrat
Handle,handle,handle is of great quality,0.6249,R199TMH6K1WXYW,B46A7BE6E5,Aristocrat
Durability,quality,handle is of great quality,0.6249,R199TMH6K1WXYW,B46A7BE6E5,Aristocrat
Weight,lightweight,Lightweight,0.0,R7GKTMQG6NX9OW,B46A7BE6E5,Aristocrat
Handle,handle,But handle issues is a concern,0.0,R7GKTMQG6NX9OW,B46A7BE6E5,Aristocrat
Durability,quality,Excellent quality,0.5719,R8AV2OSG6Q0IQZ,B2FF044EE5,Aristocrat
Material,material,Simple design and the material is top notch,0.2023,R8AV2OSG6Q0IQZ,B2FF044EE5,Aristocrat
Material,build,The build quality is even better than my previous bag,0.4404,RPIGQX2456IZC0,B2FF044EE5,Aristocrat
Durability,build quality,The build quality is even better than my previous bag,0.4404,RPIGQX2456IZC0,B2FF044EE5,Aristocrat
Size & Capacity,spacious,Compact yet spacious,0.0,R85TZV9ZP3C330,B2FF044EE5,Aristocrat
Material,build,The build quality deserves special mention,0.4019,R85TZV9ZP3C330,B2FF044EE5,Aristocrat
Durability,build quality,The build quality deserves special mention,0.4019,R85TZV9ZP3C330,B2FF044EE5,Aristocrat
Wheels,wheel,"However, wheel quality",0.0,R1U2ZNXFIRJLYQ,B2FF044EE5,Aristocrat
Durability,quality,"However, wheel quality",0.0,R1U2ZNXFIRJLYQ,B2FF044EE5,Aristocrat
Weight,weight,The weight could be better,0.4404,R1U2ZNXFIRJLYQ,B2FF044EE5,Aristocrat
Weight,lightweight,Lightweight,0.0,RLQJJBFSA5UZLZ,B2FF044EE5,Aristocrat
Lock,lock,The lock impressed me the most,0.4767,RLQJJBFSA5UZLZ,B2FF044EE5,Aristocrat
Wheels,wheel,wheel quality though,0.0,RFANS5SR69XVSS,B983261431,Aristocrat
Durability,quality,wheel quality though,0.0,RFANS5SR69XVSS,B983261431,Aristocrat
Lock,lock,The lock is mediocre,0.0,RFANS5SR69XVSS,B983261431,Aristocrat
Handle,handle,But handle issues is a concern,0.0,RA8MLIK22XMQ66,B983261431,Aristocrat
Handle,handle,The handle impressed me the most,0.4767,R84TC2QSI2G74I,B983261431,Aristocrat
Weight,lightweight,Lightweight,0.0,RG3C6SCIVUQT2L,B983261431,Aristocrat
Material,material,The material feels durable and the lock is very smooth,0.0,RG3C6SCIVUQT2L,B983261431,Aristocrat
Durability,durable,The material feels durable and the lock is very smooth,0.0,RG3C6SCIVUQT2L,B983261431,Aristocrat
Lock,lock,The material feels durable and the lock is very smooth,0.0,RG3C6SCIVUQT2L,B983261431,Aristocrat
Material,material,cheap material feel though,0.0,RU5E51H3WQA1VR,B983261431,Aristocrat
Handle,handle,The handle is mediocre,0.0,RU5E51H3WQA1VR,B983261431,Aristocrat
Weight,lightweight,Lightweight and easy to maneuver,0.4404,RIJULP98RL9QFC,B983261431,Aristocrat
Lock,lock,The lock makes it very convenient to use,0.0,RIJULP98RL9QFC,B983261431,Aristocrat
Material,build,"The build quality is good, Most affordable",0.4404,RLK1QY7HYLGOGF,B983261431,Aristocrat
Durability,build quality,"The build quality is good, Most affordable",0.4404,RLK1QY7HYLGOGF,B983261431,Aristocrat
Size & Capacity,packing,Packing was easy due to the spacious compartments,0.4404,RLK1QY7HYLGOGF,B983261431,Aristocrat
Zipper,zipper,The zipper is excellent,0.5719,RLK1QY7HYLGOGF,B983261431,Aristocrat
Weight,lightweight,Lightweight,0.0,RL03LLU1A7BOXF,B4A671E0A4,Aristocrat
Lock,lock,The lock is even better than my previous bag,0.4404,RL03LLU1A7BOXF,B4A671E0A4,Aristocrat
Weight,lightweight,Lightweight and most affordable,0.0,RPNU02WPJCF07V,B4A671E0A4,Aristocrat
Durability,sturdy,Looks premium and feels sturdy,0.0,RPNU02WPJCF07V,B4A671E0A4,Aristocrat
Durability,quality,The lock quality is really good for this price range,0.4927,RPNU02WPJCF07V,B4A671E0A4,Aristocrat
Lock,lock,The lock quality is really good for this price range,0.4927,RPNU02WPJCF07V,B4A671E0A4,Aristocrat
Material,build,"The build quality is good, Lightweight",0.4404,RNDXJN7DE0L1OF,B4A671E0A4,Aristocrat
Durability,build quality,"The build quality is good, Lightweight",0.4404,RNDXJN7DE0L1OF,B4A671E0A4,Aristocrat
Weight,lightweight,"The build quality is good, Lightweight",0.4404,RNDXJN7DE0L1OF,B4A671E0A4,Aristocrat
Size & Capacity,packing,Packing was easy due to the spacious compartments,0.4404,RNDXJN7DE0L1OF,B4A671E0A4,Aristocrat
Material,build,The build quality is excellent,0.5719,RNDXJN7DE0L1OF,B4A671E0A4,Aristocrat
Durability,build quality,The build quality is excellent,0.5719,RNDXJN7DE0L1OF,B4A671E0A4,Aristocrat
Durability,durability,Lightweight is great but poor durability is disappointing,-0.7845,R1C2ZL46Q5GQQL,B4A671E0A4,Aristocrat
Weight,lightweight,Lightweight is great but poor durability is disappointing,-0.7845,R1C2ZL46Q5GQQL,B4A671E0A4,Aristocrat
Wheels,wheels,Most affordable and the wheels is top notch,0.2023,RP323C9NU985LT,B4A671E0A4,Aristocrat
Durability,quality,Excellent quality,0.5719,RUQXGCY3Q69FLG,B4A671E0A4,Aristocrat
Handle,handle,The material feels durable and the handle is very smooth,0.0,RUQXGCY3Q69FLG,B4A671E0A4,Aristocrat
Material,material,The material feels durable and the handle is very smooth,0.0,RUQXGCY3Q69FLG,B4A671E0A4,Aristocrat
Durability,durable,The material feels durable and the handle is very smooth,0.0,RUQXGCY3Q69FLG,B4A671E0A4,Aristocrat
Zipper,zipper,Simple design but zipper failure,-0.6652,RA3AIPJIYLQX1U,B4A671E0A4,Aristocrat
Weight,weight,"The weight is okay, nothing extraordinary",0.2263,RA3AIPJIYLQX1U,B4A671E0A4,Aristocrat
Durability,quality,Excellent quality,0.5719,RAV42T8LLIHKPJ,B4A671E0A4,Aristocrat
Material,build,"The build quality is good, Lightweight",0.4404,RAV42T8LLIHKPJ,B4A671E0A4,Aristocrat
Durability,build quality,"The build quality is good, Lightweight",0.4404,RAV42T8LLIHKPJ,B4A671E0A4,Aristocrat
Weight,lightweight,"The build quality is good, Lightweight",0.4404,RAV42T8LLIHKPJ,B4A671E0A4,Aristocrat
Size & Capacity,packing,Packing was easy due to the spacious compartments,0.4404,RAV42T8LLIHKPJ,B4A671E0A4,Aristocrat
Zipper,zipper,The zipper is excellent,0.5719,RAV42T8LLIHKPJ,B4A671E0A4,Aristocrat
Durability,quality,Great quality for the price,0.6249,R54HBPH1VE8SUS,B4A671E0A4,Aristocrat
Material,build,The build quality works smoothly,0.0,R54HBPH1VE8SUS,B4A671E0A4,Aristocrat
Durability,build quality,The build quality works smoothly,0.0,R54HBPH1VE8SUS,B4A671E0A4,Aristocrat
Material,material,Excellent material,0.5719,RANP8DMLC8XIZX,BD5CF69178,Nasher Miles
Size & Capacity,compartments,The compartments is even better than my previous bag,0.4404,RANP8DMLC8XIZX,BD5CF69178,Nasher Miles
Material,material,"Excellent material, premium look, and excellent lock",0.8126,R4GASFQBVH0KW3,BD5CF69178,Nasher Miles
Lock,lock,"Excellent material, premium look, and excellent lock",0.8126,R4GASFQBVH0KW3,BD5CF69178,Nasher Miles
Zipper,zipper,The zipper impressed me the most,0.4767,RRLW6JL2L5B56B,BD5CF69178,Nasher Miles
Zipper,zipper,Premium look and the zipper is top notch,0.2023,R6D9ER94TEVWLQ,BD5CF69178,Nasher Miles
Handle,handle,The handle is even better than my previous bag,0.4404,RHE7ICDO5DIGXL,BD5CF69178,Nasher Miles
Wheels,360,Smooth 360 wheels,0.0,RNF0402W29AW4I,BD5CF69178,Nasher Miles
Size & Capacity,pockets,The interiors are well-organized with multiple pockets,0.0,RNF0402W29AW4I,BD5CF69178,Nasher Miles
Durability,quality,lock quality is commendable,0.0,RNF0402W29AW4I,BD5CF69178,Nasher Miles
Lock,lock,lock quality is commendable,0.0,RNF0402W29AW4I,BD5CF69178,Nasher Miles
Wheels,360,Smooth 360 wheels,0.0,RJP0XSM9GM51QD,BD5CF69178,Nasher Miles
Weight,weight,The weight is even better than my previous bag,0.4404,RJP0XSM9GM51QD,BD5CF69178,Nasher Miles
Durability,quality,Excellent quality,0.5719,RIQETK5LP9C5SO,BD5CF69178,Nasher Miles
Material,material,Premium look and excellent material,0.5719,RIQETK5LP9C5SO,BD5CF69178,Nasher Miles
Durability,quality,Nasher Miles quality is reliable,0.0,RIQETK5LP9C5SO,BD5CF69178,Nasher Miles
Lock,tsa,Tsa lock,0.0,R4S2NI8TNDFWW4,BD5CF69178,Nasher Miles
Material,material,The material feels durable and the compartments is very smooth,0.0,R4S2NI8TNDFWW4,BD5CF69178,Nasher Miles
Size & Capacity,compartments,The material feels durable and the compartments is very smooth,0.0,R4S2NI8TNDFWW4,BD5CF69178,Nasher Miles
Durability,durable,The material feels durable and the compartments is very smooth,0.0,R4S2NI8TNDFWW4,BD5CF69178,Nasher Miles
Wheels,360,Smooth 360 wheels,0.0,R88K686QE7AJUL,BD5CF69178,Nasher Miles
Size & Capacity,spacious,Compact yet spacious,0.0,R88K686QE7AJUL,BD5CF69178,Nasher Miles
Weight,weight,The weight deserves special mention,0.4019,R88K686QE7AJUL,BD5CF69178,Nasher Miles
Wheels,360,Smooth 360 wheels,0.0,R2XOG4C8J6E07F,BD5CF69178,Nasher Miles
Size & Capacity,spacious,Compact yet spacious,0.0,R2XOG4C8J6E07F,BD5CF69178,Nasher Miles
Material,build,The build quality deserves special mention,0.4019,R2XOG4C8J6E07F,BD5CF69178,Nasher Miles
Durability,build quality,The build quality deserves special mention,0.4019,R2XOG4C8J6E07F,BD5CF69178,Nasher Miles
Durability,quality,Excellent quality,0.5719,RTVF51Z58B4JWP,BDFFD1D48B,Nasher Miles
Material,build,"The build quality is good, Trendy colors",0.4404,RTVF51Z58B4JWP,BDFFD1D48B,Nasher Miles
Durability,build quality,"The build quality is good, Trendy colors",0.4404,RTVF51Z58B4JWP,BDFFD1D48B,Nasher Miles
Size & Capacity,packing,Packing was easy due to the spacious compartments,0.4404,RTVF51Z58B4JWP,BDFFD1D48B,Nasher Miles
Material,build,The build quality is excellent,0.5719,RTVF51Z58B4JWP,BDFFD1D48B,Nasher Miles
Durability,build quality,The build quality is excellent,0.5719,RTVF51Z58B4JWP,BDFFD1D48B,Nasher Miles
Material,material,The material feels durable and the material is very smooth,0.0,RVVN5X48PW5K0J,BDFFD1D48B,Nasher Miles
Durability,durable,The material feels durable and the material is very smooth,0.0,RVVN5X48PW5K0J,BDFFD1D48B,Nasher Miles
Durability,quality,Excellent quality,0.5719,RZRVHPJ93RVUV5,BDFFD1D48B,Nasher Miles
Lock,lock,The lock impressed me the most,0.4767,RZRVHPJ93RVUV5,BDFFD1D48B,Nasher Miles
Size & Capacity,fits,Fits all airline requirements,0.0,RMY6PO0M24US73,BDFFD1D48B,Nasher Miles
Handle,handle,handle is of great quality,0.6249,RMY6PO0M24US73,BDFFD1D48B,Nasher Miles
Durability,quality,handle is of great quality,0.6249,RMY6PO0M24US73,BDFFD1D48B,Nasher Miles
Material,build,"The build quality is good, Tsa lock",0.4404,RWLKOBQ6MYM8J2,BDFFD1D48B,Nasher Miles
Durability,build quality,"The build quality is good, Tsa lock",0.4404,RWLKOBQ6MYM8J2,BDFFD1D48B,Nasher Miles
Lock,tsa,"The build quality is good, Tsa lock",0.4404,RWLKOBQ6MYM8J2,BDFFD1D48B,Nasher Miles
Size & Capacity,packing,Packing was easy due to the spacious compartments,0.4404,RWLKOBQ6MYM8J2,BDFFD1D48B,Nasher Miles
Wheels,wheels,The wheels is excellent,0.5719,RWLKOBQ6MYM8J2,BDFFD1D48B,Nasher Miles
Lock,tsa,Tsa lock,0.0,ROM344MW04I3DZ,BDFFD1D48B,Nasher Miles
Material,material,The material feels durable and the material is very smooth,0.0,ROM344MW04I3DZ,BDFFD1D48B,Nasher Miles
Durability,durable,The material feels durable and the material is very smooth,0.0,ROM344MW04I3DZ,BDFFD1D48B,Nasher Miles
Size & Capacity,pockets,The interiors are well-organized with multiple pockets,0.0,R4RMPNFGAGLSXK,BDFFD1D48B,Nasher Miles
Zipper,zipper,zipper quality is commendable,0.0,R4RMPNFGAGLSXK,BDFFD1D48B,Nasher Miles
Durability,quality,zipper quality is commendable,0.0,R4RMPNFGAGLSXK,BDFFD1D48B,Nasher Miles
Handle,handle,"Tsa lock, trendy colors, and excellent handle",0.5719,RFMMEN4052W8LI,BDFFD1D48B,Nasher Miles
Lock,tsa,"Tsa lock, trendy colors, and excellent handle",0.5719,RFMMEN4052W8LI,BDFFD1D48B,Nasher Miles
Wheels,360,Trendy colors and smooth 360 wheels,0.0,R9IIXHAIAW4OTU,BDFFD1D48B,Nasher Miles
Lock,lock,The lock is really impressive,0.5563,R9IIXHAIAW4OTU,BDFFD1D48B,Nasher Miles
Material,material,"Excellent material, trendy colors, and excellent weight",0.8126,RPN7ITCYL3Z2UD,BDFFD1D48B,Nasher Miles
Weight,weight,"Excellent material, trendy colors, and excellent weight",0.8126,RPN7ITCYL3Z2UD,BDFFD1D48B,Nasher Miles
Lock,tsa,Tsa lock,0.0,RMZ93IJ4QPVC9A,BDFFD1D48B,Nasher Miles
Size & Capacity,pockets,The interiors are well-organized with multiple pockets,0.0,RMZ93IJ4QPVC9A,BDFFD1D48B,Nasher Miles
Handle,handle,handle quality is commendable,0.0,RMZ93IJ4QPVC9A,BDFFD1D48B,Nasher Miles
Durability,quality,handle quality is commendable,0.0,RMZ93IJ4QPVC9A,BDFFD1D48B,Nasher Miles
Durability,quality,Great quality for the price,0.6249,RJJ6AVP1EOXLZK,BDFFD1D48B,Nasher Miles
Material,material,Excellent material,0.5719,RJJ6AVP1EOXLZK,BDFFD1D48B,Nasher Miles
Zipper,zipper,The zipper works smoothly,0.0,RJJ6AVP1EOXLZK,BDFFD1D48B,Nasher Miles
Weight,weight,Tsa lock and the weight is top notch,0.2023,R58B1V1CCOFH91,BDFFD1D48B,Nasher Miles
Lock,tsa,Tsa lock and the weight is top notch,0.2023,R58B1V1CCOFH91,BDFFD1D48B,Nasher Miles
Wheels,360,Trendy colors and smooth 360 wheels,0.0,RGLGPJDJHMXCQD,B65D869BAB,Nasher Miles
Durability,quality,Nasher Miles quality is reliable,0.0,RGLGPJDJHMXCQD,B65D869BAB,Nasher Miles
Weight,heavy,Product looks good but heavy weight,0.2382,R8TANA6U48GWGH,B65D869BAB,Nasher Miles
Durability,quality,Usable but don't expect premium quality at this price,0.0,R8TANA6U48GWGH,B65D869BAB,Nasher Miles
Wheels,360,Trendy colors and smooth 360 wheels,0.0,RF3BBT873LKMGS,B65D869BAB,Nasher Miles
Zipper,zipper,Really impressed with the zipper,0.5256,RF3BBT873LKMGS,B65D869BAB,Nasher Miles
Lock,tsa,Tsa lock,0.0,R7YCIF8R2BC9R4,B65D869BAB,Nasher Miles
Size & Capacity,compartments,The compartments is even better than my previous bag,0.4404,R7YCIF8R2BC9R4,B65D869BAB,Nasher Miles
Lock,tsa,Tsa lock and TSA lock,0.0,RZS1XKE1KWONRR,B65D869BAB,Nasher Miles
Size & Capacity,compartments,Really impressed with the compartments,0.5256,RZS1XKE1KWONRR,B65D869BAB,Nasher Miles
Material,material,Excellent material,0.5719,R3GD60UGLBB8NM,B65D869BAB,Nasher Miles
Lock,lock,The lock is even better than my previous bag,0.4404,R3GD60UGLBB8NM,B65D869BAB,Nasher Miles
Material,material,Excellent material,0.5719,RD86ZCHHXA7HY7,B65D869BAB,Nasher Miles
Material,material,The material feels durable and the zipper is very smooth,0.0,RD86ZCHHXA7HY7,B65D869BAB,Nasher Miles
Zipper,zipper,The material feels durable and the zipper is very smooth,0.0,RD86ZCHHXA7HY7,B65D869BAB,Nasher Miles
Durability,durable,The material feels durable and the zipper is very smooth,0.0,RD86ZCHHXA7HY7,B65D869BAB,Nasher Miles
Durability,quality,Mediocre quality,0.0,R7OFVWJ7YZ6L7X,B65D869BAB,Nasher Miles
Durability,quality,Average quality,0.0,R7OFVWJ7YZ6L7X,B65D869BAB,Nasher Miles
Weight,heavy,"Trendy colors which is nice, but heavy weight",0.2263,R7OFVWJ7YZ6L7X,B65D869BAB,Nasher Miles
Size & Capacity,spacious,Compact yet spacious,0.0,RAYB1EYCEF2CTG,B65D869BAB,Nasher Miles
Material,material,The material deserves special mention,0.4019,RAYB1EYCEF2CTG,B65D869BAB,Nasher Miles
Material,material,Tsa lock and excellent material,0.5719,R4J1O5HD4HSBRE,B65D869BAB,Nasher Miles
Lock,tsa,Tsa lock and excellent material,0.5719,R4J1O5HD4HSBRE,B65D869BAB,Nasher Miles
Durability,sturdy,Looks premium and feels sturdy,0.0,R4J1O5HD4HSBRE,B65D869BAB,Nasher Miles
Durability,quality,The weight quality is really good for this price range,0.4927,R4J1O5HD4HSBRE,B65D869BAB,Nasher Miles
Weight,weight,The weight quality is really good for this price range,0.4927,R4J1O5HD4HSBRE,B65D869BAB,Nasher Miles
Material,material,Tsa lock and excellent material,0.5719,R0P1XS910BAF4J,B65D869BAB,Nasher Miles
Lock,tsa,Tsa lock and excellent material,0.5719,R0P1XS910BAF4J,B65D869BAB,Nasher Miles
Durability,quality,Nasher Miles quality is reliable,0.0,R0P1XS910BAF4J,B65D869BAB,Nasher Miles
Durability,quality,Mediocre quality,0.0,RXP5CITUF8CYOT,B3F64DDF09,Nasher Miles
Wheels,360,Smooth 360 wheels,0.0,RXP5CITUF8CYOT,B3F64DDF09,Nasher Miles
Weight,heavy,heavy weight though,0.0,RXP5CITUF8CYOT,B3F64DDF09,Nasher Miles
Handle,handle,The handle is mediocre,0.0,RXP5CITUF8CYOT,B3F64DDF09,Nasher Miles
Wheels,360,Smooth 360 wheels and easy to maneuver,0.4404,RACNU41BTA3RUN,B3F64DDF09,Nasher Miles
Handle,handle,The handle makes it very convenient to use,0.0,RACNU41BTA3RUN,B3F64DDF09,Nasher Miles
Material,material,The material makes it very convenient to use,0.0,R9WR6Q5IK08NJF,B3F64DDF09,Nasher Miles
Wheels,360,Smooth 360 wheels and trendy colors,0.0,R7PP0PNNLO0HHG,B3F64DDF09,Nasher Miles
Durability,quality,Nasher Miles quality is reliable,0.0,R7PP0PNNLO0HHG,B3F64DDF09,Nasher Miles
Lock,tsa,Trendy colors and TSA lock,0.0,RXHFDXK31WBHTF,B3F64DDF09,Nasher Miles
Size & Capacity,compartments,Really impressed with the compartments,0.5256,RXHFDXK31WBHTF,B3F64DDF09,Nasher Miles
Wheels,360,Tsa lock and smooth 360 wheels,0.0,R9Y1XU2FLI01RV,B3F64DDF09,Nasher Miles
Lock,tsa,Tsa lock and smooth 360 wheels,0.0,R9Y1XU2FLI01RV,B3F64DDF09,Nasher Miles
Durability,quality,Nasher Miles quality is reliable,0.0,R9Y1XU2FLI01RV,B3F64DDF09,Nasher Miles
Durability,quality,Excellent quality,0.5719,RA75LD7M08LCWL,B3F64DDF09,Nasher Miles
Wheels,wheels,The wheels makes it very convenient to use,0.0,RA75LD7M08LCWL,B3F64DDF09,Nasher Miles
Wheels,360,Smooth 360 wheels and excellent material,0.5719,RE6OUWZK4IE86D,B3F64DDF09,Nasher Miles
Material,material,Smooth 360 wheels and excellent material,0.5719,RE6OUWZK4IE86D,B3F64DDF09,Nasher Miles
Zipper,zipper,Really impressed with the zipper,0.5256,RE6OUWZK4IE86D,B3F64DDF09,Nasher Miles
Wheels,360,Smooth 360 wheels,0.0,RY37VG688U595C,B3F64DDF09,Nasher Miles
Weight,weight,The weight is even better than my previous bag,0.4404,RY37VG688U595C,B3F64DDF09,Nasher Miles
Lock,tsa,Tsa lock,0.0,RWV9NJS96ALGXZ,B33DCEF80F,Nasher Miles
Handle,handle,The handle impressed me the most,0.4767,RWV9NJS96ALGXZ,B33DCEF80F,Nasher Miles
Durability,sturdy,Looks premium and feels sturdy,0.0,RTE9W0AN6NBYZM,B33DCEF80F,Nasher Miles
Wheels,wheels,The wheels quality is really good for this price range,0.4927,RTE9W0AN6NBYZM,B33DCEF80F,Nasher Miles
Durability,quality,The wheels quality is really good for this price range,0.4927,RTE9W0AN6NBYZM,B33DCEF80F,Nasher Miles
Wheels,360,"Excellent material, smooth 360 wheels, and excellent compartments",0.8126,RKCQY2656AE1IG,B33DCEF80F,Nasher Miles
Material,material,"Excellent material, smooth 360 wheels, and excellent compartments",0.8126,RKCQY2656AE1IG,B33DCEF80F,Nasher Miles
Size & Capacity,compartments,"Excellent material, smooth 360 wheels, and excellent compartments",0.8126,RKCQY2656AE1IG,B33DCEF80F,Nasher Miles
Size & Capacity,spacious,Compact yet spacious,0.0,RA35WFW5Q52DEZ,B33DCEF80F,Nasher Miles
Handle,handle,The handle deserves special mention,0.4019,RA35WFW5Q52DEZ,B33DCEF80F,Nasher Miles
Wheels,360,Trendy colors and smooth 360 wheels,0.0,RBCLTRH9VGKY5C,B33DCEF80F,Nasher Miles
Handle,handle,The handle is really impressive,0.5563,RBCLTRH9VGKY5C,B33DCEF80F,Nasher Miles
Wheels,360,Smooth 360 wheels and excellent material,0.5719,RE1G41IO4KOXHJ,B33DCEF80F,Nasher Miles
Material,material,Smooth 360 wheels and excellent material,0.5719,RE1G41IO4KOXHJ,B33DCEF80F,Nasher Miles
Durability,sturdy,Looks premium and feels sturdy,0.0,RE1G41IO4KOXHJ,B33DCEF80F,Nasher Miles
Material,material,The material quality is really good for this price range,0.4927,RE1G41IO4KOXHJ,B33DCEF80F,Nasher Miles
Durability,quality,The material quality is really good for this price range,0.4927,RE1G41IO4KOXHJ,B33DCEF80F,Nasher Miles
Wheels,360,Smooth 360 wheels and premium look,0.0,RCM0W3C1ZA0DV6,B33DCEF80F,Nasher Miles
Durability,sturdy,Looks premium and feels sturdy,0.0,RCM0W3C1ZA0DV6,B33DCEF80F,Nasher Miles
Durability,quality,The lock quality is really good for this price range,0.4927,RCM0W3C1ZA0DV6,B33DCEF80F,Nasher Miles
Lock,lock,The lock quality is really good for this price range,0.4927,RCM0W3C1ZA0DV6,B33DCEF80F,Nasher Miles
Size & Capacity,fits,Fits all airline requirements,0.0,RM3NKRT0IGYO5L,B33DCEF80F,Nasher Miles
Material,material,Excellent material,0.5719,RM3NKRT0IGYO5L,B33DCEF80F,Nasher Miles
Handle,handle,handle is of great quality,0.6249,RM3NKRT0IGYO5L,B33DCEF80F,Nasher Miles
Durability,quality,handle is of great quality,0.6249,RM3NKRT0IGYO5L,B33DCEF80F,Nasher Miles
Material,material,Premium look and excellent material,0.5719,RN5FNP36F8HARJ,B33DCEF80F,Nasher Miles
Durability,quality,Nasher Miles quality is reliable,0.0,RN5FNP36F8HARJ,B33DCEF80F,Nasher Miles
Lock,tsa,Tsa lock,0.0,RGVRP4RXMD8ZVF,B33DCEF80F,Nasher Miles
Size & Capacity,spacious,Compact yet spacious,0.0,RGVRP4RXMD8ZVF,B33DCEF80F,Nasher Miles
Lock,lock,The lock deserves special mention,0.4019,RGVRP4RXMD8ZVF,B33DCEF80F,Nasher Miles
Wheels,360,Smooth 360 wheels and easy to maneuver,0.4404,RLWWVTMNYEURAN,B33DCEF80F,Nasher Miles
Lock,lock,The lock makes it very convenient to use,0.0,RLWWVTMNYEURAN,B33DCEF80F,Nasher Miles
Material,material,Excellent material and TSA lock,0.5719,RTULGELW8IVI3R,B33DCEF80F,Nasher Miles
Lock,tsa,Excellent material and TSA lock,0.5719,RTULGELW8IVI3R,B33DCEF80F,Nasher Miles
Material,material,Really impressed with the material,0.5256,RTULGELW8IVI3R,B33DCEF80F,Nasher Miles
Size & Capacity,fits,Fits all airline requirements,0.0,RRV68JQ12JF4CI,B33DCEF80F,Nasher Miles
Material,material,Excellent material,0.5719,RRV68JQ12JF4CI,B33DCEF80F,Nasher Miles
Zipper,zipper,zipper is of great quality,0.6249,RRV68JQ12JF4CI,B33DCEF80F,Nasher Miles
Durability,quality,zipper is of great quality,0.6249,RRV68JQ12JF4CI,B33DCEF80F,Nasher Miles
Wheels,360,Smooth 360 wheels,0.0,RRL5H3G7VKC5SS,B33DCEF80F,Nasher Miles
Material,material,The material feels durable and the build quality is very smooth,0.0,RRL5H3G7VKC5SS,B33DCEF80F,Nasher Miles
Durability,durable,The material feels durable and the build quality is very smooth,0.0,RRL5H3G7VKC5SS,B33DCEF80F,Nasher Miles
Wheels,360,"The build quality is good, Smooth 360 wheels",0.4404,RBXPN19QNFPL7Q,B33DCEF80F,Nasher Miles
Material,build,"The build quality is good, Smooth 360 wheels",0.4404,RBXPN19QNFPL7Q,B33DCEF80F,Nasher Miles
Durability,build quality,"The build quality is good, Smooth 360 wheels",0.4404,RBXPN19QNFPL7Q,B33DCEF80F,Nasher Miles
Size & Capacity,packing,Packing was easy due to the spacious compartments,0.4404,RBXPN19QNFPL7Q,B33DCEF80F,Nasher Miles
Lock,lock,The lock is excellent,0.5719,RBXPN19QNFPL7Q,B33DCEF80F,Nasher Miles
Material,material,The material feels durable and the compartments is very smooth,0.0,RLZTWXOL4BKUU5,B113DB3A12,Nasher Miles
Size & Capacity,compartments,The material feels durable and the compartments is very smooth,0.0,RLZTWXOL4BKUU5,B113DB3A12,Nasher Miles
Durability,durable,The material feels durable and the compartments is very smooth,0.0,RLZTWXOL4BKUU5,B113DB3A12,Nasher Miles
Zipper,zipper,Premium look and the zipper is top notch,0.2023,RI19MO1RTSXOF3,B113DB3A12,Nasher Miles
Wheels,360,"The build quality is good, Smooth 360 wheels",0.4404,RYAXZRB188ELNW,B113DB3A12,Nasher Miles
Material,build,"The build quality is good, Smooth 360 wheels",0.4404,RYAXZRB188ELNW,B113DB3A12,Nasher Miles
Durability,build quality,"The build quality is good, Smooth 360 wheels",0.4404,RYAXZRB188ELNW,B113DB3A12,Nasher Miles
Size & Capacity,packing,Packing was easy due to the spacious compartments,0.4404,RYAXZRB188ELNW,B113DB3A12,Nasher Miles
Lock,lock,The lock is excellent,0.5719,RYAXZRB188ELNW,B113DB3A12,Nasher Miles
Material,material,The material feels durable and the weight is very smooth,0.0,RVHUAZUN6FHT60,B113DB3A12,Nasher Miles
Durability,durable,The material feels durable and the weight is very smooth,0.0,RVHUAZUN6FHT60,B113DB3A12,Nasher Miles
Weight,weight,The material feels durable and the weight is very smooth,0.0,RVHUAZUN6FHT60,B113DB3A12,Nasher Miles
Wheels,360,Smooth 360 wheels and the weight is top notch,0.2023,RH6OXQQ8Y1HEND,B113DB3A12,Nasher Miles
Weight,weight,Smooth 360 wheels and the weight is top notch,0.2023,RH6OXQQ8Y1HEND,B113DB3A12,Nasher Miles
Material,material,Tsa lock and excellent material,0.5719,RQXI64HAA34H8N,B113DB3A12,Nasher Miles
Lock,tsa,Tsa lock and excellent material,0.5719,RQXI64HAA34H8N,B113DB3A12,Nasher Miles
Material,material,Really impressed with the material,0.5256,RQXI64HAA34H8N,B113DB3A12,Nasher Miles
Handle,handle,The handle could be better,0.4404,R487KNUFBHGP5C,B17C9B6D0C,Nasher Miles
Durability,quality,Excellent quality,0.5719,R70YB7RADI5UUJ,B17C9B6D0C,Nasher Miles
Wheels,360,Trendy colors and smooth 360 wheels,0.0,R70YB7RADI5UUJ,B17C9B6D0C,Nasher Miles
Durability,sturdy,Looks premium and feels sturdy,0.0,R70YB7RADI5UUJ,B17C9B6D0C,Nasher Miles
Zipper,zipper,The zipper quality is really good for this price range,0.4927,R70YB7RADI5UUJ,B17C9B6D0C,Nasher Miles
Durability,quality,The zipper quality is really good for this price range,0.4927,R70YB7RADI5UUJ,B17C9B6D0C,Nasher Miles
Material,build,"The build quality is good, Premium look",0.4404,RNBPQGA6X85ZZH,B17C9B6D0C,Nasher Miles
Durability,build quality,"The build quality is good, Premium look",0.4404,RNBPQGA6X85ZZH,B17C9B6D0C,Nasher Miles
Size & Capacity,packing,Packing was easy due to the spacious compartments,0.4404,RNBPQGA6X85ZZH,B17C9B6D0C,Nasher Miles
Zipper,zipper,The zipper is excellent,0.5719,RNBPQGA6X85ZZH,B17C9B6D0C,Nasher Miles
Size & Capacity,pockets,The interiors are well-organized with multiple pockets,0.0,R4P8RI4BNVQRFX,B17C9B6D0C,Nasher Miles
Material,build,build quality quality is commendable,0.0,R4P8RI4BNVQRFX,B17C9B6D0C,Nasher Miles
Durability,build quality,build quality quality is commendable,0.0,R4P8RI4BNVQRFX,B17C9B6D0C,Nasher Miles
Material,material,"Excellent material, TSA lock, and excellent compartments",0.8126,RUN91FY6YO8DJE,B17C9B6D0C,Nasher Miles
Size & Capacity,compartments,"Excellent material, TSA lock, and excellent compartments",0.8126,RUN91FY6YO8DJE,B17C9B6D0C,Nasher Miles
Lock,tsa,"Excellent material, TSA lock, and excellent compartments",0.8126,RUN91FY6YO8DJE,B17C9B6D0C,Nasher Miles
Lock,tsa,Tsa lock,0.0,RMW04U923O359T,B17C9B6D0C,Nasher Miles
Wheels,wheels,The wheels impressed me the most,0.4767,RMW04U923O359T,B17C9B6D0C,Nasher Miles
Wheels,360,"Smooth 360 wheels, trendy colors, and excellent zipper",0.5719,RE02TOXOU0Y9IX,B17C9B6D0C,Nasher Miles
Zipper,zipper,"Smooth 360 wheels, trendy colors, and excellent zipper",0.5719,RE02TOXOU0Y9IX,B17C9B6D0C,Nasher Miles
Wheels,360,Smooth 360 wheels,0.0,R8IO3TD3ABEG1C,B17C9B6D0C,Nasher Miles
Handle,handle,The handle is even better than my previous bag,0.4404,R8IO3TD3ABEG1C,B17C9B6D0C,Nasher Miles
Size & Capacity,compartments,The compartments makes it very convenient to use,0.0,RVMNKW7WVY9RMJ,B17C9B6D0C,Nasher Miles
Size & Capacity,compartments,The compartments makes it very convenient to use,0.0,RBR6RTC0Z7Q0I9,B17C9B6D0C,Nasher Miles
Durability,quality,Excellent quality,0.5719,RAE527PSQZN7XB,B17C9B6D0C,Nasher Miles
Material,build,"The build quality is good, Tsa lock",0.4404,RAE527PSQZN7XB,B17C9B6D0C,Nasher Miles
Durability,build quality,"The build quality is good, Tsa lock",0.4404,RAE527PSQZN7XB,B17C9B6D0C,Nasher Miles
Lock,tsa,"The build quality is good, Tsa lock",0.4404,RAE527PSQZN7XB,B17C9B6D0C,Nasher Miles
Size & Capacity,packing,Packing was easy due to the spacious compartments,0.4404,RAE527PSQZN7XB,B17C9B6D0C,Nasher Miles
Material,build,The build quality is excellent,0.5719,RAE527PSQZN7XB,B17C9B6D0C,Nasher Miles
Durability,build quality,The build quality is excellent,0.5719,RAE527PSQZN7XB,B17C9B6D0C,Nasher Miles
Material,material,Excellent material and trendy colors,0.5719,RDF4HRA1361BGM,B17C9B6D0C,Nasher Miles
Zipper,zipper,The zipper is really impressive,0.5563,RDF4HRA1361BGM,B17C9B6D0C,Nasher Miles
Size & Capacity,pockets,The interiors are well-organized with multiple pockets,0.0,RF08UPNZASYWDR,B17C9B6D0C,Nasher Miles
Material,build,build quality quality is commendable,0.0,RF08UPNZASYWDR,B17C9B6D0C,Nasher Miles
Durability,build quality,build quality quality is commendable,0.0,RF08UPNZASYWDR,B17C9B6D0C,Nasher Miles
Size & Capacity,compartments,The compartments is even better than my previous bag,0.4404,REFUXQ9NJC2GOU,B17C9B6D0C,Nasher Miles
Material,material,Excellent material and premium look,0.5719,R2EXVA5E742GRR,B17C9B6D0C,Nasher Miles
Weight,weight,The weight is really impressive,0.5563,R2EXVA5E742GRR,B17C9B6D0C,Nasher Miles
Lock,tsa,Tsa lock,0.0,RFWOW73O1BLOG0,B317B03B9C,Nasher Miles
Handle,handle,The handle is even better than my previous bag,0.4404,RFWOW73O1BLOG0,B317B03B9C,Nasher Miles
Wheels,360,"Smooth 360 wheels, TSA lock, and excellent material",0.5719,R8SO5WISRCVPUZ,B317B03B9C,Nasher Miles
Material,material,"Smooth 360 wheels, TSA lock, and excellent material",0.5719,R8SO5WISRCVPUZ,B317B03B9C,Nasher Miles
Lock,tsa,"Smooth 360 wheels, TSA lock, and excellent material",0.5719,R8SO5WISRCVPUZ,B317B03B9C,Nasher Miles
Lock,tsa,Tsa lock and TSA lock,0.0,R74QR14VUYV2EM,B317B03B9C,Nasher Miles
Durability,sturdy,Looks premium and feels sturdy,0.0,R74QR14VUYV2EM,B317B03B9C,Nasher Miles
Size & Capacity,compartments,The compartments quality is really good for this price range,0.4927,R74QR14VUYV2EM,B317B03B9C,Nasher Miles
Durability,quality,The compartments quality is really good for this price range,0.4927,R74QR14VUYV2EM,B317B03B9C,Nasher Miles
Material,material,Excellent material and trendy colors,0.5719,RVI7LIG9GMYKVY,B317B03B9C,Nasher Miles
Durability,sturdy,Looks premium and feels sturdy,0.0,RVI7LIG9GMYKVY,B317B03B9C,Nasher Miles
Handle,handle,The handle quality is really good for this price range,0.4927,RVI7LIG9GMYKVY,B317B03B9C,Nasher Miles
Durability,quality,The handle quality is really good for this price range,0.4927,RVI7LIG9GMYKVY,B317B03B9C,Nasher Miles
Material,build,"The build quality is good, Excellent material",0.765,R2UG05WH23GXRI,B317B03B9C,Nasher Miles
Durability,build quality,"The build quality is good, Excellent material",0.765,R2UG05WH23GXRI,B317B03B9C,Nasher Miles
Size & Capacity,packing,Packing was easy due to the spacious compartments,0.4404,R2UG05WH23GXRI,B317B03B9C,Nasher Miles
Lock,lock,The lock is excellent,0.5719,R2UG05WH23GXRI,B317B03B9C,Nasher Miles
Material,material,Excellent material,0.5719,RVJ839AG77Q9VJ,B317B03B9C,Nasher Miles
Material,material,The material feels durable and the build quality is very smooth,0.0,RVJ839AG77Q9VJ,B317B03B9C,Nasher Miles
Durability,durable,The material feels durable and the build quality is very smooth,0.0,RVJ839AG77Q9VJ,B317B03B9C,Nasher Miles
Size & Capacity,fits,Fits all airline requirements,0.0,RNEGN2B4JTJ27Y,B317B03B9C,Nasher Miles
Material,build,build quality is of great quality,0.6249,RNEGN2B4JTJ27Y,B317B03B9C,Nasher Miles
Durability,build quality,build quality is of great quality,0.6249,RNEGN2B4JTJ27Y,B317B03B9C,Nasher Miles
Wheels,wheels,The wheels is really impressive,0.5563,RZKIHV17MIAV1G,B317B03B9C,Nasher Miles
Durability,quality,Excellent quality,0.5719,RIOIV67KAYP44Q,B317B03B9C,Nasher Miles
Size & Capacity,pockets,The interiors are well-organized with multiple pockets,0.0,RIOIV67KAYP44Q,B317B03B9C,Nasher Miles
Durability,quality,lock quality is commendable,0.0,RIOIV67KAYP44Q,B317B03B9C,Nasher Miles
Lock,lock,lock quality is commendable,0.0,RIOIV67KAYP44Q,B317B03B9C,Nasher Miles
Wheels,360,Smooth 360 wheels,0.0,R1A1HYP5MASNPH,B317B03B9C,Nasher Miles
Material,build,The build quality is even better than my previous bag,0.4404,R1A1HYP5MASNPH,B317B03B9C,Nasher Miles
Durability,build quality,The build quality is even better than my previous bag,0.4404,R1A1HYP5MASNPH,B317B03B9C,Nasher Miles
Wheels,360,"The build quality is good, Smooth 360 wheels",0.4404,ROIKIVQA7IZQ2N,B317B03B9C,Nasher Miles
Material,build,"The build quality is good, Smooth 360 wheels",0.4404,ROIKIVQA7IZQ2N,B317B03B9C,Nasher Miles
Durability,build quality,"The build quality is good, Smooth 360 wheels",0.4404,ROIKIVQA7IZQ2N,B317B03B9C,Nasher Miles
Size & Capacity,packing,Packing was easy due to the spacious compartments,0.4404,ROIKIVQA7IZQ2N,B317B03B9C,Nasher Miles
Weight,weight,The weight is excellent,0.5719,ROIKIVQA7IZQ2N,B317B03B9C,Nasher Miles
Durability,quality,Excellent quality,0.5719,RPMJ6JFHVSTHBN,B317B03B9C,Nasher Miles
Weight,weight,"Trendy colors, TSA lock, and excellent weight",0.5719,RPMJ6JFHVSTHBN,B317B03B9C,Nasher Miles
Lock,tsa,"Trendy colors, TSA lock, and excellent weight",0.5719,RPMJ6JFHVSTHBN,B317B03B9C,Nasher Miles
Durability,sturdy,Looks premium and feels sturdy,0.0,RFFP5GOFC5WU25,B317B03B9C,Nasher Miles
Wheels,wheels,The wheels quality is really good for this price range,0.4927,RFFP5GOFC5WU25,B317B03B9C,Nasher Miles
Durability,quality,The wheels quality is really good for this price range,0.4927,RFFP5GOFC5WU25,B317B03B9C,Nasher Miles
Wheels,360,Smooth 360 wheels and excellent material,0.5719,R3HZCD3GEQ10F7,B317B03B9C,Nasher Miles
Material,material,Smooth 360 wheels and excellent material,0.5719,R3HZCD3GEQ10F7,B317B03B9C,Nasher Miles
Weight,weight,Really impressed with the weight,0.5256,R3HZCD3GEQ10F7,B317B03B9C,Nasher Miles
Lock,tsa,Tsa lock,0.0,REBFE54UKIGDIX,B317B03B9C,Nasher Miles
Wheels,wheels,The material feels durable and the wheels is very smooth,0.0,REBFE54UKIGDIX,B317B03B9C,Nasher Miles
Material,material,The material feels durable and the wheels is very smooth,0.0,REBFE54UKIGDIX,B317B03B9C,Nasher Miles
Durability,durable,The material feels durable and the wheels is very smooth,0.0,REBFE54UKIGDIX,B317B03B9C,Nasher Miles
Lock,tsa,Tsa lock and trendy colors,0.0,R7MVZ01SOSR2HV,BA201722F9,Nasher Miles
Weight,weight,Really impressed with the weight,0.5256,R7MVZ01SOSR2HV,BA201722F9,Nasher Miles
Lock,lock,The lock impressed me the most,0.4767,RHAPWF520XKIAI,BA201722F9,Nasher Miles
Wheels,360,Smooth 360 wheels,0.0,ROB867KBQNXPVM,BA201722F9,Nasher Miles
Material,build,The build quality impressed me the most,0.4767,ROB867KBQNXPVM,BA201722F9,Nasher Miles
Durability,build quality,The build quality impressed me the most,0.4767,ROB867KBQNXPVM,BA201722F9,Nasher Miles
Material,material,Excellent material,0.5719,R7F9FZJAHSAO2Q,BA201722F9,Nasher Miles
Handle,handle,The handle impressed me the most,0.4767,R7F9FZJAHSAO2Q,BA201722F9,Nasher Miles
Lock,tsa,Trendy colors and TSA lock,0.0,R1B20UC87NXP0J,BA201722F9,Nasher Miles
Handle,handle,Really impressed with the handle,0.5256,R1B20UC87NXP0J,BA201722F9,Nasher Miles
Material,material,The material is really impressive,0.5563,R8HUP3FTJ6AC4J,BA201722F9,Nasher Miles
Durability,quality,Excellent quality,0.5719,RY3M0NQ8UT60WL,BA201722F9,Nasher Miles
Zipper,zipper,Really impressed with the zipper,0.5256,RY3M0NQ8UT60WL,BA201722F9,Nasher Miles
Material,build,"The build quality is good, Premium look",0.4404,RJ7K99BV2J3T4H,BA201722F9,Nasher Miles
Durability,build quality,"The build quality is good, Premium look",0.4404,RJ7K99BV2J3T4H,BA201722F9,Nasher Miles
Size & Capacity,packing,Packing was easy due to the spacious compartments,0.4404,RJ7K99BV2J3T4H,BA201722F9,Nasher Miles
Material,material,The material is excellent,0.5719,RJ7K99BV2J3T4H,BA201722F9,Nasher Miles
Handle,handle,"Tsa lock, TSA lock, and excellent handle",0.5719,ROOUKIW8X17COP,BA201722F9,Nasher Miles
Lock,tsa,"Tsa lock, TSA lock, and excellent handle",0.5719,ROOUKIW8X17COP,BA201722F9,Nasher Miles
Material,material,The material is even better than my previous bag,0.4404,RHPII2MVV4DC0F,BA201722F9,Nasher Miles
Lock,tsa,Premium look and TSA lock,0.0,RBK4Y7ZXDFLD9C,BA201722F9,Nasher Miles
Zipper,zipper,The zipper is really impressive,0.5563,RBK4Y7ZXDFLD9C,BA201722F9,Nasher Miles
Size & Capacity,spacious,Compact yet spacious,0.0,RVWS3KCVJXZDVY,BA201722F9,Nasher Miles
Weight,weight,The weight deserves special mention,0.4019,RVWS3KCVJXZDVY,BA201722F9,Nasher Miles
Zipper,zipper,"Trendy colors, TSA lock, and excellent zipper",0.5719,R8LX3P724XHQZB,BA201722F9,Nasher Miles
Lock,tsa,"Trendy colors, TSA lock, and excellent zipper",0.5719,R8LX3P724XHQZB,BA201722F9,Nasher Miles
Zipper,zipper,"Premium look, trendy colors, and excellent zipper",0.5719,RYUZPEX7TV7HRB,BA201722F9,Nasher Miles
Material,material,Excellent material and TSA lock,0.5719,R3Q825Q30ZX815,BA201722F9,Nasher Miles
Lock,tsa,Excellent material and TSA lock,0.5719,R3Q825Q30ZX815,BA201722F9,Nasher Miles
Wheels,wheels,The wheels is really impressive,0.5563,R3Q825Q30ZX815,BA201722F9,Nasher Miles
Wheels,360,Smooth 360 wheels and excellent material,0.5719,RBAMMWMD18HFY4,BA83D90250,Nasher Miles
Material,material,Smooth 360 wheels and excellent material,0.5719,RBAMMWMD18HFY4,BA83D90250,Nasher Miles
Durability,sturdy,Looks premium and feels sturdy,0.0,RBAMMWMD18HFY4,BA83D90250,Nasher Miles
Material,build,The build quality quality is really good for this price range,0.4927,RBAMMWMD18HFY4,BA83D90250,Nasher Miles
Durability,build quality,The build quality quality is really good for this price range,0.4927,RBAMMWMD18HFY4,BA83D90250,Nasher Miles
Lock,tsa,Premium look and TSA lock,0.0,RVK9QKAV8C3PQ5,BA83D90250,Nasher Miles
Durability,quality,Nasher Miles quality is reliable,0.0,RVK9QKAV8C3PQ5,BA83D90250,Nasher Miles
Material,material,Premium look and excellent material,0.5719,R6JJTB8QOP82J3,BA83D90250,Nasher Miles
Lock,lock,Really impressed with the lock,0.5256,R6JJTB8QOP82J3,BA83D90250,Nasher Miles
Lock,tsa,Tsa lock,0.0,R9HXKEI9ULTHYC,BA83D90250,Nasher Miles
Size & Capacity,pockets,The interiors are well-organized with multiple pockets,0.0,R9HXKEI9ULTHYC,BA83D90250,Nasher Miles
Durability,quality,lock quality is commendable,0.0,R9HXKEI9ULTHYC,BA83D90250,Nasher Miles
Lock,lock,lock quality is commendable,0.0,R9HXKEI9ULTHYC,BA83D90250,Nasher Miles
Material,material,Excellent material and the lock is top notch,0.6705,RFP0N1K9YXCFE7,BA83D90250,Nasher Miles
Lock,lock,Excellent material and the lock is top notch,0.6705,RFP0N1K9YXCFE7,BA83D90250,Nasher Miles
Lock,lock,Premium look and the lock is top notch,0.2023,RE12QEYKC2MNG8,BA83D90250,Nasher Miles
Wheels,360,Smooth 360 wheels and the handle is top notch,0.2023,RSYG91MMO1DS3H,BA83D90250,Nasher Miles
Handle,handle,Smooth 360 wheels and the handle is top notch,0.2023,RSYG91MMO1DS3H,BA83D90250,Nasher Miles
Wheels,360,"Smooth 360 wheels, TSA lock, and excellent handle",0.5719,R1NXHBQAM97XO4,BA83D90250,Nasher Miles
Handle,handle,"Smooth 360 wheels, TSA lock, and excellent handle",0.5719,R1NXHBQAM97XO4,BA83D90250,Nasher Miles
Lock,tsa,"Smooth 360 wheels, TSA lock, and excellent handle",0.5719,R1NXHBQAM97XO4,BA83D90250,Nasher Miles
Size & Capacity,fits,Fits all airline requirements,0.0,RTT1E32WITPBD7,BA83D90250,Nasher Miles
Wheels,360,Smooth 360 wheels,0.0,RTT1E32WITPBD7,BA83D90250,Nasher Miles
Handle,handle,handle is of great quality,0.6249,RTT1E32WITPBD7,BA83D90250,Nasher Miles
Durability,quality,handle is of great quality,0.6249,RTT1E32WITPBD7,BA83D90250,Nasher Miles
Size & Capacity,spacious,Compact yet spacious,0.0,RMOCTCLKA9LZ57,BA83D90250,Nasher Miles
Lock,lock,The lock deserves special mention,0.4019,RMOCTCLKA9LZ57,BA83D90250,Nasher Miles
Material,build,"The build quality is good, Premium look",0.4404,R4TT43TUYKTK61,B588869907,Nasher Miles
Durability,build quality,"The build quality is good, Premium look",0.4404,R4TT43TUYKTK61,B588869907,Nasher Miles
Size & Capacity,packing,Packing was easy due to the spacious compartments,0.4404,R4TT43TUYKTK61,B588869907,Nasher Miles
Handle,handle,The handle is excellent,0.5719,R4TT43TUYKTK61,B588869907,Nasher Miles
Material,material,Excellent material and easy to maneuver,0.765,RBC8VDRQNTJVU2,B588869907,Nasher Miles
Handle,handle,The handle makes it very convenient to use,0.0,RBC8VDRQNTJVU2,B588869907,Nasher Miles
Handle,handle,The handle makes it very convenient to use,0.0,R0E03YIOY5U04R,B588869907,Nasher Miles
Material,build,"The build quality is good, Tsa lock",0.4404,RE9OUJW6ZJVAEV,B588869907,Nasher Miles
Durability,build quality,"The build quality is good, Tsa lock",0.4404,RE9OUJW6ZJVAEV,B588869907,Nasher Miles
Lock,tsa,"The build quality is good, Tsa lock",0.4404,RE9OUJW6ZJVAEV,B588869907,Nasher Miles
Size & Capacity,packing,Packing was easy due to the spacious compartments,0.4404,RE9OUJW6ZJVAEV,B588869907,Nasher Miles
Weight,weight,The weight is excellent,0.5719,RE9OUJW6ZJVAEV,B588869907,Nasher Miles
Material,material,Premium look and the material is top notch,0.2023,R00YEH8UXZ3ADH,B588869907,Nasher Miles
Material,material,Excellent material,0.5719,RNSJX4FOGX8IRJ,B588869907,Nasher Miles
Size & Capacity,spacious,Compact yet spacious,0.0,RNSJX4FOGX8IRJ,B588869907,Nasher Miles
Handle,handle,The handle deserves special mention,0.4019,RNSJX4FOGX8IRJ,B588869907,Nasher Miles
Wheels,wheels,"Trendy colors, excellent material, and excellent wheels",0.8126,RO5FKPA2TVMXQY,B588869907,Nasher Miles
Material,material,"Trendy colors, excellent material, and excellent wheels",0.8126,RO5FKPA2TVMXQY,B588869907,Nasher Miles
Lock,lock,Trendy colors and the lock is top notch,0.2023,R6AIRH8S7DZSYJ,B588869907,Nasher Miles
Material,build,"The build quality is good, Excellent material",0.765,R1YUW2TGRTFA11,B588869907,Nasher Miles
Durability,build quality,"The build quality is good, Excellent material",0.765,R1YUW2TGRTFA11,B588869907,Nasher Miles
Size & Capacity,packing,Packing was easy due to the spacious compartments,0.4404,R1YUW2TGRTFA11,B588869907,Nasher Miles
Handle,handle,The handle is excellent,0.5719,R1YUW2TGRTFA11,B588869907,Nasher Miles
Material,material,Premium look and the material is top notch,0.2023,R1J2VWY8UMNW6L,B588869907,Nasher Miles
