review_id,product_id,brand,rating,title,text,date,verified,helpful_count
RDIVUZZPQK51FP,B0C381B6B5,Safari,4,Great product!,Perfect cabin luggage! Fits all airline requirements. Decent space. handle is of great quality. Will suggest to friends.,2025-11-17,True,5
RMMJBQE7CKW5NG,B0C381B6B5,Safari,3,Okay for the price,"Good for the price but has some issues. Affordable price. However, scratch marks. The compartments could be better. 3/5 would buy again.",2026-03-04,False,0
RQ4FMYZYCWTIQJ,B0C381B6B5,Safari,4,Perfect for travel,Using for office travel and it's perfect. Affordable price. Compact yet spacious. The material deserves special mention.,2025-05-16,True,0
R2OC6UZHR5XFF0,B0C381B6B5,Safari,4,Great product!,Using for office travel and it's perfect. Affordable price. Compact yet spacious. The compartments deserves special mention.,2025-07-07,True,0
R4FFYVNVQJT7YE,B0C381B6B5,Safari,4,Great product!,I bought this for my recent vacation and it was perfect. Decent space and the material is top notch. Safari has done a great job with this one.,2025-07-08,True,1
RQ85JSG65KXVF1,B0C381B6B5,Safari,4,Worth the money,Great quality for the price. Lightweight. Used it for my trip and it handled everything well. The compartments works smoothly. Highly recommend.,2025-07-06,True,5
RIIUC039TEX8FS,B0C381B6B5,Safari,4,Perfect for travel,Excellent luggage! Affordable price and lightweight. Very happy with my purchase. The build quality is really impressive. Would definitely buy again from Safari.,2025-06-02,True,0
RXPSEIMVIHCWI6,B0C381B6B5,Safari,4,Must buy!,"Five stars! Lightweight, good value, and excellent material. What more can you ask for at this price?",2025-10-21,False,0
RMO5BXXC02DGTF,B4776CE822,Safari,3,So-so,"It's okay. Affordable price. wheel quality though. For this price range, I guess it's acceptable. The weight is mediocre.",2026-01-05,True,0
R94874FRHOCN9J,B4776CE822,Safari,4,Must buy!,This is my second purchase from Safari and they never disappoint. Affordable price. The handle is even better than my previous bag.,2025-08-19,True,0
R8UT0CVS4F8CGV,B4776CE822,Safari,4,Love it!,I bought this for my recent vacation and it was perfect. Good value and the build quality is top notch. Safari has done a great job with this one.,2025-04-28,True,0
RLJYLJEXQ77AWU,B4776CE822,Safari,3,Fair product,"Decent product overall. Affordable price but scratch marks. The material is okay, nothing extraordinary. Serves its purpose for the price.",2026-02-16,False,0
RF4ZW9XA3KX7EE,B4776CE822,Safari,4,Perfect for travel,Premium feel without the premium price tag. Good value and lightweight. Really impressed with the handle.,2026-02-13,True,0
RHWJR64DPJA1WJ,B4776CE822,Safari,5,Highly recommended,Perfect cabin luggage! Fits all airline requirements. Good value. lock is of great quality. Will suggest to friends.,2025-08-25,True,0
RTPBN78BMYYMU5,B4776CE822,Safari,4,Fantastic purchase,Amazing product at this price point. Affordable price. The material feels durable and the zipper is very smooth. Recommended for frequent travelers.,2025-05-26,True,5
RA0L7253J2D54I,B4776CE822,Safari,4,Best luggage ever,Using for office travel and it's perfect. Good value. Compact yet spacious. The material deserves special mention.,2025-08-16,True,2
R8KXO9T7E8G8JD,B4776CE822,Safari,4,Excellent quality,Worth every rupee! Lightweight and good value. Took it on a 2-week trip and came back without any scratches. Safari quality is reliable.,2025-08-29,True,1
RBPS3Y70HP87WX,B4776CE822,Safari,3,Not bad,"Good for the price but has some issues. Decent space. However, handle durability. The weight could be better. 3/5 would buy again.",2026-02-04,True,0
RGXN0GUO4KH2VL,B4776CE822,Safari,4,Worth the money,"Five stars! Lightweight, decent space, and excellent weight. What more can you ask for at this price?",2025-08-25,True,0
RKXWD8IL3FB9W1,B4776CE822,Safari,4,Excellent quality,Very practical and well-designed. Good value. The interiors are well-organized with multiple pockets. build quality quality is commendable.,2025-08-18,True,0
RY6452H2ZQU7EE,B4776CE822,Safari,4,Must buy!,Worth every rupee! Good value and affordable price. Took it on a 2-week trip and came back without any scratches. Safari quality is reliable.,2025-08-14,True,12
R6P6QF5Q14J1RI,B4776CE822,Safari,4,Very satisfied,Very practical and well-designed. Decent space. The interiors are well-organized with multiple pockets. compartments quality is commendable.,2025-08-26,False,0
RTOHP6VZ41NAM1,B78CFEE677,Safari,4,Highly recommended,Great quality for the price. Decent space. Used it for my trip and it handled everything well. The material works smoothly. Highly recommend.,2025-09-06,True,1
RRNY20479T6VXD,B78CFEE677,Safari,5,Best luggage ever,This is my second purchase from Safari and they never disappoint. Good value. The material is even better than my previous bag.,2025-09-01,False,0
RK8P4Q0B8IC8BB,B78CFEE677,Safari,4,Best luggage ever,This is my second purchase from Safari and they never disappoint. Lightweight. The material is even better than my previous bag.,2025-12-03,True,0
RE8QJNV8Z2FLU7,B78CFEE677,Safari,4,Must buy!,"Very satisfied! The build quality is good, Good value. Packing was easy due to the spacious compartments. The zipper is excellent.",2025-06-18,True,5
R2UBTXCXAPRPN6,B78CFEE677,Safari,3,Okay for the price,"It's okay. Affordable price. zip quality though. For this price range, I guess it's acceptable. The handle is mediocre.",2025-08-16,True,0
R3VLI7KQ1UYMRL,B78CFEE677,Safari,4,Best luggage ever,Perfect cabin luggage! Fits all airline requirements. Decent space. lock is of great quality. Will suggest to friends.,2025-08-02,True,1
RZR1YXR2DHYLUR,B78CFEE677,Safari,3,Decent but not great,"Decent product overall. Good value but wheel quality. The lock is okay, nothing extraordinary. Serves its purpose for the price.",2025-07-11,True,25
R08YG0JV1V93KM,B420E780CA,Safari,5,Excellent quality,Great quality for the price. Good value. Used it for my trip and it handled everything well. The material works smoothly. Highly recommend.,2025-11-05,False,0
RDAKRM8J5ECRUY,B420E780CA,Safari,4,Amazing value,"Five stars! Good value, decent space, and excellent lock. What more can you ask for at this price?",2026-01-21,False,0
R1V2ISQP49KWV0,B420E780CA,Safari,5,Super happy,Great quality for the price. Good value. Used it for my trip and it handled everything well. The lock works smoothly. Highly recommend.,2025-12-23,True,0
RYQBKK4CIJ2V2H,B420E780CA,Safari,4,Amazing value,I bought this for my recent vacation and it was perfect. Affordable price and the handle is top notch. Safari has done a great job with this one.,2026-02-09,True,0
RFL0UKEYZ7SRCB,B420E780CA,Safari,4,Great product!,Using for office travel and it's perfect. Good value. Compact yet spacious. The lock deserves special mention.,2025-08-30,True,0
R1GSPK9P38QOLD,B420E780CA,Safari,4,Great product!,Very practical and well-designed. Lightweight. The interiors are well-organized with multiple pockets. wheels quality is commendable.,2026-01-16,True,0
RQLL8OS9XTOGN1,B420E780CA,Safari,4,Great product!,Bought for my parents - they loved it! Decent space and easy to maneuver. The lock makes it very convenient to use.,2025-05-23,True,0
R9VIFTTD96QE3R,B420E780CA,Safari,4,Great product!,This is my second purchase from Safari and they never disappoint. Decent space. The lock is even better than my previous bag.,2025-11-10,True,0
RFGV0EC14M2JA0,B420E780CA,Safari,4,Super happy,This is my second purchase from Safari and they never disappoint. Good value. The build quality is even better than my previous bag.,2025-06-12,True,0
RUI1B0Z3NX39RB,B39898F91D,Safari,4,Love it!,Using for office travel and it's perfect. Good value. Compact yet spacious. The compartments deserves special mention.,2025-07-25,True,0
R6AF58C2JWOCLY,B39898F91D,Safari,4,Super happy,Using for office travel and it's perfect. Decent space. Compact yet spacious. The handle deserves special mention.,2025-07-09,True,0
RYKID91ZDFKBLC,B39898F91D,Safari,4,Must buy!,Perfect cabin luggage! Fits all airline requirements. Affordable price. wheels is of great quality. Will suggest to friends.,2025-10-07,True,0
RVNYRUIWQY6QKT,B39898F91D,Safari,3,Okay for the price,"Average quality. Good value which is nice, but handle durability. Not bad for occasional trips but frequent travelers should consider spending more.",2026-03-02,True,0
R94DNMKZA3OA52,B39898F91D,Safari,3,Decent but not great,Mixed feelings about this one. Decent space is great but zip quality is disappointing. Would rate it average.,2026-03-14,True,1
RHGJ11YEDWB2BN,B39898F91D,Safari,4,Highly recommended,Very practical and well-designed. Good value. The interiors are well-organized with multiple pockets. lock quality is commendable.,2026-01-31,False,0
R63J3R30ME8F84,B39898F91D,Safari,4,Super happy,Very practical and well-designed. Lightweight. The interiors are well-organized with multiple pockets. zipper quality is commendable.,2025-04-28,True,8
RTQYYV37DIA5U6,B39898F91D,Safari,4,Perfect for travel,Great quality for the price. Decent space. Used it for my trip and it handled everything well. The compartments works smoothly. Highly recommend.,2025-12-16,True,0
RKRD5EQY08P0FO,B39898F91D,Safari,3,Average product,"Good for the price but has some issues. Good value. However, wheel quality. The weight could be better. 3/5 would buy again.",2026-02-17,True,0
RQIN9N6XCJ883D,B39898F91D,Safari,4,Amazing value,Excellent luggage! Lightweight and affordable price. Very happy with my purchase. The lock is really impressive. Would definitely buy again from Safari.,2025-12-21,True,0
R12VJ99T2D5EM2,B4F9315E17,Safari,4,Highly recommended,Perfect cabin luggage! Fits all airline requirements. Good value. material is of great quality. Will suggest to friends.,2025-06-11,True,0
R0R2SDS8B25SQ8,B4F9315E17,Safari,4,Excellent quality,I bought this for my recent vacation and it was perfect. Decent space and the wheels is top notch. Safari has done a great job with this one.,2026-03-08,True,2
RFEWVZNVKSP2EX,B4F9315E17,Safari,4,Fantastic purchase,Great quality for the price. Affordable price. Used it for my trip and it handled everything well. The build quality works smoothly. Highly recommend.,2025-06-30,True,0
R3O0LLJ8YRDDP0,B4F9315E17,Safari,4,Highly recommended,Premium feel without the premium price tag. Good value and lightweight. Really impressed with the build quality.,2025-09-30,True,0
R5Z8VMUHXID4N1,B4F9315E17,Safari,3,So-so,"Good for the price but has some issues. Decent space. However, zip quality. The compartments could be better. 3/5 would buy again.",2025-06-19,True,0
RZLMA5UOFWB0HP,B4F9315E17,Safari,3,Not bad,Mixed feelings about this one. Affordable price is great but handle durability is disappointing. Would rate it average.,2025-10-16,True,0
RYJXRPJ1EPKYRY,B4F9315E17,Safari,3,Average product,"Decent product overall. Good value but handle durability. The handle is okay, nothing extraordinary. Serves its purpose for the price.",2026-03-16,True,12
RRPETIUYMO0PQC,B0A318CA95,Safari,5,Great product!,Love this luggage! Lightweight and affordable price. Looks premium and feels sturdy. The lock quality is really good for this price range.,2025-10-30,True,0
R2W37D4IVSOLML,B0A318CA95,Safari,4,Worth the money,Worth every rupee! Affordable price and lightweight. Took it on a 2-week trip and came back without any scratches. Safari quality is reliable.,2026-01-12,False,0
R8XFDJGF1C8WQU,B0A318CA95,Safari,4,Very satisfied,Premium feel without the premium price tag. Lightweight and good value. Really impressed with the material.,2025-06-16,True,5
RCPKJCSLQC3C54,B0A318CA95,Safari,4,Amazing value,Using for office travel and it's perfect. Lightweight. Compact yet spacious. The compartments deserves special mention.,2025-05-29,True,0
RRFCD6MZSGIPPS,B0A318CA95,Safari,4,Fantastic purchase,This is my second purchase from Safari and they never disappoint. Good value. The wheels is even better than my previous bag.,2026-01-17,True,3
RDYK0X65MUFM8Z,B0A318CA95,Safari,4,Highly recommended,Very practical and well-designed. Lightweight. The interiors are well-organized with multiple pockets. wheels quality is commendable.,2025-09-20,False,1
R3Y30YSXPNNGH8,B0A318CA95,Safari,5,Highly recommended,Love this luggage! Decent space and lightweight. Looks premium and feels sturdy. The handle quality is really good for this price range.,2025-08-03,True,25
RF313FPOYIPK0Q,B84A775390,Safari,3,Could be better,Product looks good but scratch marks. Good value saves it somewhat. Usable but don't expect premium quality at this price.,2025-07-09,True,8
R89QKNS832EJX5,B84A775390,Safari,4,Must buy!,Premium feel without the premium price tag. Good value and lightweight. Really impressed with the build quality.,2025-06-29,True,1
R6FP8HQMABSI9N,B84A775390,Safari,4,Amazing value,Very practical and well-designed. Good value. The interiors are well-organized with multiple pockets. handle quality is commendable.,2026-03-25,True,0
RK3ZEZQACJ4T0S,B84A775390,Safari,4,Great product!,Very practical and well-designed. Good value. The interiors are well-organized with multiple pockets. compartments quality is commendable.,2026-02-11,True,0
RTWUZKAMUGYSM8,B84A775390,Safari,4,Fantastic purchase,Great quality for the price. Affordable price. Used it for my trip and it handled everything well. The build quality works smoothly. Highly recommend.,2025-07-04,True,12
RNN0MCIXDU1EMM,B84A775390,Safari,4,Must buy!,Worth every rupee! Decent space and affordable price. Took it on a 2-week trip and came back without any scratches. Safari quality is reliable.,2025-05-14,True,1
RKBHB7S9TJ1GM2,B84A775390,Safari,3,Average product,"Average quality. Affordable price which is nice, but scratch marks. Not bad for occasional trips but frequent travelers should consider spending more.",2025-05-08,True,0
R6N9RR7S20CV3T,B84A775390,Safari,4,Amazing value,Worth every rupee! Decent space and lightweight. Took it on a 2-week trip and came back without any scratches. Safari quality is reliable.,2025-10-26,False,0
RB5M9J98CWN2Y8,B84A775390,Safari,4,Amazing value,I bought this for my recent vacation and it was perfect. Decent space and the weight is top notch. Safari has done a great job with this one.,2026-01-25,True,0
R2NNUVY8N1UTOX,B84A775390,Safari,4,Love it!,Excellent luggage! Good value and affordable price. Very happy with my purchase. The build quality is really impressive. Would definitely buy again from Safari.,2025-12-02,True,0
RHWY9HECGZ9389,B84A775390,Safari,4,Amazing value,Love this luggage! Lightweight and decent space. Looks premium and feels sturdy. The handle quality is really good for this price range.,2025-05-02,True,0
RZZGNI92IRMUQ9,B84A775390,Safari,5,Very satisfied,Premium feel without the premium price tag. Lightweight and affordable price. Really impressed with the lock.,2026-02-01,True,0
R9XQYM52XG8P6B,B84A775390,Safari,3,Could be better,"Not bad, not great. Decent space. But I noticed wheel quality after a few uses. The build quality started fine but degraded.",2026-02-04,True,0
RJWWDXVUGW6M7B,BD6A2E0D06,Safari,5,Super happy,Love this luggage! Good value and decent space. Looks premium and feels sturdy. The handle quality is really good for this price range.,2026-03-25,False,5
RB6TXKI3OQYFOQ,BD6A2E0D06,Safari,4,Must buy!,Very practical and well-designed. Decent space. The interiors are well-organized with multiple pockets. material quality is commendable.,2025-10-16,True,0
RSDIEQFB85P863,BD6A2E0D06,Safari,3,Mediocre quality,Product looks good but handle durability. Decent space saves it somewhat. Usable but don't expect premium quality at this price.,2025-06-17,True,0
RDOQIVBKV4YKAD,BD6A2E0D06,Safari,4,Great product!,This is my second purchase from Safari and they never disappoint. Lightweight. The build quality is even better than my previous bag.,2026-01-30,True,1
RUHTCS1K9YE9O2,BD6A2E0D06,Safari,5,Great product!,"Good product, delivered on time. Affordable price. The weight impressed me the most. Using it regularly now - no complaints so far!",2025-10-17,True,0
RELRQVSLWF90KM,BD6A2E0D06,Safari,4,Great product!,Amazing product at this price point. Affordable price. The material feels durable and the weight is very smooth. Recommended for frequent travelers.,2025-07-22,True,1
RY9V20YAR821UZ,BD6A2E0D06,Safari,4,Highly recommended,This is my second purchase from Safari and they never disappoint. Affordable price. The lock is even better than my previous bag.,2025-06-14,True,0
R8DALFYO1750CE,BD6A2E0D06,Safari,4,Fantastic purchase,I bought this for my recent vacation and it was perfect. Good value and the weight is top notch. Safari has done a great job with this one.,2025-12-23,True,25
R6MM1ZXYVGIUI9,BD6A2E0D06,Safari,3,Expected more,"Not bad, not great. Lightweight. But I noticed handle durability after a few uses. The build quality started fine but degraded.",2025-11-07,True,1
RUT6OM1FB8C7X0,BD6A2E0D06,Safari,4,Excellent quality,"Good product, delivered on time. Lightweight. The build quality impressed me the most. Using it regularly now - no complaints so far!",2025-12-20,True,0
RB6IIDLRYE89FX,BD6A2E0D06,Safari,3,Decent but not great,"Average quality. Affordable price which is nice, but handle durability. Not bad for occasional trips but frequent travelers should consider spending more.",2025-08-08,True,0
RI04B7P47B42G0,BD6A2E0D06,Safari,4,Fantastic purchase,Premium feel without the premium price tag. Affordable price and decent space. Really impressed with the wheels.,2025-11-11,True,0
R9TR74QGEFQJG0,BD6A2E0D06,Safari,4,Amazing value,Premium feel without the premium price tag. Lightweight and good value. Really impressed with the handle.,2025-11-08,True,1
R7ANQJLUUJMIYQ,B8A92F16C3,Safari,4,Highly recommended,I bought this for my recent vacation and it was perfect. Good value and the handle is top notch. Safari has done a great job with this one.,2026-01-17,True,0
RNH8RQ9NZ61231,B8A92F16C3,Safari,4,Perfect for travel,"Five stars! Affordable price, decent space, and excellent lock. What more can you ask for at this price?",2025-04-25,True,3
R6HTF4PYZR6QCE,B8A92F16C3,Safari,5,Super happy,Great quality for the price. Affordable price. Used it for my trip and it handled everything well. The compartments works smoothly. Highly recommend.,2025-09-08,True,0
RO30UBMC97C7BO,B8A92F16C3,Safari,4,Great product!,Bought for my parents - they loved it! Lightweight and easy to maneuver. The build quality makes it very convenient to use.,2026-01-29,True,8
RYXTXMGTT0IAAK,B8A92F16C3,Safari,4,Excellent quality,This is my second purchase from Safari and they never disappoint. Decent space. The weight is even better than my previous bag.,2025-04-29,True,0
RMJ70E3P15AHDB,B8A92F16C3,Safari,4,Amazing value,Using for office travel and it's perfect. Good value. Compact yet spacious. The weight deserves special mention.,2025-06-06,True,3
RSK30LVYLKFXHK,B8A92F16C3,Safari,4,Worth the money,"Very satisfied! The build quality is good, Good value. Packing was easy due to the spacious compartments. The build quality is excellent.",2026-03-08,True,0
RBMXNSZOKGTII4,B8A92F16C3,Safari,4,Amazing value,Bought for my parents - they loved it! Decent space and easy to maneuver. The zipper makes it very convenient to use.,2026-01-25,True,3
RLCQNT3BNVBC2V,B8A92F16C3,Safari,3,Decent but not great,"Not bad, not great. Good value. But I noticed zip quality after a few uses. The zipper started fine but degraded.",2025-04-30,True,0
R8E9RIVH6T1NTM,B8A92F16C3,Safari,4,Love it!,Love this luggage! Affordable price and good value. Looks premium and feels sturdy. The compartments quality is really good for this price range.,2025-11-26,True,3
ROUHFJ7UPFLN4R,B8A92F16C3,Safari,3,Mediocre quality,Product looks good but zip quality. Good value saves it somewhat. Usable but don't expect premium quality at this price.,2025-05-08,True,0
RZR7TXCB48Y1O4,BCF28C6B65,Safari,4,Worth the money,"Five stars! Lightweight, affordable price, and excellent zipper. What more can you ask for at this price?",2025-12-11,False,0
RATOAZTKSZP7G7,BCF28C6B65,Safari,4,Amazing value,Perfect cabin luggage! Fits all airline requirements. Decent space. wheels is of great quality. Will suggest to friends.,2025-07-14,False,0
RC8QIZK3C9XBON,BCF28C6B65,Safari,4,Best luggage ever,Using for office travel and it's perfect. Lightweight. Compact yet spacious. The lock deserves special mention.,2025-08-08,False,0
R67I6YUJ7YKTXG,BCF28C6B65,Safari,4,Excellent quality,Bought for my parents - they loved it! Lightweight and easy to maneuver. The weight makes it very convenient to use.,2025-10-29,False,0
RFI4O6L1F90S9B,BCF28C6B65,Safari,4,Perfect for travel,Very practical and well-designed. Decent space. The interiors are well-organized with multiple pockets. zipper quality is commendable.,2025-08-28,True,0
RJ9RM7PYXDW2ZC,BCF28C6B65,Safari,4,Must buy!,Very practical and well-designed. Lightweight. The interiors are well-organized with multiple pockets. weight quality is commendable.,2026-01-20,True,1
RDALMJEGQTOAMD,BCF28C6B65,Safari,4,Highly recommended,"Five stars! Decent space, good value, and excellent zipper. What more can you ask for at this price?",2025-06-06,True,2
RGNEKRCPPRCJIW,BCF28C6B65,Safari,4,Super happy,"Five stars! Good value, decent space, and excellent handle. What more can you ask for at this price?",2025-06-08,True,0
R4N5PP3XVKVZRG,BCF28C6B65,Safari,4,Highly recommended,Love this luggage! Affordable price and lightweight. Looks premium and feels sturdy. The zipper quality is really good for this price range.,2025-09-17,True,0
RN7H9G1A07H23C,BCF28C6B65,Safari,4,Best luggage ever,"Good product, delivered on time. Decent space. The material impressed me the most. Using it regularly now - no complaints so far!",2025-09-11,True,0
RZ2C9ROS7YT2M6,BCF28C6B65,Safari,4,Worth the money,"Very satisfied! The build quality is good, Lightweight. Packing was easy due to the spacious compartments. The lock is excellent.",2025-07-08,True,3
RYO18PAJSSUUQO,BCF28C6B65,Safari,4,Must buy!,I bought this for my recent vacation and it was perfect. Affordable price and the compartments is top notch. Safari has done a great job with this one.,2025-04-26,True,0
R2SMDZQCBZAMD2,BE0EA7367F,Safari,4,Amazing value,"Good product, delivered on time. Lightweight. The zipper impressed me the most. Using it regularly now - no complaints so far!",2025-12-05,True,0
RGXO05QPAHKZ2U,BE0EA7367F,Safari,4,Worth the money,"Very satisfied! The build quality is good, Decent space. Packing was easy due to the spacious compartments. The build quality is excellent.",2025-07-08,True,0
RSXVWVM4W3ZKWD,BE0EA7367F,Safari,4,Amazing value,Great quality for the price. Lightweight. Used it for my trip and it handled everything well. The build quality works smoothly. Highly recommend.,2026-01-30,True,0
RENGWYX9TRFLQB,BE0EA7367F,Safari,4,Fantastic purchase,Amazing product at this price point. Decent space. The material feels durable and the zipper is very smooth. Recommended for frequent travelers.,2025-10-07,True,0
RXORZPGU2HBIK2,BE0EA7367F,Safari,4,Super happy,Using for office travel and it's perfect. Decent space. Compact yet spacious. The material deserves special mention.,2025-06-23,True,1
R1PHP0XI5BJ5D5,BE0EA7367F,Safari,4,Great product!,Love this luggage! Lightweight and decent space. Looks premium and feels sturdy. The handle quality is really good for this price range.,2026-02-07,True,0
RMKTLZKJ49YD82,B91271AA5C,Skybags,4,Fantastic purchase,Using for office travel and it's perfect. Color options. Compact yet spacious. The material deserves special mention.,2026-03-09,True,2
ROFWWNC21O0Z5Q,B91271AA5C,Skybags,4,Must buy!,I bought this for my recent vacation and it was perfect. Sturdy build and the material is top notch. Skybags has done a great job with this one.,2025-08-02,True,0
RZ42O83RLKTE42,B91271AA5C,Skybags,4,Must buy!,"Five stars! Spacious, sturdy build, and excellent handle. What more can you ask for at this price?",2025-04-24,True,0
RA8HYEXF7JXJN6,B91271AA5C,Skybags,3,Expected more,"Good for the price but has some issues. Color options. However, handle wobble. The wheels could be better. 3/5 would buy again.",2026-01-14,False,0
RHCVSQAME4YRID,B91271AA5C,Skybags,3,Average product,"Not bad, not great. Stylish design. But I noticed slightly heavy after a few uses. The material started fine but degraded.",2026-02-15,False,0
RUVFMH07WPH6FE,B91271AA5C,Skybags,4,Super happy,Bought for my parents - they loved it! Color options and easy to maneuver. The zipper makes it very convenient to use.,2025-09-24,True,0
RIVZK7A45HVGOX,B91271AA5C,Skybags,4,Excellent quality,"Very satisfied! The build quality is good, Sturdy build. Packing was easy due to the spacious compartments. The zipper is excellent.",2025-12-07,True,0
RACJBC2SWSOZCT,B590634F3D,Skybags,4,Excellent quality,"Good product, delivered on time. Color options. The weight impressed me the most. Using it regularly now - no complaints so far!",2025-05-28,True,0
RLV1XXLP8II7EW,B590634F3D,Skybags,4,Super happy,Amazing product at this price point. Color options. The material feels durable and the handle is very smooth. Recommended for frequent travelers.,2026-03-11,True,1
R8S2ZGE2J51B3J,B590634F3D,Skybags,4,Amazing value,"Five stars! Stylish design, color options, and excellent zipper. What more can you ask for at this price?",2026-03-07,True,8
RB4GF16YE0A4AB,B590634F3D,Skybags,4,Highly recommended,This is my second purchase from Skybags and they never disappoint. Spacious. The handle is even better than my previous bag.,2025-10-04,True,0
R6L3UEYBISBO55,B590634F3D,Skybags,5,Best luggage ever,"Very satisfied! The build quality is good, Sturdy build. Packing was easy due to the spacious compartments. The weight is excellent.",2025-10-31,True,0
R61IAOIM458AX4,BE9AACBA56,Skybags,4,Very satisfied,"Good product, delivered on time. Spacious. The build quality impressed me the most. Using it regularly now - no complaints so far!",2025-11-02,False,0
R76SZN9DDE3CUP,BE9AACBA56,Skybags,4,Great product!,I bought this for my recent vacation and it was perfect. Sturdy build and the wheels is top notch. Skybags has done a great job with this one.,2026-02-01,True,0
RLQI7E1DDQLEM1,BE9AACBA56,Skybags,4,Very satisfied,Premium feel without the premium price tag. Spacious and sturdy build. Really impressed with the compartments.,2025-08-20,True,0
RFZ8OBK3G84UTD,BE9AACBA56,Skybags,4,Highly recommended,Using for office travel and it's perfect. Stylish design. Compact yet spacious. The lock deserves special mention.,2026-02-15,True,0
R3NWXUJ3AC6PE6,BE9AACBA56,Skybags,4,Love it!,Excellent luggage! Color options and stylish design. Very happy with my purchase. The wheels is really impressive. Would definitely buy again from Skybags.,2025-10-21,False,5
RNPM6JQFWWXR5R,BE9AACBA56,Skybags,5,Great product!,Using for office travel and it's perfect. Spacious. Compact yet spacious. The weight deserves special mention.,2026-02-23,True,0
R292MTR6SNGLH6,BE9AACBA56,Skybags,4,Super happy,Bought for my parents - they loved it! Color options and easy to maneuver. The material makes it very convenient to use.,2025-11-16,False,25
RJ37C9H42M44GV,BE9AACBA56,Skybags,3,Decent but not great,"Average quality. Stylish design which is nice, but price for quality. Not bad for occasional trips but frequent travelers should consider spending more.",2025-04-16,True,0
R438TGBCVARLW3,BE9AACBA56,Skybags,4,Love it!,Perfect cabin luggage! Fits all airline requirements. Color options. compartments is of great quality. Will suggest to friends.,2025-10-16,True,3
RODKEF828XG8Y7,B6E6D088C5,Skybags,4,Must buy!,Great quality for the price. Sturdy build. Used it for my trip and it handled everything well. The compartments works smoothly. Highly recommend.,2025-10-08,True,0
RKGAZU41UGL3WX,B6E6D088C5,Skybags,4,Very satisfied,Worth every rupee! Sturdy build and spacious. Took it on a 2-week trip and came back without any scratches. Skybags quality is reliable.,2026-02-14,True,0
RX5QJICJDAN085,B6E6D088C5,Skybags,4,Must buy!,I bought this for my recent vacation and it was perfect. Stylish design and the compartments is top notch. Skybags has done a great job with this one.,2025-07-30,True,0
R1IQ2BAJDM5FC7,B6E6D088C5,Skybags,4,Must buy!,Great quality for the price. Spacious. Used it for my trip and it handled everything well. The weight works smoothly. Highly recommend.,2026-02-20,True,12
RFDHGZZ0JKIBU4,B6E6D088C5,Skybags,4,Best luggage ever,Bought for my parents - they loved it! Color options and easy to maneuver. The weight makes it very convenient to use.,2026-01-20,False,0
RAGKC4LORXDTG5,B6E6D088C5,Skybags,4,Excellent quality,Love this luggage! Spacious and stylish design. Looks premium and feels sturdy. The handle quality is really good for this price range.,2025-10-01,True,0
RYDMT8VT43PT5R,B6E6D088C5,Skybags,4,Very satisfied,Perfect cabin luggage! Fits all airline requirements. Stylish design. lock is of great quality. Will suggest to friends.,2025-12-09,True,0
R83EP9P9W4J66C,BA614F2B42,Skybags,4,Worth the money,Great quality for the price. Spacious. Used it for my trip and it handled everything well. The zipper works smoothly. Highly recommend.,2025-09-22,True,0
RFUU8DD22555JX,BA614F2B42,Skybags,4,Best luggage ever,Very practical and well-designed. Spacious. The interiors are well-organized with multiple pockets. wheels quality is commendable.,2025-06-20,True,0
RYOO5YBRJNM2L4,BA614F2B42,Skybags,4,Fantastic purchase,Worth every rupee! Color options and spacious. Took it on a 2-week trip and came back without any scratches. Skybags quality is reliable.,2025-04-17,True,8
RPXGH30153SFLS,BA614F2B42,Skybags,4,Very satisfied,Very practical and well-designed. Sturdy build. The interiors are well-organized with multiple pockets. build quality quality is commendable.,2026-01-29,True,0
RIQ7ZJ3SWEBNVG,BA614F2B42,Skybags,4,Great product!,I bought this for my recent vacation and it was perfect. Color options and the wheels is top notch. Skybags has done a great job with this one.,2025-08-09,True,0
RFU84XYJOA21A6,BA614F2B42,Skybags,4,Great product!,Love this luggage! Stylish design and sturdy build. Looks premium and feels sturdy. The handle quality is really good for this price range.,2025-05-12,True,2
RXPNMJQY3ODSX4,BA614F2B42,Skybags,5,Very satisfied,Love this luggage! Sturdy build and spacious. Looks premium and feels sturdy. The material quality is really good for this price range.,2025-09-29,True,0
RLJX8XGSIC43OL,BA614F2B42,Skybags,4,Must buy!,Great quality for the price. Sturdy build. Used it for my trip and it handled everything well. The build quality works smoothly. Highly recommend.,2026-01-27,True,0
R0U93MZYWR7MKG,BA614F2B42,Skybags,5,Best luggage ever,Love this luggage! Spacious and color options. Looks premium and feels sturdy. The lock quality is really good for this price range.,2025-05-07,True,0
RXII5P5NVQEBWU,BA614F2B42,Skybags,4,Highly recommended,"Five stars! Color options, spacious, and excellent lock. What more can you ask for at this price?",2025-05-26,False,3
RO5F9M969F5GCL,BA614F2B42,Skybags,4,Perfect for travel,Using for office travel and it's perfect. Spacious. Compact yet spacious. The handle deserves special mention.,2026-01-08,True,0
REPPPRAT0861TA,BA614F2B42,Skybags,4,Excellent quality,Perfect cabin luggage! Fits all airline requirements. Color options. zipper is of great quality. Will suggest to friends.,2026-04-06,True,0
RSLCB8QSSPYE9R,BA614F2B42,Skybags,4,Best luggage ever,Love this luggage! Color options and stylish design. Looks premium and feels sturdy. The compartments quality is really good for this price range.,2026-01-02,True,3
RASEZ2NX1WVBD4,BA614F2B42,Skybags,4,Very satisfied,"Five stars! Color options, stylish design, and excellent material. What more can you ask for at this price?",2026-03-15,True,0
RXJVE3DZEEDHHJ,BCFDA48FA6,Skybags,4,Excellent quality,Love this luggage! Spacious and sturdy build. Looks premium and feels sturdy. The wheels quality is really good for this price range.,2025-07-15,True,0
RLAY64YFDS0DJI,BCFDA48FA6,Skybags,4,Amazing value,Premium feel without the premium price tag. Color options and spacious. Really impressed with the build quality.,2025-11-08,True,0
R2L0D1B4XGMPW5,BCFDA48FA6,Skybags,4,Highly recommended,Using for office travel and it's perfect. Stylish design. Compact yet spacious. The zipper deserves special mention.,2026-02-20,True,0
R2X2EZC7FOV2YG,BCFDA48FA6,Skybags,4,Amazing value,Love this luggage! Spacious and sturdy build. Looks premium and feels sturdy. The build quality quality is really good for this price range.,2025-09-26,True,0
RPCXA5S00I85SY,BCFDA48FA6,Skybags,4,Best luggage ever,This is my second purchase from Skybags and they never disappoint. Spacious. The zipper is even better than my previous bag.,2025-05-27,False,0
R7SQRF1LLKSTN3,BCFDA48FA6,Skybags,4,Must buy!,I bought this for my recent vacation and it was perfect. Stylish design and the weight is top notch. Skybags has done a great job with this one.,2026-02-27,True,2
RERXDOUADVWKSH,BCFDA48FA6,Skybags,4,Highly recommended,Great quality for the price. Spacious. Used it for my trip and it handled everything well. The build quality works smoothly. Highly recommend.,2025-04-30,True,0
RM38KSZBFFZZDV,B656A00C3F,Skybags,3,Average product,"Good for the price but has some issues. Stylish design. However, price for quality. The build quality could be better. 3/5 would buy again.",2026-01-02,False,2
RDO74V1QX8ERTB,B656A00C3F,Skybags,4,Highly recommended,This is my second purchase from Skybags and they never disappoint. Color options. The material is even better than my previous bag.,2025-08-30,True,0
RXVL5PVYIOMK2E,B656A00C3F,Skybags,3,So-so,"Average quality. Color options which is nice, but slightly heavy. Not bad for occasional trips but frequent travelers should consider spending more.",2025-06-04,True,1
R7WHWKMY9X8SYL,B656A00C3F,Skybags,4,Very satisfied,Using for office travel and it's perfect. Sturdy build. Compact yet spacious. The lock deserves special mention.,2026-02-08,True,0
RDNBCJ29YFC2HT,B656A00C3F,Skybags,3,Fair product,Mixed feelings about this one. Spacious is great but slightly heavy is disappointing. Would rate it average.,2025-10-07,True,0
R7N89LTAJW2536,B656A00C3F,Skybags,3,Average product,"Not bad, not great. Color options. But I noticed zipper stiffness after a few uses. The material started fine but degraded.",2025-04-13,True,0
R9C80EBKJF4AQ7,B656A00C3F,Skybags,3,Could be better,"It's okay. Sturdy build. handle wobble though. For this price range, I guess it's acceptable. The material is mediocre.",2026-03-19,True,0
RTCZS8S2FTOM5X,B656A00C3F,Skybags,4,Fantastic purchase,Very practical and well-designed. Sturdy build. The interiors are well-organized with multiple pockets. wheels quality is commendable.,2025-10-21,True,0
R6WW8YL68NTK63,B656A00C3F,Skybags,4,Love it!,Great quality for the price. Sturdy build. Used it for my trip and it handled everything well. The wheels works smoothly. Highly recommend.,2025-09-29,True,0
RS8G8TACY15PDT,B656A00C3F,Skybags,3,Mediocre quality,"Decent product overall. Sturdy build but price for quality. The build quality is okay, nothing extraordinary. Serves its purpose for the price.",2025-04-14,True,1
RBCGJC36OQOLOE,B656A00C3F,Skybags,3,Mediocre quality,"Average quality. Stylish design which is nice, but handle wobble. Not bad for occasional trips but frequent travelers should consider spending more.",2026-04-05,True,0
RD2KD1POXRTEO2,B656A00C3F,Skybags,4,Super happy,"Five stars! Stylish design, sturdy build, and excellent wheels. What more can you ask for at this price?",2025-07-03,True,0
RAVT8K06MOXSFH,B656A00C3F,Skybags,4,Great product!,Excellent luggage! Color options and stylish design. Very happy with my purchase. The compartments is really impressive. Would definitely buy again from Skybags.,2025-11-30,True,0
RCYJHU8MYIKCGR,B656A00C3F,Skybags,5,Super happy,Using for office travel and it's perfect. Spacious. Compact yet spacious. The wheels deserves special mention.,2025-10-22,True,0
RE05QMKTGV44FT,B04E7EBCC4,Skybags,4,Highly recommended,"Five stars! Spacious, color options, and excellent material. What more can you ask for at this price?",2025-11-25,True,0
RBUOV6TT9Q1NI1,B04E7EBCC4,Skybags,4,Must buy!,Premium feel without the premium price tag. Stylish design and spacious. Really impressed with the handle.,2025-11-11,False,0
RFSQG8X80RMHRC,B04E7EBCC4,Skybags,4,Must buy!,Bought for my parents - they loved it! Color options and easy to maneuver. The wheels makes it very convenient to use.,2025-10-01,True,0
RBXD8WJ0UUNNV6,B04E7EBCC4,Skybags,4,Great product!,Worth every rupee! Spacious and color options. Took it on a 2-week trip and came back without any scratches. Skybags quality is reliable.,2026-02-28,True,0
R5A5PISKFFV3XO,B04E7EBCC4,Skybags,5,Amazing value,Using for office travel and it's perfect. Sturdy build. Compact yet spacious. The compartments deserves special mention.,2025-10-21,True,0
RXOIEVES6FF7SO,B04E7EBCC4,Skybags,4,Worth the money,This is my second purchase from Skybags and they never disappoint. Color options. The build quality is even better than my previous bag.,2025-06-24,True,3
R5G3V23GXJ0MQV,B04E7EBCC4,Skybags,4,Amazing value,"Very satisfied! The build quality is good, Spacious. Packing was easy due to the spacious compartments. The handle is excellent.",2025-12-12,True,0
RDRWB2SEREV361,B04E7EBCC4,Skybags,4,Fantastic purchase,"Very satisfied! The build quality is good, Spacious. Packing was easy due to the spacious compartments. The wheels is excellent.",2025-05-11,True,0
RV01ZDERI4K5OG,B04E7EBCC4,Skybags,5,Highly recommended,"Very satisfied! The build quality is good, Spacious. Packing was easy due to the spacious compartments. The weight is excellent.",2025-04-10,True,0
RH2ODPVJTUW9OH,B04E7EBCC4,Skybags,4,Must buy!,Amazing product at this price point. Stylish design. The material feels durable and the handle is very smooth. Recommended for frequent travelers.,2025-06-30,True,0
R04X0QZFHOMTZZ,B04E7EBCC4,Skybags,4,Best luggage ever,Love this luggage! Sturdy build and spacious. Looks premium and feels sturdy. The lock quality is really good for this price range.,2026-01-16,True,0
RBN9WSZV83XPHX,B9115C8EF5,Skybags,4,Fantastic purchase,"Very satisfied! The build quality is good, Sturdy build. Packing was easy due to the spacious compartments. The lock is excellent.",2025-07-17,True,0
RMX9DJOYOHAZ7T,B9115C8EF5,Skybags,4,Great product!,Perfect cabin luggage! Fits all airline requirements. Color options. material is of great quality. Will suggest to friends.,2025-06-26,True,0
RUJODCK82853UY,B9115C8EF5,Skybags,4,Best luggage ever,"Very satisfied! The build quality is good, Color options. Packing was easy due to the spacious compartments. The lock is excellent.",2025-09-27,True,1
RRJN2HZ2OMTZJK,B9115C8EF5,Skybags,4,Great product!,Bought for my parents - they loved it! Spacious and easy to maneuver. The build quality makes it very convenient to use.,2025-09-16,True,2
RHUG07G0IIJI44,B9115C8EF5,Skybags,3,Mediocre quality,"Average quality. Spacious which is nice, but zipper stiffness. Not bad for occasional trips but frequent travelers should consider spending more.",2025-10-08,True,0
R4NL65UJG1SO1E,B9115C8EF5,Skybags,5,Great product!,Perfect cabin luggage! Fits all airline requirements. Stylish design. build quality is of great quality. Will suggest to friends.,2025-07-13,True,0
RAYNDN5GJJ8MGP,BC37D84A76,Skybags,4,Very satisfied,Great quality for the price. Spacious. Used it for my trip and it handled everything well. The build quality works smoothly. Highly recommend.,2025-09-06,True,0
RIDJIPNF8F3GR9,BC37D84A76,Skybags,4,Must buy!,Perfect cabin luggage! Fits all airline requirements. Color options. zipper is of great quality. Will suggest to friends.,2025-05-21,True,1
RBDFHJ4D0JMU3M,BC37D84A76,Skybags,4,Fantastic purchase,Love this luggage! Sturdy build and spacious. Looks premium and feels sturdy. The build quality quality is really good for this price range.,2025-09-10,False,2
RYR06NKWFG3MWU,BC37D84A76,Skybags,4,Highly recommended,Very practical and well-designed. Sturdy build. The interiors are well-organized with multiple pockets. zipper quality is commendable.,2026-03-03,False,0
RVO5270SQG4EIJ,BC37D84A76,Skybags,4,Perfect for travel,"Good product, delivered on time. Sturdy build. The compartments impressed me the most. Using it regularly now - no complaints so far!",2025-04-15,True,0
RS9DWD7OI0PESG,BC37D84A76,Skybags,4,Best luggage ever,Amazing product at this price point. Stylish design. The material feels durable and the build quality is very smooth. Recommended for frequent travelers.,2026-03-22,True,2
R7TE8TVQ05PXT6,BC37D84A76,Skybags,4,Super happy,Using for office travel and it's perfect. Spacious. Compact yet spacious. The compartments deserves special mention.,2025-08-05,True,2
RS1EKTYR1K12V2,BC37D84A76,Skybags,4,Great product!,I bought this for my recent vacation and it was perfect. Sturdy build and the lock is top notch. Skybags has done a great job with this one.,2025-07-02,True,0
R0ONJPI163YK03,BC37D84A76,Skybags,4,Very satisfied,Worth every rupee! Color options and stylish design. Took it on a 2-week trip and came back without any scratches. Skybags quality is reliable.,2025-09-09,True,0
RWGABTGDJZ0IFR,BC37D84A76,Skybags,4,Very satisfied,Perfect cabin luggage! Fits all airline requirements. Spacious. build quality is of great quality. Will suggest to friends.,2025-10-15,True,1
RL48C1CQG433E1,BC37D84A76,Skybags,4,Great product!,"Good product, delivered on time. Spacious. The build quality impressed me the most. Using it regularly now - no complaints so far!",2025-12-02,True,8
R9RYLLWB7SJWH5,BC37D84A76,Skybags,4,Must buy!,This is my second purchase from Skybags and they never disappoint. Stylish design. The material is even better than my previous bag.,2025-05-02,True,0
RVOI8UYYF1IRYM,BC37D84A76,Skybags,5,Perfect for travel,"Good product, delivered on time. Stylish design. The weight impressed me the most. Using it regularly now - no complaints so far!",2025-05-23,False,0
R9212PGYME6RPK,BC37D84A76,Skybags,4,Highly recommended,I bought this for my recent vacation and it was perfect. Spacious and the handle is top notch. Skybags has done a great job with this one.,2025-04-17,True,0
R6TCFKJNAWNGA4,BC37D84A76,Skybags,4,Fantastic purchase,"Good product, delivered on time. Spacious. The compartments impressed me the most. Using it regularly now - no complaints so far!",2025-05-26,True,1
RC4E5HRDU4XSZJ,BD33B5463E,Skybags,4,Must buy!,Great quality for the price. Stylish design. Used it for my trip and it handled everything well. The compartments works smoothly. Highly recommend.,2025-10-03,True,1
R73QXM0632CWT0,BD33B5463E,Skybags,4,Amazing value,Premium feel without the premium price tag. Color options and spacious. Really impressed with the wheels.,2025-11-04,False,0
RSIWG0ODWMQX5G,BD33B5463E,Skybags,4,Love it!,Amazing product at this price point. Spacious. The material feels durable and the material is very smooth. Recommended for frequent travelers.,2026-01-06,True,0
RT94OW3LITNT0M,BD33B5463E,Skybags,4,Highly recommended,Amazing product at this price point. Spacious. The material feels durable and the zipper is very smooth. Recommended for frequent travelers.,2025-08-20,True,0
RKH4A3YJTU7FBM,BD33B5463E,Skybags,4,Great product!,Amazing product at this price point. Color options. The material feels durable and the wheels is very smooth. Recommended for frequent travelers.,2026-01-28,True,3
RUUHCLRR6Z3DXB,BD33B5463E,Skybags,3,Okay for the price,"It's okay. Sturdy build. zipper stiffness though. For this price range, I guess it's acceptable. The material is mediocre.",2025-06-17,True,1
RXVA1NKBTFSHB0,BD33B5463E,Skybags,4,Very satisfied,Worth every rupee! Stylish design and color options. Took it on a 2-week trip and came back without any scratches. Skybags quality is reliable.,2025-09-19,True,1
RFMR0TJOPZ1RHO,BD33B5463E,Skybags,4,Best luggage ever,"Very satisfied! The build quality is good, Spacious. Packing was easy due to the spacious compartments. The handle is excellent.",2025-06-20,True,0
R7DYPMLVAK9W9P,BD33B5463E,Skybags,4,Must buy!,Love this luggage! Spacious and color options. Looks premium and feels sturdy. The handle quality is really good for this price range.,2026-01-24,True,5
R4EB8753AYEQAH,BD33B5463E,Skybags,4,Very satisfied,"Very satisfied! The build quality is good, Sturdy build. Packing was easy due to the spacious compartments. The material is excellent.",2025-07-07,True,0
R6SJCHZJQ8CXX6,BD33B5463E,Skybags,4,Fantastic purchase,"Five stars! Stylish design, sturdy build, and excellent zipper. What more can you ask for at this price?",2025-10-06,True,0
RDL5TGSQ7AITMO,BD33B5463E,Skybags,4,Very satisfied,"Very satisfied! The build quality is good, Spacious. Packing was easy due to the spacious compartments. The weight is excellent.",2026-01-18,False,0
R563BTKF6XDN8W,BD33B5463E,Skybags,4,Perfect for travel,Very practical and well-designed. Stylish design. The interiors are well-organized with multiple pockets. lock quality is commendable.,2025-05-23,True,0
RET25LZSE99F77,B123E4A758,American Tourister,4,Must buy!,Amazing product at this price point. Smooth wheels. The material feels durable and the build quality is very smooth. Recommended for frequent travelers.,2025-10-28,False,0
R8K03W0FGEA9WV,B123E4A758,American Tourister,4,Best luggage ever,"Five stars! Excellent build quality, premium finish, and excellent zipper. What more can you ask for at this price?",2025-05-30,True,0
RSVZN4REGB1AJO,B123E4A758,American Tourister,4,Worth the money,"Good product, delivered on time. Excellent build quality. The wheels impressed me the most. Using it regularly now - no complaints so far!",2025-04-30,True,1
RLQIOB0NLW0VS5,B123E4A758,American Tourister,5,Very satisfied,Using for office travel and it's perfect. Tsa lock. Compact yet spacious. The build quality deserves special mention.,2026-03-20,True,0
RBN18GP51KFK7Y,B123E4A758,American Tourister,4,Very satisfied,Premium feel without the premium price tag. Smooth wheels and TSA lock. Really impressed with the wheels.,2026-01-26,True,0
ROLAQ665DLXZF0,B123E4A758,American Tourister,4,Worth the money,Very practical and well-designed. Tsa lock. The interiors are well-organized with multiple pockets. zipper quality is commendable.,2026-02-21,False,0
R2S8NN16UXF5GZ,B123E4A758,American Tourister,4,Very satisfied,Great quality for the price. Tsa lock. Used it for my trip and it handled everything well. The compartments works smoothly. Highly recommend.,2025-09-06,True,1
RWJQ4TA5IVROCV,B123E4A758,American Tourister,4,Great product!,Great quality for the price. Smooth wheels. Used it for my trip and it handled everything well. The zipper works smoothly. Highly recommend.,2025-12-04,True,0
RXB4Y4K7BPGYVY,B123E4A758,American Tourister,4,Great product!,Excellent luggage! Smooth wheels and trusted brand. Very happy with my purchase. The material is really impressive. Would definitely buy again from American Tourister.,2025-06-08,True,0
RL6314CQE4LOHH,B123E4A758,American Tourister,5,Perfect for travel,Premium feel without the premium price tag. Excellent build quality and smooth wheels. Really impressed with the compartments.,2026-03-10,False,1
RVLS9MEUSWRGVZ,B123E4A758,American Tourister,4,Best luggage ever,This is my second purchase from American Tourister and they never disappoint. Tsa lock. The handle is even better than my previous bag.,2025-12-30,False,0
RBM3HXYJCKT1EL,B123E4A758,American Tourister,4,Best luggage ever,Very practical and well-designed. Tsa lock. The interiors are well-organized with multiple pockets. material quality is commendable.,2025-09-18,True,0
R47RRBEFQ56Q37,B123E4A758,American Tourister,4,Highly recommended,Using for office travel and it's perfect. Smooth wheels. Compact yet spacious. The wheels deserves special mention.,2026-03-11,True,0
RCF4MNTFVGE2L4,B123E4A758,American Tourister,4,Highly recommended,"Very satisfied! The build quality is good, Tsa lock. Packing was easy due to the spacious compartments. The wheels is excellent.",2025-04-10,False,0
R26PARSG70S1F5,B630890FAD,American Tourister,4,Great product!,I bought this for my recent vacation and it was perfect. Excellent build quality and the lock is top notch. American Tourister has done a great job with this one.,2025-07-18,True,0
R45L6D10A1WHHK,B630890FAD,American Tourister,4,Must buy!,Excellent luggage! Trusted brand and excellent build quality. Very happy with my purchase. The handle is really impressive. Would definitely buy again from American Tourister.,2025-07-10,True,0
RE8UDTTJ72UGL6,B630890FAD,American Tourister,4,Perfect for travel,Love this luggage! Smooth wheels and trusted brand. Looks premium and feels sturdy. The handle quality is really good for this price range.,2025-07-06,True,0
ROZ6WYQMLH13C7,B630890FAD,American Tourister,4,Best luggage ever,Worth every rupee! Excellent build quality and smooth wheels. Took it on a 2-week trip and came back without any scratches. American Tourister quality is reliable.,2025-08-13,True,0
RX1Q8F6JNG7L4L,B630890FAD,American Tourister,4,Must buy!,Great quality for the price. Premium finish. Used it for my trip and it handled everything well. The build quality works smoothly. Highly recommend.,2025-08-02,False,0
RD32LX2TOOWT9N,B630890FAD,American Tourister,4,Super happy,Love this luggage! Trusted brand and smooth wheels. Looks premium and feels sturdy. The zipper quality is really good for this price range.,2025-10-16,True,0
RYGY0Z4EVLDQLO,B630890FAD,American Tourister,5,Super happy,Very practical and well-designed. Premium finish. The interiors are well-organized with multiple pockets. weight quality is commendable.,2025-06-06,False,2
R356WAFFTOUHYL,B630890FAD,American Tourister,4,Love it!,Bought for my parents - they loved it! Excellent build quality and easy to maneuver. The build quality makes it very convenient to use.,2025-06-21,True,0
RA9OEKNTBZ3M55,B630890FAD,American Tourister,4,Fantastic purchase,"Five stars! Trusted brand, excellent build quality, and excellent weight. What more can you ask for at this price?",2025-12-09,True,0
RK5EAXF5X9EE34,BE8E47B1D7,American Tourister,4,Worth the money,Using for office travel and it's perfect. Trusted brand. Compact yet spacious. The weight deserves special mention.,2025-04-17,True,0
R3NIPAR0ZJ7UBB,BE8E47B1D7,American Tourister,4,Super happy,This is my second purchase from American Tourister and they never disappoint. Tsa lock. The zipper is even better than my previous bag.,2025-08-04,True,0
RSSVIWXYYTUW6T,BE8E47B1D7,American Tourister,4,Amazing value,"Five stars! Tsa lock, trusted brand, and excellent zipper. What more can you ask for at this price?",2026-04-03,True,0
R82KB700UCRGB9,BE8E47B1D7,American Tourister,4,Highly recommended,Perfect cabin luggage! Fits all airline requirements. Trusted brand. build quality is of great quality. Will suggest to friends.,2025-05-24,False,0
R4AEGVFQ3JZR25,BE8E47B1D7,American Tourister,4,Perfect for travel,Love this luggage! Smooth wheels and premium finish. Looks premium and feels sturdy. The lock quality is really good for this price range.,2025-10-15,True,8
RIPWH0MX1EGOK0,BE8E47B1D7,American Tourister,4,Best luggage ever,Using for office travel and it's perfect. Premium finish. Compact yet spacious. The zipper deserves special mention.,2025-07-10,True,0
RY8YB7W8P74MJD,BE8E47B1D7,American Tourister,4,Best luggage ever,Excellent luggage! Trusted brand and TSA lock. Very happy with my purchase. The weight is really impressive. Would definitely buy again from American Tourister.,2025-05-08,True,0
RMYGTY3ADDQHKG,BE8E47B1D7,American Tourister,4,Super happy,"Five stars! Tsa lock, smooth wheels, and excellent material. What more can you ask for at this price?",2026-03-27,True,0
RKXCQ91YY1J2JC,B751A278E1,American Tourister,4,Perfect for travel,Premium feel without the premium price tag. Excellent build quality and trusted brand. Really impressed with the zipper.,2025-09-22,True,0
R9HOXDTPWDPJBC,B751A278E1,American Tourister,4,Amazing value,I bought this for my recent vacation and it was perfect. Premium finish and the lock is top notch. American Tourister has done a great job with this one.,2025-12-01,True,0
RFLOAZ1RO03CIN,B751A278E1,American Tourister,4,Perfect for travel,Premium feel without the premium price tag. Excellent build quality and TSA lock. Really impressed with the wheels.,2025-04-21,True,0
RW8DT8CQ1XGBNG,B751A278E1,American Tourister,4,Great product!,"Good product, delivered on time. Trusted brand. The compartments impressed me the most. Using it regularly now - no complaints so far!",2025-04-17,True,0
RGZVRCTLT4Q9BC,B751A278E1,American Tourister,4,Great product!,"Five stars! Smooth wheels, trusted brand, and excellent build quality. What more can you ask for at this price?",2026-03-18,True,0
RU7BFXQ7BZEGBL,B751A278E1,American Tourister,4,Very satisfied,Bought for my parents - they loved it! Tsa lock and easy to maneuver. The build quality makes it very convenient to use.,2026-02-18,True,0
REYTL8HBGCJ1GN,B548BF203F,American Tourister,4,Highly recommended,Worth every rupee! Trusted brand and TSA lock. Took it on a 2-week trip and came back without any scratches. American Tourister quality is reliable.,2026-01-14,True,5
RARAGDX5O31YHX,B548BF203F,American Tourister,4,Worth the money,I bought this for my recent vacation and it was perfect. Excellent build quality and the wheels is top notch. American Tourister has done a great job with this one.,2025-07-15,True,0
R3KPUG99W59SQW,B548BF203F,American Tourister,4,Must buy!,"Five stars! Premium finish, excellent build quality, and excellent zipper. What more can you ask for at this price?",2025-12-23,True,0
RF7BNHJW6QDBTF,B548BF203F,American Tourister,4,Worth the money,Bought for my parents - they loved it! Premium finish and easy to maneuver. The zipper makes it very convenient to use.,2026-03-25,True,0
R2LD05NHQR6F7Q,B548BF203F,American Tourister,4,Love it!,Worth every rupee! Smooth wheels and premium finish. Took it on a 2-week trip and came back without any scratches. American Tourister quality is reliable.,2025-09-22,True,0
RMBUKDQP1HKF28,B548BF203F,American Tourister,4,Love it!,Bought for my parents - they loved it! Trusted brand and easy to maneuver. The material makes it very convenient to use.,2026-01-11,True,0
RK00ILU6VFUA9B,B548BF203F,American Tourister,4,Amazing value,Using for office travel and it's perfect. Smooth wheels. Compact yet spacious. The build quality deserves special mention.,2025-08-11,True,0
R3QIUA08EKXDRK,B548BF203F,American Tourister,4,Very satisfied,Amazing product at this price point. Premium finish. The material feels durable and the weight is very smooth. Recommended for frequent travelers.,2025-04-13,True,0
RWZAWNYTK1ZWUH,B548BF203F,American Tourister,3,Mediocre quality,"Average quality. Premium finish which is nice, but heavy weight. Not bad for occasional trips but frequent travelers should consider spending more.",2025-04-23,False,3
RNQBNXZU1EMTX0,B548BF203F,American Tourister,4,Excellent quality,Amazing product at this price point. Trusted brand. The material feels durable and the wheels is very smooth. Recommended for frequent travelers.,2025-06-15,True,1
RBNQS3QT36QNYY,B548BF203F,American Tourister,4,Perfect for travel,"Good product, delivered on time. Trusted brand. The compartments impressed me the most. Using it regularly now - no complaints so far!",2026-03-06,True,3
R8CFEFFH8AOY7R,B548BF203F,American Tourister,3,Not bad,"Good for the price but has some issues. Premium finish. However, heavy weight. The handle could be better. 3/5 would buy again.",2025-09-05,True,0
RXTTQU6L2INK4F,BD6581E74E,American Tourister,4,Fantastic purchase,Bought for my parents - they loved it! Trusted brand and easy to maneuver. The compartments makes it very convenient to use.,2025-11-14,True,0
R94YXFIBLEJGUB,BD6581E74E,American Tourister,4,Worth the money,"Five stars! Tsa lock, trusted brand, and excellent zipper. What more can you ask for at this price?",2025-10-28,True,0
R187F8TSXK6819,BD6581E74E,American Tourister,4,Amazing value,Great quality for the price. Excellent build quality. Used it for my trip and it handled everything well. The lock works smoothly. Highly recommend.,2025-05-02,False,0
RFTLO4QDBXVH7K,BD6581E74E,American Tourister,5,Great product!,"Good product, delivered on time. Excellent build quality. The build quality impressed me the most. Using it regularly now - no complaints so far!",2026-03-28,False,2
RV76MF4NNKM95D,BD6581E74E,American Tourister,4,Fantastic purchase,"Very satisfied! The build quality is good, Premium finish. Packing was easy due to the spacious compartments. The weight is excellent.",2025-08-24,True,0
R6FVDHR59C81DO,BD6581E74E,American Tourister,4,Very satisfied,Love this luggage! Smooth wheels and TSA lock. Looks premium and feels sturdy. The build quality quality is really good for this price range.,2025-11-20,True,0
RTB34KUQAAJ84R,BD6581E74E,American Tourister,4,Perfect for travel,"Very satisfied! The build quality is good, Smooth wheels. Packing was easy due to the spacious compartments. The zipper is excellent.",2025-05-09,True,0
R1R8VNRPJY93N0,BD6581E74E,American Tourister,4,Excellent quality,This is my second purchase from American Tourister and they never disappoint. Smooth wheels. The zipper is even better than my previous bag.,2026-03-31,True,0
RKXCGW1VGLL42J,BFAEB1981C,American Tourister,5,Perfect for travel,Bought for my parents - they loved it! Trusted brand and easy to maneuver. The weight makes it very convenient to use.,2025-04-16,True,0
RSNRM6DFHG6W3S,BFAEB1981C,American Tourister,5,Worth the money,Using for office travel and it's perfect. Smooth wheels. Compact yet spacious. The compartments deserves special mention.,2025-07-10,True,1
RMYFP9S8GK0EEY,BFAEB1981C,American Tourister,5,Amazing value,Great quality for the price. Smooth wheels. Used it for my trip and it handled everything well. The handle works smoothly. Highly recommend.,2025-04-21,True,0
RARPHBXVQ6BKAD,BFAEB1981C,American Tourister,4,Excellent quality,Great quality for the price. Premium finish. Used it for my trip and it handled everything well. The zipper works smoothly. Highly recommend.,2026-02-04,True,0
R78MFS0IUDUAHG,BFAEB1981C,American Tourister,5,Very satisfied,Excellent luggage! Excellent build quality and trusted brand. Very happy with my purchase. The compartments is really impressive. Would definitely buy again from American Tourister.,2025-11-15,True,1
R4RZGYD49PSO1L,BFAEB1981C,American Tourister,4,Super happy,"Five stars! Excellent build quality, trusted brand, and excellent wheels. What more can you ask for at this price?",2025-08-13,False,0
RNQ0Y4IO9P4627,BFAEB1981C,American Tourister,4,Excellent quality,Great quality for the price. Trusted brand. Used it for my trip and it handled everything well. The wheels works smoothly. Highly recommend.,2025-10-02,True,25
RVD79C9MV9E40K,B6E62FFB78,American Tourister,4,Very satisfied,I bought this for my recent vacation and it was perfect. Premium finish and the handle is top notch. American Tourister has done a great job with this one.,2025-06-15,True,1
RSFQERI7B03RAG,B6E62FFB78,American Tourister,4,Amazing value,This is my second purchase from American Tourister and they never disappoint. Tsa lock. The compartments is even better than my previous bag.,2025-06-03,True,0
RHXRJM4T8BP6NL,B6E62FFB78,American Tourister,4,Amazing value,Very practical and well-designed. Excellent build quality. The interiors are well-organized with multiple pockets. handle quality is commendable.,2025-09-28,True,0
REZRDYXYUR4SOR,B6E62FFB78,American Tourister,4,Best luggage ever,Premium feel without the premium price tag. Smooth wheels and TSA lock. Really impressed with the lock.,2025-09-27,True,0
RB4M0A6MDMMMXI,B6E62FFB78,American Tourister,5,Fantastic purchase,"Good product, delivered on time. Excellent build quality. The lock impressed me the most. Using it regularly now - no complaints so far!",2025-05-12,True,0
RLQ5U6JZV9NOU3,B6E62FFB78,American Tourister,4,Super happy,"Good product, delivered on time. Smooth wheels. The handle impressed me the most. Using it regularly now - no complaints so far!",2026-02-16,True,0
RK8HW9C4HJKU2W,B6E62FFB78,American Tourister,4,Fantastic purchase,Amazing product at this price point. Trusted brand. The material feels durable and the build quality is very smooth. Recommended for frequent travelers.,2026-02-20,True,0
RXK2PTHOWQ1GAZ,B6E62FFB78,American Tourister,4,Excellent quality,Worth every rupee! Smooth wheels and premium finish. Took it on a 2-week trip and came back without any scratches. American Tourister quality is reliable.,2026-01-03,True,0
R70CHQI014O46W,B6E62FFB78,American Tourister,4,Best luggage ever,Love this luggage! Tsa lock and TSA lock. Looks premium and feels sturdy. The build quality quality is really good for this price range.,2025-09-09,True,0
RGI3QUPXBFEJ2X,B6E62FFB78,American Tourister,4,Worth the money,Worth every rupee! Smooth wheels and excellent build quality. Took it on a 2-week trip and came back without any scratches. American Tourister quality is reliable.,2026-01-08,True,0
RLKC86Y5O44IUS,B6E62FFB78,American Tourister,5,Excellent quality,Very practical and well-designed. Excellent build quality. The interiors are well-organized with multiple pockets. build quality quality is commendable.,2026-02-06,True,2
RE3LVO0IPFG8PJ,B6E62FFB78,American Tourister,5,Fantastic purchase,This is my second purchase from American Tourister and they never disappoint. Excellent build quality. The lock is even better than my previous bag.,2025-06-11,False,0
RY857NZ3A8V4X7,B6E62FFB78,American Tourister,4,Amazing value,"Good product, delivered on time. Tsa lock. The handle impressed me the most. Using it regularly now - no complaints so far!",2025-04-20,True,0
RN6O9JD3IH66W5,B6E62FFB78,American Tourister,4,Amazing value,Premium feel without the premium price tag. Excellent build quality and trusted brand. Really impressed with the compartments.,2025-05-14,True,0
RO4Z533ZSMV30Q,B6E62FFB78,American Tourister,5,Very satisfied,Using for office travel and it's perfect. Premium finish. Compact yet spacious. The handle deserves special mention.,2026-03-25,True,0
RZ1XEVO7Q5EGVL,BC16645A77,American Tourister,4,Super happy,Great quality for the price. Smooth wheels. Used it for my trip and it handled everything well. The handle works smoothly. Highly recommend.,2025-11-15,True,0
R87XW69HZGOPJD,BC16645A77,American Tourister,4,Great product!,Worth every rupee! Premium finish and smooth wheels. Took it on a 2-week trip and came back without any scratches. American Tourister quality is reliable.,2025-10-02,True,0
RZG52KRE4V9KYP,BC16645A77,American Tourister,4,Love it!,Using for office travel and it's perfect. Premium finish. Compact yet spacious. The build quality deserves special mention.,2025-09-11,True,0
RNYQAELYYZZ0JD,BC16645A77,American Tourister,4,Love it!,"Very satisfied! The build quality is good, Tsa lock. Packing was easy due to the spacious compartments. The lock is excellent.",2026-03-09,False,5
R9YE6BGGRMQDZP,BC16645A77,American Tourister,4,Perfect for travel,Excellent luggage! Trusted brand and TSA lock. Very happy with my purchase. The wheels is really impressive. Would definitely buy again from American Tourister.,2025-11-26,False,0
RK5W1JL6L91F4X,BC16645A77,American Tourister,4,Best luggage ever,This is my second purchase from American Tourister and they never disappoint. Trusted brand. The zipper is even better than my previous bag.,2025-08-26,False,0
R97BMZRR45ED5G,BC16645A77,American Tourister,4,Excellent quality,I bought this for my recent vacation and it was perfect. Premium finish and the lock is top notch. American Tourister has done a great job with this one.,2026-01-12,True,2
R7IRDLK9EN7DLB,BC16645A77,American Tourister,4,Best luggage ever,Perfect cabin luggage! Fits all airline requirements. Excellent build quality. material is of great quality. Will suggest to friends.,2025-08-16,True,0
R8962E52K20TVD,BC16645A77,American Tourister,3,Mediocre quality,Product looks good but size runs small. Excellent build quality saves it somewhat. Usable but don't expect premium quality at this price.,2025-11-29,True,8
RNOX8FK2076VMD,BC16645A77,American Tourister,4,Worth the money,Great quality for the price. Excellent build quality. Used it for my trip and it handled everything well. The weight works smoothly. Highly recommend.,2025-10-02,True,0
RGWDS9YXZ7SXDQ,BC16645A77,American Tourister,4,Fantastic purchase,Great quality for the price. Premium finish. Used it for my trip and it handled everything well. The weight works smoothly. Highly recommend.,2026-02-27,True,0
RCBDPDXUJJCSEX,B4693BD9F6,American Tourister,4,Super happy,Love this luggage! Tsa lock and excellent build quality. Looks premium and feels sturdy. The weight quality is really good for this price range.,2026-01-07,True,2
RQ3M73HC9JYPAO,B4693BD9F6,American Tourister,4,Must buy!,"Good product, delivered on time. Tsa lock. The lock impressed me the most. Using it regularly now - no complaints so far!",2026-04-02,True,0
RW9MYYOKEAEA84,B4693BD9F6,American Tourister,4,Perfect for travel,Using for office travel and it's perfect. Tsa lock. Compact yet spacious. The weight deserves special mention.,2025-12-22,True,0
RRAFFZ8Q4VHU4B,B4693BD9F6,American Tourister,4,Worth the money,Great quality for the price. Trusted brand. Used it for my trip and it handled everything well. The material works smoothly. Highly recommend.,2026-04-04,False,2
RRRVWY3RZTPLC6,B4693BD9F6,American Tourister,5,Great product!,Worth every rupee! Premium finish and trusted brand. Took it on a 2-week trip and came back without any scratches. American Tourister quality is reliable.,2025-09-07,True,0
RKGMIH6MV4XEKZ,B4693BD9F6,American Tourister,4,Worth the money,"Five stars! Premium finish, excellent build quality, and excellent build quality. What more can you ask for at this price?",2025-09-07,True,0
RHYDRGFR27RIU9,B4693BD9F6,American Tourister,4,Fantastic purchase,Very practical and well-designed. Premium finish. The interiors are well-organized with multiple pockets. compartments quality is commendable.,2025-10-07,True,0
REIUR9211U645V,B4693BD9F6,American Tourister,4,Best luggage ever,Very practical and well-designed. Excellent build quality. The interiors are well-organized with multiple pockets. wheels quality is commendable.,2026-02-14,True,5
RDW56FKPS0DXME,BAF58A1206,American Tourister,5,Super happy,Using for office travel and it's perfect. Tsa lock. Compact yet spacious. The handle deserves special mention.,2025-12-26,True,0
RJZOWI1T2EP768,BAF58A1206,American Tourister,4,Excellent quality,"Good product, delivered on time. Trusted brand. The build quality impressed me the most. Using it regularly now - no complaints so far!",2025-07-18,True,0
R37DL9FC1XX6CW,BAF58A1206,American Tourister,4,Very satisfied,This is my second purchase from American Tourister and they never disappoint. Smooth wheels. The wheels is even better than my previous bag.,2025-05-05,True,8
R36VFOX5WWPM3X,BAF58A1206,American Tourister,4,Great product!,"Five stars! Trusted brand, premium finish, and excellent lock. What more can you ask for at this price?",2025-12-28,True,0
RDTS1FB2VI109D,BAF58A1206,American Tourister,5,Love it!,Worth every rupee! Smooth wheels and premium finish. Took it on a 2-week trip and came back without any scratches. American Tourister quality is reliable.,2026-03-09,True,0
RMI0UZ7X4IKY3U,BAF58A1206,American Tourister,4,Amazing value,This is my second purchase from American Tourister and they never disappoint. Trusted brand. The handle is even better than my previous bag.,2026-01-27,True,0
RDPEHCYOU25VW9,B6C585D0E9,American Tourister,4,Excellent quality,I bought this for my recent vacation and it was perfect. Premium finish and the handle is top notch. American Tourister has done a great job with this one.,2025-04-21,True,0
RQ8STZQBFU7E4D,B6C585D0E9,American Tourister,5,Very satisfied,Amazing product at this price point. Smooth wheels. The material feels durable and the zipper is very smooth. Recommended for frequent travelers.,2025-10-01,True,0
RKR2FVB66H3REM,B6C585D0E9,American Tourister,4,Highly recommended,Great quality for the price. Trusted brand. Used it for my trip and it handled everything well. The zipper works smoothly. Highly recommend.,2026-03-17,True,0
RSQQQ5L2XOIOT8,B6C585D0E9,American Tourister,4,Worth the money,This is my second purchase from American Tourister and they never disappoint. Tsa lock. The weight is even better than my previous bag.,2025-08-25,True,0
RXXD8T18S1SAXT,B6C585D0E9,American Tourister,4,Super happy,"Five stars! Excellent build quality, premium finish, and excellent zipper. What more can you ask for at this price?",2026-03-30,True,0
ROB5APO4LJEDGF,B6C585D0E9,American Tourister,5,Highly recommended,Great quality for the price. Tsa lock. Used it for my trip and it handled everything well. The build quality works smoothly. Highly recommend.,2025-11-29,True,0
R8GZKDF6J76BIV,B6C585D0E9,American Tourister,4,Fantastic purchase,Bought for my parents - they loved it! Smooth wheels and easy to maneuver. The weight makes it very convenient to use.,2025-12-08,True,1
RROI5J8YIT2KOD,B6C585D0E9,American Tourister,4,Excellent quality,"Good product, delivered on time. Premium finish. The wheels impressed me the most. Using it regularly now - no complaints so far!",2025-05-18,True,1
RTP6QAQ3K8A7RV,B6C585D0E9,American Tourister,4,Love it!,"Good product, delivered on time. Tsa lock. The zipper impressed me the most. Using it regularly now - no complaints so far!",2025-04-25,True,0
RDZ3095HS258W9,B6C585D0E9,American Tourister,4,Perfect for travel,Excellent luggage! Smooth wheels and excellent build quality. Very happy with my purchase. The lock is really impressive. Would definitely buy again from American Tourister.,2025-04-11,True,0
R6YO6Z1T2XCB3Y,BEEAC52961,American Tourister,4,Great product!,Bought for my parents - they loved it! Excellent build quality and easy to maneuver. The zipper makes it very convenient to use.,2025-04-29,False,8
RNGA01YZG3W3H9,BEEAC52961,American Tourister,4,Amazing value,I bought this for my recent vacation and it was perfect. Excellent build quality and the weight is top notch. American Tourister has done a great job with this one.,2025-10-05,False,0
R5URTXUYUCECJU,BEEAC52961,American Tourister,5,Excellent quality,Excellent luggage! Smooth wheels and TSA lock. Very happy with my purchase. The material is really impressive. Would definitely buy again from American Tourister.,2025-12-13,True,1
RY5APYX4L4OESR,BEEAC52961,American Tourister,4,Perfect for travel,"Five stars! Tsa lock, TSA lock, and excellent wheels. What more can you ask for at this price?",2025-07-18,True,3
RQAHCUA09PCIFL,BEEAC52961,American Tourister,5,Super happy,Excellent luggage! Trusted brand and TSA lock. Very happy with my purchase. The material is really impressive. Would definitely buy again from American Tourister.,2025-05-23,True,0
RR833SICVPDQE9,BEEAC52961,American Tourister,4,Excellent quality,Using for office travel and it's perfect. Trusted brand. Compact yet spacious. The compartments deserves special mention.,2026-03-22,True,3
RBVPDCB4OWO52W,BEEAC52961,American Tourister,5,Amazing value,Very practical and well-designed. Smooth wheels. The interiors are well-organized with multiple pockets. handle quality is commendable.,2025-08-19,True,1
RLGDVC2GUWJP0Q,BEEAC52961,American Tourister,5,Super happy,Bought for my parents - they loved it! Excellent build quality and easy to maneuver. The compartments makes it very convenient to use.,2025-12-05,False,0
R81L51FLMNAVYC,BEEAC52961,American Tourister,4,Super happy,Love this luggage! Tsa lock and premium finish. Looks premium and feels sturdy. The zipper quality is really good for this price range.,2025-07-23,True,0
RGRYQY4UMKLD56,BEEAC52961,American Tourister,5,Highly recommended,Bought for my parents - they loved it! Smooth wheels and easy to maneuver. The material makes it very convenient to use.,2025-07-29,True,0
RG9NCBEKGV1BBH,BFB409FDA5,VIP,4,Best luggage ever,Very practical and well-designed. Affordable. The interiors are well-organized with multiple pockets. compartments quality is commendable.,2026-01-09,True,0
R46AYN2D7KI3X7,BFB409FDA5,VIP,4,Worth the money,I bought this for my recent vacation and it was perfect. Good warranty and the material is top notch. VIP has done a great job with this one.,2025-05-24,True,3
RGNNV9IBWGT2LB,BFB409FDA5,VIP,4,Love it!,Great quality for the price. Good warranty. Used it for my trip and it handled everything well. The handle works smoothly. Highly recommend.,2025-11-16,True,2
RWGN51NSGZSR8R,BFB409FDA5,VIP,5,Must buy!,"Five stars! Heritage brand, lightweight, and excellent material. What more can you ask for at this price?",2025-06-15,True,5
R5OL5U7NTEDQMV,BFB409FDA5,VIP,3,Expected more,"It's okay. Good warranty. material quality though. For this price range, I guess it's acceptable. The wheels is mediocre.",2025-08-13,True,0
RAPJC6KSTCJIEM,BFB409FDA5,VIP,3,So-so,For the price it's acceptable. Lightweight. But outdated design is a concern. Would give it 3 stars honestly.,2025-07-03,True,0
R4GVE4ZTJ1KM98,BFB409FDA5,VIP,4,Must buy!,Love this luggage! Lightweight and affordable. Looks premium and feels sturdy. The compartments quality is really good for this price range.,2025-06-16,True,0
RRS210Q2LG1ZHQ,BFB409FDA5,VIP,3,Decent but not great,"Not bad, not great. Good warranty. But I noticed material quality after a few uses. The zipper started fine but degraded.",2025-06-27,False,0
RMPYO2TLA27F8L,BFB409FDA5,VIP,3,Mediocre quality,Mixed feelings about this one. Heritage brand is great but zip problems is disappointing. Would rate it average.,2025-05-21,True,3
RNRL8XKGYG3VAH,BFB409FDA5,VIP,3,Fair product,"It's okay. Affordable. wheel breakage though. For this price range, I guess it's acceptable. The weight is mediocre.",2025-09-23,True,0
RAL6O9EP0O6H5L,BFB409FDA5,VIP,3,Fair product,For the price it's acceptable. Heritage brand. But outdated design is a concern. Would give it 3 stars honestly.,2025-04-10,True,0
R9Q3VILURQBDX7,BFB409FDA5,VIP,3,Average product,For the price it's acceptable. Lightweight. But material quality is a concern. Would give it 3 stars honestly.,2025-10-13,True,1
R6GUO8I5JWK6Z0,BC7C7CF70F,VIP,4,Best luggage ever,I bought this for my recent vacation and it was perfect. Affordable and the material is top notch. VIP has done a great job with this one.,2025-12-18,True,0
ROFHBAWYQMOGBJ,BC7C7CF70F,VIP,4,Highly recommended,Great quality for the price. Heritage brand. Used it for my trip and it handled everything well. The compartments works smoothly. Highly recommend.,2025-04-10,True,0
RTI8F34GADKTOC,BC7C7CF70F,VIP,4,Excellent quality,This is my second purchase from VIP and they never disappoint. Affordable. The build quality is even better than my previous bag.,2026-04-03,True,0
RBWSXXDYPVBNHI,BC7C7CF70F,VIP,4,Very satisfied,Premium feel without the premium price tag. Good warranty and lightweight. Really impressed with the wheels.,2025-12-07,True,0
RYH523GGODLUGH,BC7C7CF70F,VIP,4,Must buy!,Excellent luggage! Lightweight and heritage brand. Very happy with my purchase. The wheels is really impressive. Would definitely buy again from VIP.,2025-07-05,True,0
RLOQC3XNCHKV9D,BC7C7CF70F,VIP,4,Must buy!,I bought this for my recent vacation and it was perfect. Heritage brand and the compartments is top notch. VIP has done a great job with this one.,2025-07-08,True,5
R9ZY9YLW5L4RMV,BC7C7CF70F,VIP,4,Highly recommended,Love this luggage! Heritage brand and affordable. Looks premium and feels sturdy. The zipper quality is really good for this price range.,2025-06-13,True,0
RCNKFHB7V80LKX,BF71293BB8,VIP,3,Okay for the price,"It's okay. Affordable. material quality though. For this price range, I guess it's acceptable. The lock is mediocre.",2026-03-19,True,8
RIT6XIYZVNLPA5,BF71293BB8,VIP,3,Mediocre quality,"Decent product overall. Good warranty but outdated design. The lock is okay, nothing extraordinary. Serves its purpose for the price.",2026-03-04,True,0
R37IC0LZIGIKQW,BF71293BB8,VIP,5,Super happy,Great quality for the price. Good warranty. Used it for my trip and it handled everything well. The zipper works smoothly. Highly recommend.,2025-11-20,True,0
RPS0132AN417VF,BF71293BB8,VIP,4,Amazing value,Worth every rupee! Affordable and heritage brand. Took it on a 2-week trip and came back without any scratches. VIP quality is reliable.,2026-01-09,True,0
RQFGAS0R778NRX,BF71293BB8,VIP,4,Very satisfied,Great quality for the price. Lightweight. Used it for my trip and it handled everything well. The build quality works smoothly. Highly recommend.,2025-06-11,False,3
R811MZWNCNPIR7,BF71293BB8,VIP,4,Best luggage ever,Worth every rupee! Good warranty and heritage brand. Took it on a 2-week trip and came back without any scratches. VIP quality is reliable.,2025-10-05,True,0
RJV84A1X7OV6SG,BF71293BB8,VIP,4,Worth the money,Perfect cabin luggage! Fits all airline requirements. Affordable. lock is of great quality. Will suggest to friends.,2025-09-04,True,0
RDU23JH0ZAGRD1,BF71293BB8,VIP,3,Okay for the price,"Not bad, not great. Lightweight. But I noticed zip problems after a few uses. The lock started fine but degraded.",2025-09-07,True,0
RCG1J6OWW5FKNJ,B43D1B648A,VIP,3,Decent but not great,For the price it's acceptable. Good warranty. But material quality is a concern. Would give it 3 stars honestly.,2025-10-15,False,0
RJ8X2BH2NS8JR1,B43D1B648A,VIP,4,Great product!,Bought for my parents - they loved it! Heritage brand and easy to maneuver. The build quality makes it very convenient to use.,2025-06-03,True,0
RCMLDQZ05EV5KZ,B43D1B648A,VIP,5,Fantastic purchase,"Good product, delivered on time. Affordable. The material impressed me the most. Using it regularly now - no complaints so far!",2025-12-02,True,0
RAMB3LPVOWCP77,B43D1B648A,VIP,3,Mediocre quality,"Not bad, not great. Good warranty. But I noticed wheel breakage after a few uses. The build quality started fine but degraded.",2025-05-06,True,3
R2ZBRD399Q68RT,B43D1B648A,VIP,4,Fantastic purchase,"Five stars! Good warranty, affordable, and excellent material. What more can you ask for at this price?",2025-12-05,True,1
R7LNKZX8YX7WR2,B43D1B648A,VIP,3,Could be better,"Good for the price but has some issues. Affordable. However, wheel breakage. The handle could be better. 3/5 would buy again.",2025-10-20,True,5
R28PIJKEMVG7UE,B43D1B648A,VIP,4,Must buy!,Worth every rupee! Affordable and lightweight. Took it on a 2-week trip and came back without any scratches. VIP quality is reliable.,2025-10-30,True,0
ROTQF74RQVFX2Z,B8A987173E,VIP,3,Okay for the price,Product looks good but material quality. Good warranty saves it somewhat. Usable but don't expect premium quality at this price.,2025-06-06,True,0
RZN9L3H03ZB5GR,B8A987173E,VIP,4,Perfect for travel,Bought for my parents - they loved it! Good warranty and easy to maneuver. The build quality makes it very convenient to use.,2025-09-20,True,2
RY91OTKZH4OE1U,B8A987173E,VIP,3,So-so,"Decent product overall. Affordable but outdated design. The zipper is okay, nothing extraordinary. Serves its purpose for the price.",2026-03-12,True,1
RH2HXN4D24N9YG,B8A987173E,VIP,4,Worth the money,This is my second purchase from VIP and they never disappoint. Affordable. The zipper is even better than my previous bag.,2026-03-11,False,8
RMPF0IEOKVG019,B8A987173E,VIP,4,Must buy!,Excellent luggage! Heritage brand and affordable. Very happy with my purchase. The zipper is really impressive. Would definitely buy again from VIP.,2025-04-30,True,1
RECRYSAUUJ02GR,B8A987173E,VIP,4,Great product!,Bought for my parents - they loved it! Affordable and easy to maneuver. The lock makes it very convenient to use.,2025-05-13,True,0
RG3AUT3RSVZ2E1,B8A987173E,VIP,3,Fair product,"Good for the price but has some issues. Lightweight. However, wheel breakage. The zipper could be better. 3/5 would buy again.",2025-05-06,True,0
REHFU4B9SNTP8A,B8A987173E,VIP,4,Great product!,Very practical and well-designed. Lightweight. The interiors are well-organized with multiple pockets. build quality quality is commendable.,2025-11-06,False,5
RRL69VSYXBBF4H,B8A987173E,VIP,4,Fantastic purchase,Bought for my parents - they loved it! Affordable and easy to maneuver. The lock makes it very convenient to use.,2026-01-30,True,0
RXFQ8Y7FHWJWXZ,B8A987173E,VIP,4,Best luggage ever,Great quality for the price. Lightweight. Used it for my trip and it handled everything well. The weight works smoothly. Highly recommend.,2025-06-24,True,2
RN8IJTYOLD62F2,B8A987173E,VIP,4,Best luggage ever,Worth every rupee! Good warranty and lightweight. Took it on a 2-week trip and came back without any scratches. VIP quality is reliable.,2025-11-19,False,0
RJDBL1G3Y2T5OV,B410407D7D,VIP,3,Fair product,"Good for the price but has some issues. Lightweight. However, outdated design. The build quality could be better. 3/5 would buy again.",2025-11-27,False,0
RUJ7XN1YPQPMQK,B410407D7D,VIP,4,Best luggage ever,Bought for my parents - they loved it! Good warranty and easy to maneuver. The zipper makes it very convenient to use.,2025-09-01,True,1
RWCIDUDK73A8Y7,B410407D7D,VIP,4,Excellent quality,Love this luggage! Affordable and good warranty. Looks premium and feels sturdy. The handle quality is really good for this price range.,2026-01-29,True,0
R60ZZ0I0835TVV,B410407D7D,VIP,4,Love it!,Worth every rupee! Heritage brand and affordable. Took it on a 2-week trip and came back without any scratches. VIP quality is reliable.,2026-01-12,True,3
R8PNNE6IT1EKKH,B410407D7D,VIP,4,Highly recommended,"Good product, delivered on time. Good warranty. The handle impressed me the most. Using it regularly now - no complaints so far!",2025-05-20,True,0
R4CAQKDM0OAPHT,B410407D7D,VIP,4,Fantastic purchase,Premium feel without the premium price tag. Heritage brand and lightweight. Really impressed with the lock.,2026-01-20,True,3
RFMPM5HGBO06FH,B3FF5E6DD0,VIP,3,Expected more,Mixed feelings about this one. Heritage brand is great but zip problems is disappointing. Would rate it average.,2025-08-06,True,12
R2ZL15S74NDDAF,B3FF5E6DD0,VIP,4,Amazing value,Worth every rupee! Affordable and lightweight. Took it on a 2-week trip and came back without any scratches. VIP quality is reliable.,2025-07-26,False,0
RKR1IFSI159I3H,B3FF5E6DD0,VIP,4,Amazing value,Perfect cabin luggage! Fits all airline requirements. Heritage brand. weight is of great quality. Will suggest to friends.,2025-04-12,True,0
REB97PWDBOLWIM,B3FF5E6DD0,VIP,4,Excellent quality,"Very satisfied! The build quality is good, Good warranty. Packing was easy due to the spacious compartments. The zipper is excellent.",2025-08-06,False,0
RI6GAXLKKVPJRM,B3FF5E6DD0,VIP,4,Best luggage ever,Love this luggage! Lightweight and affordable. Looks premium and feels sturdy. The compartments quality is really good for this price range.,2026-02-10,False,0
R0VVIJVDDWVB85,B3FF5E6DD0,VIP,4,Highly recommended,"Good product, delivered on time. Lightweight. The zipper impressed me the most. Using it regularly now - no complaints so far!",2026-01-01,True,0
RZBGTJ54696QZ6,B3FF5E6DD0,VIP,5,Super happy,Love this luggage! Affordable and heritage brand. Looks premium and feels sturdy. The compartments quality is really good for this price range.,2026-03-05,True,0
RK8C9G3RTSCPSU,B3FF5E6DD0,VIP,4,Worth the money,I bought this for my recent vacation and it was perfect. Lightweight and the wheels is top notch. VIP has done a great job with this one.,2025-09-21,True,0
RSZJ4KJEITKX7J,B3FF5E6DD0,VIP,4,Amazing value,Perfect cabin luggage! Fits all airline requirements. Heritage brand. material is of great quality. Will suggest to friends.,2026-01-30,True,1
RAMVNCZTZOWLC3,B3FF5E6DD0,VIP,4,Excellent quality,Using for office travel and it's perfect. Good warranty. Compact yet spacious. The material deserves special mention.,2025-10-08,True,8
R5WT3HJU31FI0N,B3FF5E6DD0,VIP,4,Perfect for travel,"Five stars! Affordable, lightweight, and excellent handle. What more can you ask for at this price?",2025-08-06,False,0
RR0XAFGOVCCI68,B3FF5E6DD0,VIP,5,Fantastic purchase,Using for office travel and it's perfect. Good warranty. Compact yet spacious. The zipper deserves special mention.,2026-02-16,True,0
RFWA88D0MZHRUP,BED2962697,VIP,4,Perfect for travel,I bought this for my recent vacation and it was perfect. Good warranty and the wheels is top notch. VIP has done a great job with this one.,2026-01-15,True,0
R3DKS4F6APFXI5,BED2962697,VIP,3,Average product,"Decent product overall. Lightweight but wheel breakage. The material is okay, nothing extraordinary. Serves its purpose for the price.",2025-09-24,True,1
RCMM7DBFPMGP6Y,BED2962697,VIP,4,Highly recommended,"Very satisfied! The build quality is good, Heritage brand. Packing was easy due to the spacious compartments. The handle is excellent.",2025-05-24,True,0
R3ZCA7FXLOZ2RC,BED2962697,VIP,3,Not bad,Mixed feelings about this one. Affordable is great but outdated design is disappointing. Would rate it average.,2025-06-17,True,1
RRR9VWE77NTTRT,BED2962697,VIP,4,Highly recommended,I bought this for my recent vacation and it was perfect. Affordable and the zipper is top notch. VIP has done a great job with this one.,2025-12-12,True,0
RIA9AU87CM453K,BED2962697,VIP,4,Excellent quality,Amazing product at this price point. Good warranty. The material feels durable and the weight is very smooth. Recommended for frequent travelers.,2026-01-25,True,0
RNZXC45BNCCU3F,B058CA466A,VIP,4,Best luggage ever,"Five stars! Heritage brand, affordable, and excellent weight. What more can you ask for at this price?",2026-01-05,True,0
R2ZKF5B1SA3Y5T,B058CA466A,VIP,3,Expected more,For the price it's acceptable. Affordable. But outdated design is a concern. Would give it 3 stars honestly.,2025-11-27,True,0
R9EHWHG0U43QLX,B058CA466A,VIP,4,Best luggage ever,Love this luggage! Heritage brand and affordable. Looks premium and feels sturdy. The zipper quality is really good for this price range.,2025-09-26,True,2
RCV4BKTCV1LTWB,B058CA466A,VIP,3,Okay for the price,"It's okay. Lightweight. wheel breakage though. For this price range, I guess it's acceptable. The weight is mediocre.",2025-11-22,False,0
R7AMKOH109ZDO0,B058CA466A,VIP,5,Excellent quality,Excellent luggage! Heritage brand and lightweight. Very happy with my purchase. The build quality is really impressive. Would definitely buy again from VIP.,2026-02-16,True,1
R5BFYCW8IHYFZ9,B058CA466A,VIP,4,Fantastic purchase,Perfect cabin luggage! Fits all airline requirements. Affordable. wheels is of great quality. Will suggest to friends.,2025-07-26,True,1
RM4P61NHVCFWR2,B058CA466A,VIP,3,Not bad,For the price it's acceptable. Good warranty. But outdated design is a concern. Would give it 3 stars honestly.,2026-01-25,True,0
RCZQ991P778RNK,B1BF83D3D2,VIP,3,Okay for the price,Mixed feelings about this one. Lightweight is great but outdated design is disappointing. Would rate it average.,2025-09-11,True,3
RSJ5YWX0I3A4KF,B1BF83D3D2,VIP,4,Best luggage ever,"Good product, delivered on time. Heritage brand. The compartments impressed me the most. Using it regularly now - no complaints so far!",2025-09-16,True,0
RQT3DGD8OPOCMV,B1BF83D3D2,VIP,4,Amazing value,Bought for my parents - they loved it! Heritage brand and easy to maneuver. The build quality makes it very convenient to use.,2025-12-21,True,0
RLBVN7NPRB58YJ,B1BF83D3D2,VIP,4,Love it!,This is my second purchase from VIP and they never disappoint. Good warranty. The zipper is even better than my previous bag.,2025-05-18,True,0
RQPH6GB6P8KH7R,B1BF83D3D2,VIP,4,Very satisfied,Worth every rupee! Heritage brand and lightweight. Took it on a 2-week trip and came back without any scratches. VIP quality is reliable.,2025-07-08,True,0
RH0UFX3030A67R,B1BF83D3D2,VIP,4,Fantastic purchase,Using for office travel and it's perfect. Heritage brand. Compact yet spacious. The weight deserves special mention.,2025-10-28,False,8
RWXUB0GZ1VHHGY,B1BF83D3D2,VIP,3,Could be better,Mixed feelings about this one. Heritage brand is great but zip problems is disappointing. Would rate it average.,2026-04-01,True,0
ROM3P9M7QNTFPK,B1BF83D3D2,VIP,4,Amazing value,"Five stars! Affordable, lightweight, and excellent handle. What more can you ask for at this price?",2025-05-06,True,0
RDA7D0WTWS3Y4H,B1BF83D3D2,VIP,4,Excellent quality,"Five stars! Heritage brand, good warranty, and excellent lock. What more can you ask for at this price?",2025-08-19,True,0
RK5J42OI6OAFN3,B145916CFD,VIP,5,Super happy,Excellent luggage! Lightweight and heritage brand. Very happy with my purchase. The weight is really impressive. Would definitely buy again from VIP.,2025-06-05,True,0
RX32UEW9G6SPD2,B145916CFD,VIP,4,Fantastic purchase,"Very satisfied! The build quality is good, Affordable. Packing was easy due to the spacious compartments. The weight is excellent.",2025-07-24,False,0
RDPWVBZ7CN0EQW,B145916CFD,VIP,3,Okay for the price,"Average quality. Lightweight which is nice, but material quality. Not bad for occasional trips but frequent travelers should consider spending more.",2025-10-07,True,0
R03NJBCFA95D7E,B145916CFD,VIP,4,Love it!,Love this luggage! Good warranty and affordable. Looks premium and feels sturdy. The material quality is really good for this price range.,2026-01-26,True,3
RRAC8CYNL63GAG,B145916CFD,VIP,4,Excellent quality,Premium feel without the premium price tag. Good warranty and lightweight. Really impressed with the compartments.,2025-06-22,True,2
RVASJEVTS1HN6B,B145916CFD,VIP,4,Fantastic purchase,"Good product, delivered on time. Lightweight. The handle impressed me the most. Using it regularly now - no complaints so far!",2026-01-28,True,1
RTK0RSOGGY5KOV,B145916CFD,VIP,4,Very satisfied,"Very satisfied! The build quality is good, Heritage brand. Packing was easy due to the spacious compartments. The build quality is excellent.",2025-06-12,True,1
R03WVPUNWCGBSV,B145916CFD,VIP,4,Fantastic purchase,Worth every rupee! Affordable and good warranty. Took it on a 2-week trip and came back without any scratches. VIP quality is reliable.,2025-11-09,True,3
RPGIHNFLAYZHUL,B145916CFD,VIP,5,Highly recommended,Excellent luggage! Heritage brand and good warranty. Very happy with my purchase. The weight is really impressive. Would definitely buy again from VIP.,2025-12-10,True,0
RKV54C6P1LLH2R,B145916CFD,VIP,4,Super happy,Amazing product at this price point. Good warranty. The material feels durable and the material is very smooth. Recommended for frequent travelers.,2025-11-19,True,0
RX496K4O67BXCD,B145916CFD,VIP,4,Great product!,"Very satisfied! The build quality is good, Heritage brand. Packing was easy due to the spacious compartments. The weight is excellent.",2025-09-08,True,0
RRBK9RX647DI3E,B145916CFD,VIP,4,Highly recommended,Worth every rupee! Heritage brand and affordable. Took it on a 2-week trip and came back without any scratches. VIP quality is reliable.,2025-10-25,True,1
R8CLW3JGEQE515,BEEDDE4936,Aristocrat,5,Great product!,Love this luggage! Most affordable and basic functionality. Looks premium and feels sturdy. The wheels quality is really good for this price range.,2025-09-09,True,0
R9L0IJKCU5X0HC,BEEDDE4936,Aristocrat,4,Amazing value,Perfect cabin luggage! Fits all airline requirements. Simple design. material is of great quality. Will suggest to friends.,2025-07-29,False,0
R31SL7ZX4DE7NQ,BEEDDE4936,Aristocrat,4,Love it!,This is my second purchase from Aristocrat and they never disappoint. Most affordable. The material is even better than my previous bag.,2025-05-26,True,1
RY8UDQDDAQJRTM,BEEDDE4936,Aristocrat,5,Worth the money,Great quality for the price. Lightweight. Used it for my trip and it handled everything well. The material works smoothly. Highly recommend.,2026-02-07,True,0
RJDX0PKOVTRPYX,BEEDDE4936,Aristocrat,4,Amazing value,Amazing product at this price point. Lightweight. The material feels durable and the weight is very smooth. Recommended for frequent travelers.,2026-02-11,True,0
RTJ5ZOOH3YRGHW,BEEDDE4936,Aristocrat,4,Excellent quality,Perfect cabin luggage! Fits all airline requirements. Lightweight. wheels is of great quality. Will suggest to friends.,2025-04-12,True,1
RGYFLQ8XPA95G1,BEEDDE4936,Aristocrat,4,Love it!,"Five stars! Lightweight, simple design, and excellent build quality. What more can you ask for at this price?",2026-04-04,True,8
RBAYKIS11D2MRM,BEEDDE4936,Aristocrat,4,Excellent quality,This is my second purchase from Aristocrat and they never disappoint. Basic functionality. The wheels is even better than my previous bag.,2025-07-03,True,0
R46VEY0A94XFRI,BEEDDE4936,Aristocrat,4,Must buy!,Love this luggage! Lightweight and simple design. Looks premium and feels sturdy. The compartments quality is really good for this price range.,2025-04-17,True,0
R85Y6Q8SJY5OP9,BEEDDE4936,Aristocrat,4,Excellent quality,"Very satisfied! The build quality is good, Simple design. Packing was easy due to the spacious compartments. The handle is excellent.",2025-11-01,True,0
RF8WXKK2ABKVBL,B942B5AE28,Aristocrat,4,Must buy!,This is my second purchase from Aristocrat and they never disappoint. Basic functionality. The wheels is even better than my previous bag.,2025-08-31,True,2
R2S8U8ZF0P7KB7,B942B5AE28,Aristocrat,3,Not bad,Mixed feelings about this one. Basic functionality is great but cheap material feel is disappointing. Would rate it average.,2025-12-02,True,0
RGP52F1JOHKK7Q,B942B5AE28,Aristocrat,3,Not bad,Mixed feelings about this one. Lightweight is great but zipper failure is disappointing. Would rate it average.,2026-01-05,True,3
RYSYMMQ8Q6A1DF,B942B5AE28,Aristocrat,4,Amazing value,Great quality for the price. Basic functionality. Used it for my trip and it handled everything well. The weight works smoothly. Highly recommend.,2025-11-05,True,0
RYQ1S4DJ9DV3UY,B942B5AE28,Aristocrat,3,So-so,"Decent product overall. Simple design but wheel quality. The lock is okay, nothing extraordinary. Serves its purpose for the price.",2026-03-08,False,0
RU8E6XFWZ73WHC,B942B5AE28,Aristocrat,4,Worth the money,"Five stars! Basic functionality, simple design, and excellent wheels. What more can you ask for at this price?",2026-01-20,True,0
R7KRGI4JWPXEFA,B942B5AE28,Aristocrat,4,Great product!,Excellent luggage! Simple design and basic functionality. Very happy with my purchase. The build quality is really impressive. Would definitely buy again from Aristocrat.,2026-01-26,True,0
RKY8RYOZDPPBQU,B942B5AE28,Aristocrat,4,Amazing value,Amazing product at this price point. Basic functionality. The material feels durable and the zipper is very smooth. Recommended for frequent travelers.,2026-04-03,True,0
R5QAFS4H6SSGFX,B942B5AE28,Aristocrat,3,Expected more,"Decent product overall. Lightweight but wheel quality. The build quality is okay, nothing extraordinary. Serves its purpose for the price.",2025-06-24,True,1
R6XNQXU71SEL8M,B942B5AE28,Aristocrat,3,Okay for the price,Mixed feelings about this one. Lightweight is great but handle issues is disappointing. Would rate it average.,2025-05-27,True,0
RR1930I6G61PCW,B942B5AE28,Aristocrat,5,Must buy!,Great quality for the price. Most affordable. Used it for my trip and it handled everything well. The material works smoothly. Highly recommend.,2026-02-09,False,1
R47LZN9UHJPKHF,B942B5AE28,Aristocrat,4,Must buy!,Very practical and well-designed. Lightweight. The interiors are well-organized with multiple pockets. build quality quality is commendable.,2025-07-12,True,0
RMOTCG06XR3URM,B942B5AE28,Aristocrat,3,Average product,"It's okay. Most affordable. wheel quality though. For this price range, I guess it's acceptable. The handle is mediocre.",2025-05-27,True,2
R5UESDRBTA3K3O,B942B5AE28,Aristocrat,4,Best luggage ever,This is my second purchase from Aristocrat and they never disappoint. Simple design. The handle is even better than my previous bag.,2025-10-07,False,3
RBPH5CH3L16CR3,BB53BAB1B9,Aristocrat,3,Average product,"Good for the price but has some issues. Simple design. However, cheap material feel. The wheels could be better. 3/5 would buy again.",2025-06-24,True,1
R075RE0DRIMR25,BB53BAB1B9,Aristocrat,4,Fantastic purchase,"Good product, delivered on time. Most affordable. The wheels impressed me the most. Using it regularly now - no complaints so far!",2025-12-13,False,0
RB1ZPPEP69NGPC,BB53BAB1B9,Aristocrat,4,Amazing value,Bought for my parents - they loved it! Most affordable and easy to maneuver. The weight makes it very convenient to use.,2025-12-11,False,0
RCEGBMXIKVRECJ,BB53BAB1B9,Aristocrat,3,Average product,"Decent product overall. Most affordable but wheel quality. The weight is okay, nothing extraordinary. Serves its purpose for the price.",2025-07-04,True,1
RKXSJZSB6ZWKHE,BB53BAB1B9,Aristocrat,4,Super happy,This is my second purchase from Aristocrat and they never disappoint. Lightweight. The material is even better than my previous bag.,2025-07-16,True,1
R9ZXQERBKN3DKV,BB53BAB1B9,Aristocrat,3,Average product,"Good for the price but has some issues. Lightweight. However, wheel quality. The material could be better. 3/5 would buy again.",2025-07-29,False,0
RXB1761M3J1HA0,BB53BAB1B9,Aristocrat,3,Average product,"Average quality. Simple design which is nice, but zipper failure. Not bad for occasional trips but frequent travelers should consider spending more.",2025-05-25,True,0
R87K9TPZ1J8Q9I,BB53BAB1B9,Aristocrat,4,Best luggage ever,Very practical and well-designed. Most affordable. The interiors are well-organized with multiple pockets. wheels quality is commendable.,2026-04-01,True,0
RNX23VEULJGQPQ,BB53BAB1B9,Aristocrat,3,Not bad,Product looks good but poor durability. Simple design saves it somewhat. Usable but don't expect premium quality at this price.,2025-10-07,True,2
RJVLCG1J5EWFWB,BB53BAB1B9,Aristocrat,5,Excellent quality,Worth every rupee! Most affordable and simple design. Took it on a 2-week trip and came back without any scratches. Aristocrat quality is reliable.,2026-02-09,True,0
R9A44TBIDSECHU,BB53BAB1B9,Aristocrat,3,Not bad,"Decent product overall. Basic functionality but poor durability. The compartments is okay, nothing extraordinary. Serves its purpose for the price.",2025-04-25,True,0
R2MOXQ9WFB76AV,BB53BAB1B9,Aristocrat,4,Fantastic purchase,I bought this for my recent vacation and it was perfect. Most affordable and the lock is top notch. Aristocrat has done a great job with this one.,2025-10-30,True,1
RXF1X889U9W0TE,BB53BAB1B9,Aristocrat,3,Average product,"It's okay. Simple design. zipper failure though. For this price range, I guess it's acceptable. The compartments is mediocre.",2025-07-12,True,0
RQ0EI05NMS6XVQ,BA5DCD1573,Aristocrat,4,Love it!,"Good product, delivered on time. Basic functionality. The material impressed me the most. Using it regularly now - no complaints so far!",2025-09-06,True,2
RXV2MEOSFR5HGQ,BA5DCD1573,Aristocrat,5,Fantastic purchase,Very practical and well-designed. Simple design. The interiors are well-organized with multiple pockets. material quality is commendable.,2026-01-13,False,0
RAGCSTNPEZIKM3,BA5DCD1573,Aristocrat,3,So-so,"Good for the price but has some issues. Basic functionality. However, poor durability. The build quality could be better. 3/5 would buy again.",2025-10-18,True,0
R0P1Z00V3SFAVY,BA5DCD1573,Aristocrat,4,Amazing value,This is my second purchase from Aristocrat and they never disappoint. Simple design. The compartments is even better than my previous bag.,2025-08-19,True,0
RRBSSS7KN18B85,BA5DCD1573,Aristocrat,4,Perfect for travel,Very practical and well-designed. Most affordable. The interiors are well-organized with multiple pockets. lock quality is commendable.,2025-12-22,True,0
RJP5K7917XFH41,BA5DCD1573,Aristocrat,4,Perfect for travel,Love this luggage! Basic functionality and most affordable. Looks premium and feels sturdy. The compartments quality is really good for this price range.,2026-03-25,True,0
RH7U0S3KDZ4PPJ,BA5DCD1573,Aristocrat,3,Mediocre quality,"Decent product overall. Simple design but poor durability. The material is okay, nothing extraordinary. Serves its purpose for the price.",2026-01-28,True,1
RLSJWS1ZL7P72L,BA5DCD1573,Aristocrat,4,Excellent quality,"Five stars! Basic functionality, simple design, and excellent handle. What more can you ask for at this price?",2025-06-27,True,3
R0KH5840ACUHGP,BBEC5594B1,Aristocrat,4,Worth the money,This is my second purchase from Aristocrat and they never disappoint. Basic functionality. The lock is even better than my previous bag.,2025-11-25,True,0
RYRWVTKH861PQI,BBEC5594B1,Aristocrat,4,Perfect for travel,Premium feel without the premium price tag. Lightweight and most affordable. Really impressed with the zipper.,2025-09-03,False,0
ROE545VYBJH4OU,BBEC5594B1,Aristocrat,4,Very satisfied,Bought for my parents - they loved it! Most affordable and easy to maneuver. The compartments makes it very convenient to use.,2025-10-25,True,0
R0M3LOUFHW8WLV,BBEC5594B1,Aristocrat,3,Expected more,Mixed feelings about this one. Most affordable is great but cheap material feel is disappointing. Would rate it average.,2026-03-29,True,0
RCBHT94OZKFNOT,BBEC5594B1,Aristocrat,4,Super happy,Great quality for the price. Lightweight. Used it for my trip and it handled everything well. The weight works smoothly. Highly recommend.,2025-12-02,True,0
RFKI1IJE2XE0JD,BBEC5594B1,Aristocrat,5,Great product!,Amazing product at this price point. Simple design. The material feels durable and the handle is very smooth. Recommended for frequent travelers.,2026-03-02,True,1
RVF02GVLLSAJHJ,BBEC5594B1,Aristocrat,4,Super happy,Excellent luggage! Most affordable and simple design. Very happy with my purchase. The weight is really impressive. Would definitely buy again from Aristocrat.,2025-05-08,True,0
RSN9081ZQUA1QR,BBEC5594B1,Aristocrat,3,Fair product,Mixed feelings about this one. Simple design is great but cheap material feel is disappointing. Would rate it average.,2026-02-12,True,0
R4S41CRO04BYV5,B91640B2DE,Aristocrat,4,Fantastic purchase,Great quality for the price. Basic functionality. Used it for my trip and it handled everything well. The material works smoothly. Highly recommend.,2025-11-22,True,1
RZS49CDZN1F0FP,B91640B2DE,Aristocrat,4,Amazing value,Bought for my parents - they loved it! Basic functionality and easy to maneuver. The compartments makes it very convenient to use.,2026-02-09,False,0
ROKPK7YSWNXFSH,B91640B2DE,Aristocrat,3,So-so,For the price it's acceptable. Basic functionality. But zipper failure is a concern. Would give it 3 stars honestly.,2025-05-29,True,0
RZRLGQ9AZHDQDW,B91640B2DE,Aristocrat,3,Fair product,Product looks good but wheel quality. Basic functionality saves it somewhat. Usable but don't expect premium quality at this price.,2025-06-08,True,0
RK6P0N17UXHVDH,B91640B2DE,Aristocrat,3,Not bad,Product looks good but wheel quality. Most affordable saves it somewhat. Usable but don't expect premium quality at this price.,2026-01-07,True,0
RYRG29D2FF5L6B,B91640B2DE,Aristocrat,4,Fantastic purchase,"Good product, delivered on time. Lightweight. The weight impressed me the most. Using it regularly now - no complaints so far!",2025-07-21,True,0
RIO1ZM4LCVHFWJ,B91640B2DE,Aristocrat,3,Okay for the price,Product looks good but zipper failure. Lightweight saves it somewhat. Usable but don't expect premium quality at this price.,2026-01-25,True,0
R541MPW57GN79H,B91640B2DE,Aristocrat,3,Average product,"Not bad, not great. Lightweight. But I noticed wheel quality after a few uses. The handle started fine but degraded.",2025-10-06,True,0
RSAJXXO9ZJCUBZ,B91640B2DE,Aristocrat,4,Perfect for travel,"Good product, delivered on time. Most affordable. The lock impressed me the most. Using it regularly now - no complaints so far!",2025-08-10,True,0
RZG4C4EPZL4J4X,B91640B2DE,Aristocrat,3,Could be better,"Decent product overall. Lightweight but poor durability. The handle is okay, nothing extraordinary. Serves its purpose for the price.",2026-03-31,True,0
R7S7O4YC3S0DPJ,B91640B2DE,Aristocrat,4,Very satisfied,Premium feel without the premium price tag. Basic functionality and simple design. Really impressed with the compartments.,2025-12-28,True,0
REQ4D7D7GDLWAG,B91640B2DE,Aristocrat,3,Mediocre quality,Mixed feelings about this one. Lightweight is great but zipper failure is disappointing. Would rate it average.,2026-04-03,True,0
RKUO4JH9JPDMN1,B783A0E9E3,Aristocrat,3,Could be better,"Decent product overall. Simple design but cheap material feel. The lock is okay, nothing extraordinary. Serves its purpose for the price.",2025-07-15,True,0
RM32HZS32D1JQB,B783A0E9E3,Aristocrat,4,Best luggage ever,I bought this for my recent vacation and it was perfect. Basic functionality and the weight is top notch. Aristocrat has done a great job with this one.,2026-02-08,True,0
RNNVBZW5APMXD6,B783A0E9E3,Aristocrat,4,Highly recommended,I bought this for my recent vacation and it was perfect. Simple design and the build quality is top notch. Aristocrat has done a great job with this one.,2025-11-03,True,0
RRI0VROB7I77DP,B783A0E9E3,Aristocrat,4,Best luggage ever,Perfect cabin luggage! Fits all airline requirements. Simple design. build quality is of great quality. Will suggest to friends.,2025-11-22,True,0
RH91EL88L12QFA,B783A0E9E3,Aristocrat,3,Fair product,"Average quality. Basic functionality which is nice, but cheap material feel. Not bad for occasional trips but frequent travelers should consider spending more.",2026-01-23,True,0
RFT1AFDTOHRNQI,B783A0E9E3,Aristocrat,4,Love it!,Worth every rupee! Most affordable and simple design. Took it on a 2-week trip and came back without any scratches. Aristocrat quality is reliable.,2026-02-18,True,0
R0POCR0VHV1NM3,B783A0E9E3,Aristocrat,4,Must buy!,Worth every rupee! Lightweight and basic functionality. Took it on a 2-week trip and came back without any scratches. Aristocrat quality is reliable.,2025-05-31,True,0
RPMXPKN3B8PFY4,B783A0E9E3,Aristocrat,4,Perfect for travel,"Very satisfied! The build quality is good, Most affordable. Packing was easy due to the spacious compartments. The build quality is excellent.",2025-08-13,True,0
RXYPBP0E36S2Z4,B46A7BE6E5,Aristocrat,4,Amazing value,Bought for my parents - they loved it! Simple design and easy to maneuver. The weight makes it very convenient to use.,2025-10-04,False,0
RH30QBKERN6YJM,B46A7BE6E5,Aristocrat,3,Not bad,"Average quality. Most affordable which is nice, but cheap material feel. Not bad for occasional trips but frequent travelers should consider spending more.",2025-11-08,True,0
RALWVMB0IDD0WP,B46A7BE6E5,Aristocrat,4,Best luggage ever,I bought this for my recent vacation and it was perfect. Lightweight and the lock is top notch. Aristocrat has done a great job with this one.,2025-11-19,True,0
RBV03DS0MWKOG0,B46A7BE6E5,Aristocrat,3,Mediocre quality,"Decent product overall. Most affordable but cheap material feel. The build quality is okay, nothing extraordinary. Serves its purpose for the price.",2025-05-09,True,0
R9WT2YBUH7JYGS,B46A7BE6E5,Aristocrat,3,Not bad,"Good for the price but has some issues. Basic functionality. However, zipper failure. The weight could be better. 3/5 would buy again.",2026-03-16,True,3
RJQ2WDIZHW0VQP,B46A7BE6E5,Aristocrat,3,Could be better,"It's okay. Most affordable. handle issues though. For this price range, I guess it's acceptable. The weight is mediocre.",2025-06-08,True,0
R3F4RTGOOXUCR9,B46A7BE6E5,Aristocrat,3,Mediocre quality,Product looks good but cheap material feel. Lightweight saves it somewhat. Usable but don't expect premium quality at this price.,2026-02-25,True,12
RWGMP9A9URI7EV,B46A7BE6E5,Aristocrat,3,Could be better,For the price it's acceptable. Simple design. But poor durability is a concern. Would give it 3 stars honestly.,2026-02-04,False,0
R199TMH6K1WXYW,B46A7BE6E5,Aristocrat,4,Worth the money,Perfect cabin luggage! Fits all airline requirements. Lightweight. handle is of great quality. Will suggest to friends.,2025-05-18,True,0
R7GKTMQG6NX9OW,B46A7BE6E5,Aristocrat,3,Could be better,For the price it's acceptable. Lightweight. But handle issues is a concern. Would give it 3 stars honestly.,2025-05-27,True,0
R8AV2OSG6Q0IQZ,B2FF044EE5,Aristocrat,4,Excellent quality,I bought this for my recent vacation and it was perfect. Simple design and the material is top notch. Aristocrat has done a great job with this one.,2025-12-27,True,0
RPIGQX2456IZC0,B2FF044EE5,Aristocrat,4,Fantastic purchase,This is my second purchase from Aristocrat and they never disappoint. Basic functionality. The build quality is even better than my previous bag.,2025-04-24,True,2
R85TZV9ZP3C330,B2FF044EE5,Aristocrat,4,Best luggage ever,Using for office travel and it's perfect. Simple design. Compact yet spacious. The build quality deserves special mention.,2026-03-19,True,1
R1U2ZNXFIRJLYQ,B2FF044EE5,Aristocrat,3,Not bad,"Good for the price but has some issues. Most affordable. However, wheel quality. The weight could be better. 3/5 would buy again.",2025-04-10,True,0
RLQJJBFSA5UZLZ,B2FF044EE5,Aristocrat,4,Amazing value,"Good product, delivered on time. Lightweight. The lock impressed me the most. Using it regularly now - no complaints so far!",2025-06-22,True,0
RFANS5SR69XVSS,B983261431,Aristocrat,3,Not bad,"It's okay. Most affordable. wheel quality though. For this price range, I guess it's acceptable. The lock is mediocre.",2025-09-27,True,0
RA8MLIK22XMQ66,B983261431,Aristocrat,3,So-so,For the price it's acceptable. Basic functionality. But handle issues is a concern. Would give it 3 stars honestly.,2025-07-14,True,1
R84TC2QSI2G74I,B983261431,Aristocrat,4,Super happy,"Good product, delivered on time. Most affordable. The handle impressed me the most. Using it regularly now - no complaints so far!",2025-08-18,True,8
RG3C6SCIVUQT2L,B983261431,Aristocrat,4,Very satisfied,Amazing product at this price point. Lightweight. The material feels durable and the lock is very smooth. Recommended for frequent travelers.,2025-05-19,False,0
RU5E51H3WQA1VR,B983261431,Aristocrat,3,Average product,"It's okay. Simple design. cheap material feel though. For this price range, I guess it's acceptable. The handle is mediocre.",2026-01-08,True,0
RIJULP98RL9QFC,B983261431,Aristocrat,4,Super happy,Bought for my parents - they loved it! Lightweight and easy to maneuver. The lock makes it very convenient to use.,2025-08-30,True,0
RLK1QY7HYLGOGF,B983261431,Aristocrat,4,Love it!,"Very satisfied! The build quality is good, Most affordable. Packing was easy due to the spacious compartments. The zipper is excellent.",2025-05-04,True,5
RL03LLU1A7BOXF,B4A671E0A4,Aristocrat,4,Worth the money,This is my second purchase from Aristocrat and they never disappoint. Lightweight. The lock is even better than my previous bag.,2025-08-18,True,0
RPNU02WPJCF07V,B4A671E0A4,Aristocrat,4,Highly recommended,Love this luggage! Lightweight and most affordable. Looks premium and feels sturdy. The lock quality is really good for this price range.,2026-03-16,True,0
RNDXJN7DE0L1OF,B4A671E0A4,Aristocrat,4,Fantastic purchase,"Very satisfied! The build quality is good, Lightweight. Packing was easy due to the spacious compartments. The build quality is excellent.",2026-01-21,True,0
R1C2ZL46Q5GQQL,B4A671E0A4,Aristocrat,3,Could be better,Mixed feelings about this one. Lightweight is great but poor durability is disappointing. Would rate it average.,2025-04-27,True,0
RP323C9NU985LT,B4A671E0A4,Aristocrat,4,Best luggage ever,I bought this for my recent vacation and it was perfect. Most affordable and the wheels is top notch. Aristocrat has done a great job with this one.,2025-11-15,True,0
RUQXGCY3Q69FLG,B4A671E0A4,Aristocrat,4,Excellent quality,Amazing product at this price point. Basic functionality. The material feels durable and the handle is very smooth. Recommended for frequent travelers.,2025-06-18,True,0
RA3AIPJIYLQX1U,B4A671E0A4,Aristocrat,3,Not bad,"Decent product overall. Simple design but zipper failure. The weight is okay, nothing extraordinary. Serves its purpose for the price.",2025-10-09,True,1
RAV42T8LLIHKPJ,B4A671E0A4,Aristocrat,4,Excellent quality,"Very satisfied! The build quality is good, Lightweight. Packing was easy due to the spacious compartments. The zipper is excellent.",2025-12-18,True,0
R54HBPH1VE8SUS,B4A671E0A4,Aristocrat,4,Amazing value,Great quality for the price. Simple design. Used it for my trip and it handled everything well. The build quality works smoothly. Highly recommend.,2026-01-15,True,0
RANP8DMLC8XIZX,BD5CF69178,Nasher Miles,4,Amazing value,This is my second purchase from Nasher Miles and they never disappoint. Excellent material. The compartments is even better than my previous bag.,2025-09-21,True,0
R4GASFQBVH0KW3,BD5CF69178,Nasher Miles,5,Worth the money,"Five stars! Excellent material, premium look, and excellent lock. What more can you ask for at this price?",2025-09-06,True,5
RRLW6JL2L5B56B,BD5CF69178,Nasher Miles,5,Great product!,"Good product, delivered on time. Premium look. The zipper impressed me the most. Using it regularly now - no complaints so far!",2025-09-27,True,1
R6D9ER94TEVWLQ,BD5CF69178,Nasher Miles,4,Highly recommended,I bought this for my recent vacation and it was perfect. Premium look and the zipper is top notch. Nasher Miles has done a great job with this one.,2025-11-28,False,0
RHE7ICDO5DIGXL,BD5CF69178,Nasher Miles,4,Worth the money,This is my second purchase from Nasher Miles and they never disappoint. Trendy colors. The handle is even better than my previous bag.,2025-08-15,True,0
RNF0402W29AW4I,BD5CF69178,Nasher Miles,5,Best luggage ever,Very practical and well-designed. Smooth 360 wheels. The interiors are well-organized with multiple pockets. lock quality is commendable.,2025-09-17,True,0
RJP0XSM9GM51QD,BD5CF69178,Nasher Miles,4,Fantastic purchase,This is my second purchase from Nasher Miles and they never disappoint. Smooth 360 wheels. The weight is even better than my previous bag.,2025-10-15,True,0
RIQETK5LP9C5SO,BD5CF69178,Nasher Miles,4,Excellent quality,Worth every rupee! Premium look and excellent material. Took it on a 2-week trip and came back without any scratches. Nasher Miles quality is reliable.,2025-07-21,True,2
R4S2NI8TNDFWW4,BD5CF69178,Nasher Miles,4,Fantastic purchase,Amazing product at this price point. Tsa lock. The material feels durable and the compartments is very smooth. Recommended for frequent travelers.,2026-01-21,True,5
R88K686QE7AJUL,BD5CF69178,Nasher Miles,4,Great product!,Using for office travel and it's perfect. Smooth 360 wheels. Compact yet spacious. The weight deserves special mention.,2025-05-30,True,0
R2XOG4C8J6E07F,BD5CF69178,Nasher Miles,4,Best luggage ever,Using for office travel and it's perfect. Smooth 360 wheels. Compact yet spacious. The build quality deserves special mention.,2025-08-24,False,0
RTVF51Z58B4JWP,BDFFD1D48B,Nasher Miles,4,Excellent quality,"Very satisfied! The build quality is good, Trendy colors. Packing was easy due to the spacious compartments. The build quality is excellent.",2026-01-12,True,0
RVVN5X48PW5K0J,BDFFD1D48B,Nasher Miles,4,Very satisfied,Amazing product at this price point. Premium look. The material feels durable and the material is very smooth. Recommended for frequent travelers.,2025-12-01,True,0
RZRVHPJ93RVUV5,BDFFD1D48B,Nasher Miles,4,Excellent quality,"Good product, delivered on time. Premium look. The lock impressed me the most. Using it regularly now - no complaints so far!",2025-05-02,True,0
RMY6PO0M24US73,BDFFD1D48B,Nasher Miles,4,Love it!,Perfect cabin luggage! Fits all airline requirements. Premium look. handle is of great quality. Will suggest to friends.,2025-05-22,True,0
RWLKOBQ6MYM8J2,BDFFD1D48B,Nasher Miles,4,Great product!,"Very satisfied! The build quality is good, Tsa lock. Packing was easy due to the spacious compartments. The wheels is excellent.",2025-10-24,True,25
ROM344MW04I3DZ,BDFFD1D48B,Nasher Miles,4,Very satisfied,Amazing product at this price point. Tsa lock. The material feels durable and the material is very smooth. Recommended for frequent travelers.,2025-05-16,True,0
R4RMPNFGAGLSXK,BDFFD1D48B,Nasher Miles,5,Perfect for travel,Very practical and well-designed. Trendy colors. The interiors are well-organized with multiple pockets. zipper quality is commendable.,2025-06-26,True,0
RFMMEN4052W8LI,BDFFD1D48B,Nasher Miles,4,Perfect for travel,"Five stars! Tsa lock, trendy colors, and excellent handle. What more can you ask for at this price?",2026-03-19,True,0
R9IIXHAIAW4OTU,BDFFD1D48B,Nasher Miles,4,Very satisfied,Excellent luggage! Trendy colors and smooth 360 wheels. Very happy with my purchase. The lock is really impressive. Would definitely buy again from Nasher Miles.,2025-09-09,True,0
RPN7ITCYL3Z2UD,BDFFD1D48B,Nasher Miles,4,Perfect for travel,"Five stars! Excellent material, trendy colors, and excellent weight. What more can you ask for at this price?",2025-07-23,True,0
RMZ93IJ4QPVC9A,BDFFD1D48B,Nasher Miles,4,Very satisfied,Very practical and well-designed. Tsa lock. The interiors are well-organized with multiple pockets. handle quality is commendable.,2025-08-22,True,0
RJJ6AVP1EOXLZK,BDFFD1D48B,Nasher Miles,4,Very satisfied,Great quality for the price. Excellent material. Used it for my trip and it handled everything well. The zipper works smoothly. Highly recommend.,2025-12-10,True,3
R58B1V1CCOFH91,BDFFD1D48B,Nasher Miles,5,Highly recommended,I bought this for my recent vacation and it was perfect. Tsa lock and the weight is top notch. Nasher Miles has done a great job with this one.,2026-01-07,True,0
RGLGPJDJHMXCQD,B65D869BAB,Nasher Miles,4,Highly recommended,Worth every rupee! Trendy colors and smooth 360 wheels. Took it on a 2-week trip and came back without any scratches. Nasher Miles quality is reliable.,2025-11-28,False,0
R8TANA6U48GWGH,B65D869BAB,Nasher Miles,3,Average product,Product looks good but heavy weight. Premium look saves it somewhat. Usable but don't expect premium quality at this price.,2025-10-14,False,0
RF3BBT873LKMGS,B65D869BAB,Nasher Miles,4,Super happy,Premium feel without the premium price tag. Trendy colors and smooth 360 wheels. Really impressed with the zipper.,2026-02-16,True,0
R7YCIF8R2BC9R4,B65D869BAB,Nasher Miles,4,Amazing value,This is my second purchase from Nasher Miles and they never disappoint. Tsa lock. The compartments is even better than my previous bag.,2025-05-06,True,2
RZS1XKE1KWONRR,B65D869BAB,Nasher Miles,4,Fantastic purchase,Premium feel without the premium price tag. Tsa lock and TSA lock. Really impressed with the compartments.,2025-10-26,True,0
R3GD60UGLBB8NM,B65D869BAB,Nasher Miles,4,Super happy,This is my second purchase from Nasher Miles and they never disappoint. Excellent material. The lock is even better than my previous bag.,2025-07-07,False,2
RD86ZCHHXA7HY7,B65D869BAB,Nasher Miles,4,Love it!,Amazing product at this price point. Excellent material. The material feels durable and the zipper is very smooth. Recommended for frequent travelers.,2026-04-06,True,0
R7OFVWJ7YZ6L7X,B65D869BAB,Nasher Miles,3,Mediocre quality,"Average quality. Trendy colors which is nice, but heavy weight. Not bad for occasional trips but frequent travelers should consider spending more.",2025-11-20,True,0
RAYB1EYCEF2CTG,B65D869BAB,Nasher Miles,4,Fantastic purchase,Using for office travel and it's perfect. Trendy colors. Compact yet spacious. The material deserves special mention.,2025-11-28,True,1
R4J1O5HD4HSBRE,B65D869BAB,Nasher Miles,4,Perfect for travel,Love this luggage! Tsa lock and excellent material. Looks premium and feels sturdy. The weight quality is really good for this price range.,2026-03-20,True,0
R0P1XS910BAF4J,B65D869BAB,Nasher Miles,4,Amazing value,Worth every rupee! Tsa lock and excellent material. Took it on a 2-week trip and came back without any scratches. Nasher Miles quality is reliable.,2026-01-09,True,0
RXP5CITUF8CYOT,B3F64DDF09,Nasher Miles,3,Mediocre quality,"It's okay. Smooth 360 wheels. heavy weight though. For this price range, I guess it's acceptable. The handle is mediocre.",2025-05-27,True,1
RACNU41BTA3RUN,B3F64DDF09,Nasher Miles,4,Best luggage ever,Bought for my parents - they loved it! Smooth 360 wheels and easy to maneuver. The handle makes it very convenient to use.,2025-04-22,True,0
R9WR6Q5IK08NJF,B3F64DDF09,Nasher Miles,4,Highly recommended,Bought for my parents - they loved it! Trendy colors and easy to maneuver. The material makes it very convenient to use.,2026-03-29,True,0
R7PP0PNNLO0HHG,B3F64DDF09,Nasher Miles,4,Love it!,Worth every rupee! Smooth 360 wheels and trendy colors. Took it on a 2-week trip and came back without any scratches. Nasher Miles quality is reliable.,2025-12-30,True,1
RXHFDXK31WBHTF,B3F64DDF09,Nasher Miles,4,Highly recommended,Premium feel without the premium price tag. Trendy colors and TSA lock. Really impressed with the compartments.,2025-09-24,True,0
R9Y1XU2FLI01RV,B3F64DDF09,Nasher Miles,4,Perfect for travel,Worth every rupee! Tsa lock and smooth 360 wheels. Took it on a 2-week trip and came back without any scratches. Nasher Miles quality is reliable.,2025-05-30,True,0
RA75LD7M08LCWL,B3F64DDF09,Nasher Miles,4,Excellent quality,Bought for my parents - they loved it! Premium look and easy to maneuver. The wheels makes it very convenient to use.,2025-08-23,True,1
RE6OUWZK4IE86D,B3F64DDF09,Nasher Miles,4,Best luggage ever,Premium feel without the premium price tag. Smooth 360 wheels and excellent material. Really impressed with the zipper.,2026-03-19,False,0
RY37VG688U595C,B3F64DDF09,Nasher Miles,4,Fantastic purchase,This is my second purchase from Nasher Miles and they never disappoint. Smooth 360 wheels. The weight is even better than my previous bag.,2026-01-29,True,0
RWV9NJS96ALGXZ,B33DCEF80F,Nasher Miles,5,Great product!,"Good product, delivered on time. Tsa lock. The handle impressed me the most. Using it regularly now - no complaints so far!",2025-11-25,True,0
RTE9W0AN6NBYZM,B33DCEF80F,Nasher Miles,4,Highly recommended,Love this luggage! Trendy colors and premium look. Looks premium and feels sturdy. The wheels quality is really good for this price range.,2025-07-20,True,1
RKCQY2656AE1IG,B33DCEF80F,Nasher Miles,4,Amazing value,"Five stars! Excellent material, smooth 360 wheels, and excellent compartments. What more can you ask for at this price?",2026-03-06,True,2
RA35WFW5Q52DEZ,B33DCEF80F,Nasher Miles,4,Very satisfied,Using for office travel and it's perfect. Premium look. Compact yet spacious. The handle deserves special mention.,2025-12-27,True,5
RBCLTRH9VGKY5C,B33DCEF80F,Nasher Miles,4,Love it!,Excellent luggage! Trendy colors and smooth 360 wheels. Very happy with my purchase. The handle is really impressive. Would definitely buy again from Nasher Miles.,2026-01-04,True,0
RE1G41IO4KOXHJ,B33DCEF80F,Nasher Miles,5,Very satisfied,Love this luggage! Smooth 360 wheels and excellent material. Looks premium and feels sturdy. The material quality is really good for this price range.,2025-10-14,True,0
RCM0W3C1ZA0DV6,B33DCEF80F,Nasher Miles,4,Great product!,Love this luggage! Smooth 360 wheels and premium look. Looks premium and feels sturdy. The lock quality is really good for this price range.,2025-10-05,True,0
RM3NKRT0IGYO5L,B33DCEF80F,Nasher Miles,4,Amazing value,Perfect cabin luggage! Fits all airline requirements. Excellent material. handle is of great quality. Will suggest to friends.,2025-09-14,True,3
RN5FNP36F8HARJ,B33DCEF80F,Nasher Miles,4,Highly recommended,Worth every rupee! Premium look and excellent material. Took it on a 2-week trip and came back without any scratches. Nasher Miles quality is reliable.,2025-12-28,False,0
RGVRP4RXMD8ZVF,B33DCEF80F,Nasher Miles,4,Love it!,Using for office travel and it's perfect. Tsa lock. Compact yet spacious. The lock deserves special mention.,2025-07-17,True,2
RLWWVTMNYEURAN,B33DCEF80F,Nasher Miles,4,Must buy!,Bought for my parents - they loved it! Smooth 360 wheels and easy to maneuver. The lock makes it very convenient to use.,2025-12-03,True,0
RTULGELW8IVI3R,B33DCEF80F,Nasher Miles,4,Perfect for travel,Premium feel without the premium price tag. Excellent material and TSA lock. Really impressed with the material.,2025-08-11,True,0
RRV68JQ12JF4CI,B33DCEF80F,Nasher Miles,5,Super happy,Perfect cabin luggage! Fits all airline requirements. Excellent material. zipper is of great quality. Will suggest to friends.,2025-05-19,False,0
RRL5H3G7VKC5SS,B33DCEF80F,Nasher Miles,4,Highly recommended,Amazing product at this price point. Smooth 360 wheels. The material feels durable and the build quality is very smooth. Recommended for frequent travelers.,2025-12-02,True,0
RBXPN19QNFPL7Q,B33DCEF80F,Nasher Miles,4,Great product!,"Very satisfied! The build quality is good, Smooth 360 wheels. Packing was easy due to the spacious compartments. The lock is excellent.",2025-12-28,True,0
RLZTWXOL4BKUU5,B113DB3A12,Nasher Miles,4,Worth the money,Amazing product at this price point. Trendy colors. The material feels durable and the compartments is very smooth. Recommended for frequent travelers.,2026-03-11,True,1
RI19MO1RTSXOF3,B113DB3A12,Nasher Miles,4,Very satisfied,I bought this for my recent vacation and it was perfect. Premium look and the zipper is top notch. Nasher Miles has done a great job with this one.,2025-12-23,True,0
RYAXZRB188ELNW,B113DB3A12,Nasher Miles,4,Must buy!,"Very satisfied! The build quality is good, Smooth 360 wheels. Packing was easy due to the spacious compartments. The lock is excellent.",2025-09-18,False,1
RVHUAZUN6FHT60,B113DB3A12,Nasher Miles,4,Love it!,Amazing product at this price point. Premium look. The material feels durable and the weight is very smooth. Recommended for frequent travelers.,2025-11-15,True,0
RH6OXQQ8Y1HEND,B113DB3A12,Nasher Miles,4,Highly recommended,I bought this for my recent vacation and it was perfect. Smooth 360 wheels and the weight is top notch. Nasher Miles has done a great job with this one.,2025-12-24,True,0
RQXI64HAA34H8N,B113DB3A12,Nasher Miles,4,Highly recommended,Premium feel without the premium price tag. Tsa lock and excellent material. Really impressed with the material.,2025-10-23,True,0
R487KNUFBHGP5C,B17C9B6D0C,Nasher Miles,3,Average product,"Good for the price but has some issues. Premium look. However, expensive. The handle could be better. 3/5 would buy again.",2025-09-07,True,0
R70YB7RADI5UUJ,B17C9B6D0C,Nasher Miles,4,Excellent quality,Love this luggage! Trendy colors and smooth 360 wheels. Looks premium and feels sturdy. The zipper quality is really good for this price range.,2025-04-14,True,0
RNBPQGA6X85ZZH,B17C9B6D0C,Nasher Miles,4,Must buy!,"Very satisfied! The build quality is good, Premium look. Packing was easy due to the spacious compartments. The zipper is excellent.",2025-11-23,False,0
R4P8RI4BNVQRFX,B17C9B6D0C,Nasher Miles,4,Fantastic purchase,Very practical and well-designed. Premium look. The interiors are well-organized with multiple pockets. build quality quality is commendable.,2025-09-30,True,0
RUN91FY6YO8DJE,B17C9B6D0C,Nasher Miles,4,Worth the money,"Five stars! Excellent material, TSA lock, and excellent compartments. What more can you ask for at this price?",2025-10-07,True,0
RMW04U923O359T,B17C9B6D0C,Nasher Miles,4,Fantastic purchase,"Good product, delivered on time. Tsa lock. The wheels impressed me the most. Using it regularly now - no complaints so far!",2025-07-16,False,0
RE02TOXOU0Y9IX,B17C9B6D0C,Nasher Miles,4,Amazing value,"Five stars! Smooth 360 wheels, trendy colors, and excellent zipper. What more can you ask for at this price?",2026-01-19,True,3
R8IO3TD3ABEG1C,B17C9B6D0C,Nasher Miles,4,Very satisfied,This is my second purchase from Nasher Miles and they never disappoint. Smooth 360 wheels. The handle is even better than my previous bag.,2025-11-30,True,0
RVMNKW7WVY9RMJ,B17C9B6D0C,Nasher Miles,4,Very satisfied,Bought for my parents - they loved it! Trendy colors and easy to maneuver. The compartments makes it very convenient to use.,2025-08-09,True,0
RBR6RTC0Z7Q0I9,B17C9B6D0C,Nasher Miles,4,Best luggage ever,Bought for my parents - they loved it! Trendy colors and easy to maneuver. The compartments makes it very convenient to use.,2026-03-22,True,0
RAE527PSQZN7XB,B17C9B6D0C,Nasher Miles,4,Excellent quality,"Very satisfied! The build quality is good, Tsa lock. Packing was easy due to the spacious compartments. The build quality is excellent.",2025-06-13,False,0
RDF4HRA1361BGM,B17C9B6D0C,Nasher Miles,4,Best luggage ever,Excellent luggage! Excellent material and trendy colors. Very happy with my purchase. The zipper is really impressive. Would definitely buy again from Nasher Miles.,2025-04-24,True,0
RF08UPNZASYWDR,B17C9B6D0C,Nasher Miles,4,Worth the money,Very practical and well-designed. Premium look. The interiors are well-organized with multiple pockets. build quality quality is commendable.,2025-11-17,True,1
REFUXQ9NJC2GOU,B17C9B6D0C,Nasher Miles,4,Worth the money,This is my second purchase from Nasher Miles and they never disappoint. Trendy colors. The compartments is even better than my previous bag.,2025-12-11,True,0
R2EXVA5E742GRR,B17C9B6D0C,Nasher Miles,4,Super happy,Excellent luggage! Excellent material and premium look. Very happy with my purchase. The weight is really impressive. Would definitely buy again from Nasher Miles.,2026-02-17,True,0
RFWOW73O1BLOG0,B317B03B9C,Nasher Miles,4,Fantastic purchase,This is my second purchase from Nasher Miles and they never disappoint. Tsa lock. The handle is even better than my previous bag.,2025-09-29,True,0
R8SO5WISRCVPUZ,B317B03B9C,Nasher Miles,4,Fantastic purchase,"Five stars! Smooth 360 wheels, TSA lock, and excellent material. What more can you ask for at this price?",2026-01-24,True,0
R74QR14VUYV2EM,B317B03B9C,Nasher Miles,4,Highly recommended,Love this luggage! Tsa lock and TSA lock. Looks premium and feels sturdy. The compartments quality is really good for this price range.,2025-04-19,True,0
RVI7LIG9GMYKVY,B317B03B9C,Nasher Miles,4,Perfect for travel,Love this luggage! Excellent material and trendy colors. Looks premium and feels sturdy. The handle quality is really good for this price range.,2026-01-02,True,3
R2UG05WH23GXRI,B317B03B9C,Nasher Miles,4,Love it!,"Very satisfied! The build quality is good, Excellent material. Packing was easy due to the spacious compartments. The lock is excellent.",2025-08-04,True,5
RVJ839AG77Q9VJ,B317B03B9C,Nasher Miles,4,Perfect for travel,Amazing product at this price point. Excellent material. The material feels durable and the build quality is very smooth. Recommended for frequent travelers.,2025-06-22,True,0
RNEGN2B4JTJ27Y,B317B03B9C,Nasher Miles,4,Best luggage ever,Perfect cabin luggage! Fits all airline requirements. Premium look. build quality is of great quality. Will suggest to friends.,2025-12-25,False,0
RZKIHV17MIAV1G,B317B03B9C,Nasher Miles,4,Fantastic purchase,Excellent luggage! Premium look and trendy colors. Very happy with my purchase. The wheels is really impressive. Would definitely buy again from Nasher Miles.,2025-09-24,True,0
RIOIV67KAYP44Q,B317B03B9C,Nasher Miles,4,Excellent quality,Very practical and well-designed. Trendy colors. The interiors are well-organized with multiple pockets. lock quality is commendable.,2025-12-11,False,0
R1A1HYP5MASNPH,B317B03B9C,Nasher Miles,4,Fantastic purchase,This is my second purchase from Nasher Miles and they never disappoint. Smooth 360 wheels. The build quality is even better than my previous bag.,2026-01-25,True,0
ROIKIVQA7IZQ2N,B317B03B9C,Nasher Miles,4,Highly recommended,"Very satisfied! The build quality is good, Smooth 360 wheels. Packing was easy due to the spacious compartments. The weight is excellent.",2025-10-14,True,0
RPMJ6JFHVSTHBN,B317B03B9C,Nasher Miles,4,Excellent quality,"Five stars! Trendy colors, TSA lock, and excellent weight. What more can you ask for at this price?",2026-03-15,True,0
RFFP5GOFC5WU25,B317B03B9C,Nasher Miles,4,Amazing value,Love this luggage! Premium look and trendy colors. Looks premium and feels sturdy. The wheels quality is really good for this price range.,2026-01-08,True,0
R3HZCD3GEQ10F7,B317B03B9C,Nasher Miles,4,Great product!,Premium feel without the premium price tag. Smooth 360 wheels and excellent material. Really impressed with the weight.,2025-12-04,True,0
REBFE54UKIGDIX,B317B03B9C,Nasher Miles,4,Best luggage ever,Amazing product at this price point. Tsa lock. The material feels durable and the wheels is very smooth. Recommended for frequent travelers.,2026-03-18,False,0
R7MVZ01SOSR2HV,BA201722F9,Nasher Miles,5,Must buy!,Premium feel without the premium price tag. Tsa lock and trendy colors. Really impressed with the weight.,2025-10-02,True,0
RHAPWF520XKIAI,BA201722F9,Nasher Miles,5,Amazing value,"Good product, delivered on time. Premium look. The lock impressed me the most. Using it regularly now - no complaints so far!",2025-08-27,True,0
ROB867KBQNXPVM,BA201722F9,Nasher Miles,4,Worth the money,"Good product, delivered on time. Smooth 360 wheels. The build quality impressed me the most. Using it regularly now - no complaints so far!",2025-07-20,True,0
R7F9FZJAHSAO2Q,BA201722F9,Nasher Miles,5,Perfect for travel,"Good product, delivered on time. Excellent material. The handle impressed me the most. Using it regularly now - no complaints so far!",2025-05-25,True,0
R1B20UC87NXP0J,BA201722F9,Nasher Miles,4,Best luggage ever,Premium feel without the premium price tag. Trendy colors and TSA lock. Really impressed with the handle.,2026-01-26,True,0
R8HUP3FTJ6AC4J,BA201722F9,Nasher Miles,4,Great product!,Excellent luggage! Premium look and trendy colors. Very happy with my purchase. The material is really impressive. Would definitely buy again from Nasher Miles.,2025-08-04,True,0
RY3M0NQ8UT60WL,BA201722F9,Nasher Miles,4,Excellent quality,Premium feel without the premium price tag. Trendy colors and premium look. Really impressed with the zipper.,2026-01-19,True,2
RJ7K99BV2J3T4H,BA201722F9,Nasher Miles,4,Amazing value,"Very satisfied! The build quality is good, Premium look. Packing was easy due to the spacious compartments. The material is excellent.",2025-12-02,True,0
ROOUKIW8X17COP,BA201722F9,Nasher Miles,4,Highly recommended,"Five stars! Tsa lock, TSA lock, and excellent handle. What more can you ask for at this price?",2025-09-08,True,0
RHPII2MVV4DC0F,BA201722F9,Nasher Miles,4,Fantastic purchase,This is my second purchase from Nasher Miles and they never disappoint. Trendy colors. The material is even better than my previous bag.,2025-09-01,True,0
RBK4Y7ZXDFLD9C,BA201722F9,Nasher Miles,4,Worth the money,Excellent luggage! Premium look and TSA lock. Very happy with my purchase. The zipper is really impressive. Would definitely buy again from Nasher Miles.,2026-03-19,True,2
RVWS3KCVJXZDVY,BA201722F9,Nasher Miles,4,Perfect for travel,Using for office travel and it's perfect. Trendy colors. Compact yet spacious. The weight deserves special mention.,2026-03-23,True,0
R8LX3P724XHQZB,BA201722F9,Nasher Miles,4,Highly recommended,"Five stars! Trendy colors, TSA lock, and excellent zipper. What more can you ask for at this price?",2026-03-09,True,0
RYUZPEX7TV7HRB,BA201722F9,Nasher Miles,5,Highly recommended,"Five stars! Premium look, trendy colors, and excellent zipper. What more can you ask for at this price?",2026-01-18,True,0
R3Q825Q30ZX815,BA201722F9,Nasher Miles,5,Worth the money,Excellent luggage! Excellent material and TSA lock. Very happy with my purchase. The wheels is really impressive. Would definitely buy again from Nasher Miles.,2026-01-04,False,1
RBAMMWMD18HFY4,BA83D90250,Nasher Miles,5,Best luggage ever,Love this luggage! Smooth 360 wheels and excellent material. Looks premium and feels sturdy. The build quality quality is really good for this price range.,2025-07-24,True,0
RVK9QKAV8C3PQ5,BA83D90250,Nasher Miles,4,Very satisfied,Worth every rupee! Premium look and TSA lock. Took it on a 2-week trip and came back without any scratches. Nasher Miles quality is reliable.,2025-06-20,True,0
R6JJTB8QOP82J3,BA83D90250,Nasher Miles,4,Must buy!,Premium feel without the premium price tag. Premium look and excellent material. Really impressed with the lock.,2025-07-03,True,0
R9HXKEI9ULTHYC,BA83D90250,Nasher Miles,4,Amazing value,Very practical and well-designed. Tsa lock. The interiors are well-organized with multiple pockets. lock quality is commendable.,2025-05-12,True,0
RFP0N1K9YXCFE7,BA83D90250,Nasher Miles,5,Best luggage ever,I bought this for my recent vacation and it was perfect. Excellent material and the lock is top notch. Nasher Miles has done a great job with this one.,2025-12-07,False,1
RE12QEYKC2MNG8,BA83D90250,Nasher Miles,5,Highly recommended,I bought this for my recent vacation and it was perfect. Premium look and the lock is top notch. Nasher Miles has done a great job with this one.,2026-03-30,True,0
RSYG91MMO1DS3H,BA83D90250,Nasher Miles,5,Worth the money,I bought this for my recent vacation and it was perfect. Smooth 360 wheels and the handle is top notch. Nasher Miles has done a great job with this one.,2026-01-01,True,0
R1NXHBQAM97XO4,BA83D90250,Nasher Miles,4,Super happy,"Five stars! Smooth 360 wheels, TSA lock, and excellent handle. What more can you ask for at this price?",2025-10-29,True,0
RTT1E32WITPBD7,BA83D90250,Nasher Miles,5,Amazing value,Perfect cabin luggage! Fits all airline requirements. Smooth 360 wheels. handle is of great quality. Will suggest to friends.,2025-05-03,True,0
RMOCTCLKA9LZ57,BA83D90250,Nasher Miles,4,Perfect for travel,Using for office travel and it's perfect. Trendy colors. Compact yet spacious. The lock deserves special mention.,2025-06-04,True,0
R4TT43TUYKTK61,B588869907,Nasher Miles,4,Perfect for travel,"Very satisfied! The build quality is good, Premium look. Packing was easy due to the spacious compartments. The handle is excellent.",2026-03-19,True,3
RBC8VDRQNTJVU2,B588869907,Nasher Miles,4,Very satisfied,Bought for my parents - they loved it! Excellent material and easy to maneuver. The handle makes it very convenient to use.,2026-02-26,True,0
R0E03YIOY5U04R,B588869907,Nasher Miles,5,Love it!,Bought for my parents - they loved it! Premium look and easy to maneuver. The handle makes it very convenient to use.,2025-12-08,False,0
RE9OUJW6ZJVAEV,B588869907,Nasher Miles,4,Highly recommended,"Very satisfied! The build quality is good, Tsa lock. Packing was easy due to the spacious compartments. The weight is excellent.",2025-11-30,True,0
R00YEH8UXZ3ADH,B588869907,Nasher Miles,4,Love it!,I bought this for my recent vacation and it was perfect. Premium look and the material is top notch. Nasher Miles has done a great job with this one.,2026-01-25,False,0
RNSJX4FOGX8IRJ,B588869907,Nasher Miles,4,Best luggage ever,Using for office travel and it's perfect. Excellent material. Compact yet spacious. The handle deserves special mention.,2026-03-14,True,0
RO5FKPA2TVMXQY,B588869907,Nasher Miles,5,Love it!,"Five stars! Trendy colors, excellent material, and excellent wheels. What more can you ask for at this price?",2025-11-18,True,8
R6AIRH8S7DZSYJ,B588869907,Nasher Miles,5,Amazing value,I bought this for my recent vacation and it was perfect. Trendy colors and the lock is top notch. Nasher Miles has done a great job with this one.,2025-05-06,True,0
R1YUW2TGRTFA11,B588869907,Nasher Miles,4,Love it!,"Very satisfied! The build quality is good, Excellent material. Packing was easy due to the spacious compartments. The handle is excellent.",2025-09-06,True,0
R1J2VWY8UMNW6L,B588869907,Nasher Miles,4,Very satisfied,I bought this for my recent vacation and it was perfect. Premium look and the material is top notch. Nasher Miles has done a great job with this one.,2025-10-18,True,1
