review_id,product_id,brand,rating,title,text,date,verified,helpful_count,full_text,vader_compound,vader_pos,vader_neg,vader_neu,textblob_polarity,textblob_subjectivity,combined_score,sentiment_label
RDIVUZZPQK51FP,B0C381B6B5,Safari,4,Great product!,Perfect cabin luggage! Fits all airline requirements. Decent space. handle is of great quality. Will suggest to friends.,2025-11-17,True,5,Great product!. Perfect cabin luggage! Fits all airline requirements. Decent space. handle is of great quality. Will suggest to friends.,0.9484,0.493,0.0,0.507,0.7417,0.7917,0.876,Positive
RMMJBQE7CKW5NG,B0C381B6B5,Safari,3,Okay for the price,"Good for the price but has some issues. Affordable price. However, scratch marks. The compartments could be better. 3/5 would buy again.",2026-03-04,False,0,"Okay for the price. Good for the price but has some issues. Affordable price. However, scratch marks. The compartments could be better. 3/5 would buy again.",0.7391,0.24,0.0,0.76,0.5667,0.5333,0.6787,Positive
RQ4FMYZYCWTIQJ,B0C381B6B5,Safari,4,Perfect for travel,Using for office travel and it's perfect. Affordable price. Compact yet spacious. The material deserves special mention.,2025-05-16,True,0,Perfect for travel. Using for office travel and it's perfect. Affordable price. Compact yet spacious. The material deserves special mention.,0.8779,0.373,0.0,0.627,0.7857,0.8571,0.8456,Positive
R2OC6UZHR5XFF0,B0C381B6B5,Safari,4,Great product!,Using for office travel and it's perfect. Affordable price. Compact yet spacious. The compartments deserves special mention.,2025-07-07,True,0,Great product!. Using for office travel and it's perfect. Affordable price. Compact yet spacious. The compartments deserves special mention.,0.8955,0.403,0.0,0.597,0.7857,0.7738,0.8571,Positive
R4FFYVNVQJT7YE,B0C381B6B5,Safari,4,Great product!,I bought this for my recent vacation and it was perfect. Decent space and the material is top notch. Safari has done a great job with this one.,2025-07-08,True,1,Great product!. I bought this for my recent vacation and it was perfect. Decent space and the material is top notch. Safari has done a great job with this one.,0.9324,0.35,0.0,0.65,0.5778,0.6528,0.8083,Positive
RQ85JSG65KXVF1,B0C381B6B5,Safari,4,Worth the money,Great quality for the price. Lightweight. Used it for my trip and it handled everything well. The compartments works smoothly. Highly recommend.,2025-07-06,True,5,Worth the money. Great quality for the price. Lightweight. Used it for my trip and it handled everything well. The compartments works smoothly. Highly recommend.,0.8718,0.342,0.0,0.658,0.42,0.4633,0.7137,Positive
RIIUC039TEX8FS,B0C381B6B5,Safari,4,Perfect for travel,Excellent luggage! Affordable price and lightweight. Very happy with my purchase. The build quality is really impressive. Would definitely buy again from Safari.,2025-06-02,True,0,Perfect for travel. Excellent luggage! Affordable price and lightweight. Very happy with my purchase. The build quality is really impressive. Would definitely buy again from Safari.,0.9598,0.465,0.0,0.535,0.8,0.9,0.9039,Positive
RXPSEIMVIHCWI6,B0C381B6B5,Safari,4,Must buy!,"Five stars! Lightweight, good value, and excellent material. What more can you ask for at this price?",2025-10-21,False,0,"Must buy!. Five stars! Lightweight, good value, and excellent material. What more can you ask for at this price?",0.8619,0.375,0.0,0.625,0.7333,0.7,0.8169,Positive
RMO5BXXC02DGTF,B4776CE822,Safari,3,So-so,"It's okay. Affordable price. wheel quality though. For this price range, I guess it's acceptable. The weight is mediocre.",2026-01-05,True,0,"So-so. It's okay. Affordable price. wheel quality though. For this price range, I guess it's acceptable. The weight is mediocre.",0.4939,0.189,0.0,0.811,0.0,0.75,0.321,Positive
R94874FRHOCN9J,B4776CE822,Safari,4,Must buy!,This is my second purchase from Safari and they never disappoint. Affordable price. The handle is even better than my previous bag.,2025-08-19,True,0,Must buy!. This is my second purchase from Safari and they never disappoint. Affordable price. The handle is even better than my previous bag.,0.6652,0.199,0.0,0.801,0.1111,0.2222,0.4713,Positive
R8UT0CVS4F8CGV,B4776CE822,Safari,4,Love it!,I bought this for my recent vacation and it was perfect. Good value and the build quality is top notch. Safari has done a great job with this one.,2025-04-28,True,0,Love it!. I bought this for my recent vacation and it was perfect. Good value and the build quality is top notch. Safari has done a great job with this one.,0.9606,0.437,0.0,0.563,0.6042,0.6167,0.8358,Positive
RLJYLJEXQ77AWU,B4776CE822,Safari,3,Fair product,"Decent product overall. Affordable price but scratch marks. The material is okay, nothing extraordinary. Serves its purpose for the price.",2026-02-16,False,0,"Fair product. Decent product overall. Affordable price but scratch marks. The material is okay, nothing extraordinary. Serves its purpose for the price.",0.4588,0.167,0.0,0.833,0.34,0.6133,0.4172,Positive
RF4ZW9XA3KX7EE,B4776CE822,Safari,4,Perfect for travel,Premium feel without the premium price tag. Good value and lightweight. Really impressed with the handle.,2026-02-13,True,0,Perfect for travel. Premium feel without the premium price tag. Good value and lightweight. Really impressed with the handle.,0.908,0.452,0.0,0.548,0.9,0.8667,0.9052,Positive
RHWJR64DPJA1WJ,B4776CE822,Safari,5,Highly recommended,Perfect cabin luggage! Fits all airline requirements. Good value. lock is of great quality. Will suggest to friends.,2025-08-25,True,0,Highly recommended. Perfect cabin luggage! Fits all airline requirements. Good value. lock is of great quality. Will suggest to friends.,0.9575,0.574,0.0,0.426,0.665,0.7225,0.8551,Positive
RTPBN78BMYYMU5,B4776CE822,Safari,4,Fantastic purchase,Amazing product at this price point. Affordable price. The material feels durable and the zipper is very smooth. Recommended for frequent travelers.,2025-05-26,True,5,Fantastic purchase. Amazing product at this price point. Affordable price. The material feels durable and the zipper is very smooth. Recommended for frequent travelers.,0.8583,0.311,0.0,0.689,0.405,0.6875,0.6996,Positive
RA0L7253J2D54I,B4776CE822,Safari,4,Best luggage ever,Using for office travel and it's perfect. Good value. Compact yet spacious. The material deserves special mention.,2025-08-16,True,2,Best luggage ever. Using for office travel and it's perfect. Good value. Compact yet spacious. The material deserves special mention.,0.9423,0.515,0.0,0.485,0.7643,0.6179,0.88,Positive
R8KXO9T7E8G8JD,B4776CE822,Safari,4,Excellent quality,Worth every rupee! Lightweight and good value. Took it on a 2-week trip and came back without any scratches. Safari quality is reliable.,2025-08-29,True,1,Excellent quality. Worth every rupee! Lightweight and good value. Took it on a 2-week trip and came back without any scratches. Safari quality is reliable.,0.8805,0.348,0.0,0.652,0.5188,0.425,0.7539,Positive
RBPS3Y70HP87WX,B4776CE822,Safari,3,Not bad,"Good for the price but has some issues. Decent space. However, handle durability. The weight could be better. 3/5 would buy again.",2026-02-04,True,0,"Not bad. Good for the price but has some issues. Decent space. However, handle durability. The weight could be better. 3/5 would buy again.",0.6214,0.203,0.06,0.737,0.4292,0.6083,0.5541,Positive
RGXN0GUO4KH2VL,B4776CE822,Safari,4,Worth the money,"Five stars! Lightweight, decent space, and excellent weight. What more can you ask for at this price?",2025-08-25,True,0,"Worth the money. Five stars! Lightweight, decent space, and excellent weight. What more can you ask for at this price?",0.7088,0.247,0.0,0.753,0.5104,0.5667,0.6394,Positive
RKXWD8IL3FB9W1,B4776CE822,Safari,4,Excellent quality,Very practical and well-designed. Good value. The interiors are well-organized with multiple pockets. build quality quality is commendable.,2025-08-18,True,0,Excellent quality. Very practical and well-designed. Good value. The interiors are well-organized with multiple pockets. build quality quality is commendable.,0.8402,0.346,0.0,0.654,0.475,0.475,0.7124,Positive
RY6452H2ZQU7EE,B4776CE822,Safari,4,Must buy!,Worth every rupee! Good value and affordable price. Took it on a 2-week trip and came back without any scratches. Safari quality is reliable.,2025-08-14,True,12,Must buy!. Worth every rupee! Good value and affordable price. Took it on a 2-week trip and came back without any scratches. Safari quality is reliable.,0.7772,0.253,0.0,0.747,0.3583,0.2333,0.6306,Positive
R6P6QF5Q14J1RI,B4776CE822,Safari,4,Very satisfied,Very practical and well-designed. Decent space. The interiors are well-organized with multiple pockets. compartments quality is commendable.,2025-08-26,False,0,Very satisfied. Very practical and well-designed. Decent space. The interiors are well-organized with multiple pockets. compartments quality is commendable.,0.4754,0.147,0.0,0.853,0.2542,0.4917,0.398,Positive
RTOHP6VZ41NAM1,B78CFEE677,Safari,4,Highly recommended,Great quality for the price. Decent space. Used it for my trip and it handled everything well. The material works smoothly. Highly recommend.,2025-09-06,True,1,Highly recommended. Great quality for the price. Decent space. Used it for my trip and it handled everything well. The material works smoothly. Highly recommend.,0.8851,0.351,0.0,0.649,0.3217,0.6242,0.6879,Positive
RRNY20479T6VXD,B78CFEE677,Safari,5,Best luggage ever,This is my second purchase from Safari and they never disappoint. Good value. The material is even better than my previous bag.,2025-09-01,False,0,Best luggage ever. This is my second purchase from Safari and they never disappoint. Good value. The material is even better than my previous bag.,0.711,0.277,0.131,0.592,0.4067,0.3133,0.6045,Positive
RK8P4Q0B8IC8BB,B78CFEE677,Safari,4,Best luggage ever,This is my second purchase from Safari and they never disappoint. Lightweight. The material is even better than my previous bag.,2025-12-03,True,0,Best luggage ever. This is my second purchase from Safari and they never disappoint. Lightweight. The material is even better than my previous bag.,0.854,0.308,0.0,0.692,0.3333,0.2417,0.6718,Positive
RE8QJNV8Z2FLU7,B78CFEE677,Safari,4,Must buy!,"Very satisfied! The build quality is good, Good value. Packing was easy due to the spacious compartments. The zipper is excellent.",2025-06-18,True,5,"Must buy!. Very satisfied! The build quality is good, Good value. Packing was easy due to the spacious compartments. The zipper is excellent.",0.955,0.521,0.0,0.479,0.5868,0.7347,0.8261,Positive
R2UBTXCXAPRPN6,B78CFEE677,Safari,3,Okay for the price,"It's okay. Affordable price. zip quality though. For this price range, I guess it's acceptable. The handle is mediocre.",2025-08-16,True,0,"Okay for the price. It's okay. Affordable price. zip quality though. For this price range, I guess it's acceptable. The handle is mediocre.",0.6249,0.234,0.0,0.766,0.1667,0.6667,0.4645,Positive
R3VLI7KQ1UYMRL,B78CFEE677,Safari,4,Best luggage ever,Perfect cabin luggage! Fits all airline requirements. Decent space. lock is of great quality. Will suggest to friends.,2025-08-02,True,1,Best luggage ever. Perfect cabin luggage! Fits all airline requirements. Decent space. lock is of great quality. Will suggest to friends.,0.9468,0.475,0.0,0.525,0.7417,0.6792,0.875,Positive
RZR1YXR2DHYLUR,B78CFEE677,Safari,3,Decent but not great,"Decent product overall. Good value but wheel quality. The lock is okay, nothing extraordinary. Serves its purpose for the price.",2025-07-11,True,25,"Decent but not great. Decent product overall. Good value but wheel quality. The lock is okay, nothing extraordinary. Serves its purpose for the price.",0.5939,0.276,0.132,0.593,0.2095,0.5976,0.4594,Positive
R08YG0JV1V93KM,B420E780CA,Safari,5,Excellent quality,Great quality for the price. Good value. Used it for my trip and it handled everything well. The material works smoothly. Highly recommend.,2025-11-05,False,0,Excellent quality. Great quality for the price. Good value. Used it for my trip and it handled everything well. The material works smoothly. Highly recommend.,0.9516,0.486,0.0,0.514,0.665,0.7225,0.8513,Positive
RDAKRM8J5ECRUY,B420E780CA,Safari,4,Amazing value,"Five stars! Good value, decent space, and excellent lock. What more can you ask for at this price?",2026-01-21,False,0,"Amazing value. Five stars! Good value, decent space, and excellent lock. What more can you ask for at this price?",0.9381,0.508,0.0,0.492,0.6233,0.7333,0.8279,Positive
R1V2ISQP49KWV0,B420E780CA,Safari,5,Super happy,Great quality for the price. Good value. Used it for my trip and it handled everything well. The lock works smoothly. Highly recommend.,2025-12-23,True,0,Super happy. Great quality for the price. Good value. Used it for my trip and it handled everything well. The lock works smoothly. Highly recommend.,0.9678,0.549,0.0,0.451,0.5587,0.7113,0.8246,Positive
RYQBKK4CIJ2V2H,B420E780CA,Safari,4,Amazing value,I bought this for my recent vacation and it was perfect. Affordable price and the handle is top notch. Safari has done a great job with this one.,2026-02-09,True,0,Amazing value. I bought this for my recent vacation and it was perfect. Affordable price and the handle is top notch. Safari has done a great job with this one.,0.9413,0.387,0.0,0.613,0.58,0.68,0.8148,Positive
RFL0UKEYZ7SRCB,B420E780CA,Safari,4,Great product!,Using for office travel and it's perfect. Good value. Compact yet spacious. The lock deserves special mention.,2025-08-30,True,0,Great product!. Using for office travel and it's perfect. Good value. Compact yet spacious. The lock deserves special mention.,0.9441,0.535,0.0,0.465,0.7643,0.7304,0.8812,Positive
R1GSPK9P38QOLD,B420E780CA,Safari,4,Great product!,Very practical and well-designed. Lightweight. The interiors are well-organized with multiple pockets. wheels quality is commendable.,2026-01-16,True,0,Great product!. Very practical and well-designed. Lightweight. The interiors are well-organized with multiple pockets. wheels quality is commendable.,0.6588,0.205,0.0,0.795,0.4,0.35,0.5682,Positive
RQLL8OS9XTOGN1,B420E780CA,Safari,4,Great product!,Bought for my parents - they loved it! Decent space and easy to maneuver. The lock makes it very convenient to use.,2025-05-23,True,0,Great product!. Bought for my parents - they loved it! Decent space and easy to maneuver. The lock makes it very convenient to use.,0.9097,0.354,0.0,0.646,0.535,0.67,0.7786,Positive
R9VIFTTD96QE3R,B420E780CA,Safari,4,Great product!,This is my second purchase from Safari and they never disappoint. Decent space. The lock is even better than my previous bag.,2025-11-10,True,0,Great product!. This is my second purchase from Safari and they never disappoint. Decent space. The lock is even better than my previous bag.,0.8608,0.313,0.0,0.687,0.3,0.4167,0.6645,Positive
RFGV0EC14M2JA0,B420E780CA,Safari,4,Super happy,This is my second purchase from Safari and they never disappoint. Good value. The build quality is even better than my previous bag.,2025-06-12,True,0,Super happy. This is my second purchase from Safari and they never disappoint. Good value. The build quality is even better than my previous bag.,0.8525,0.352,0.123,0.525,0.3611,0.4889,0.6805,Positive
RUI1B0Z3NX39RB,B39898F91D,Safari,4,Love it!,Using for office travel and it's perfect. Good value. Compact yet spacious. The compartments deserves special mention.,2025-07-25,True,0,Love it!. Using for office travel and it's perfect. Good value. Compact yet spacious. The compartments deserves special mention.,0.945,0.536,0.0,0.464,0.6705,0.6929,0.8489,Positive
R6AF58C2JWOCLY,B39898F91D,Safari,4,Super happy,Using for office travel and it's perfect. Decent space. Compact yet spacious. The handle deserves special mention.,2025-07-09,True,0,Super happy. Using for office travel and it's perfect. Decent space. Compact yet spacious. The handle deserves special mention.,0.9325,0.483,0.0,0.517,0.5314,0.781,0.7921,Positive
RYKID91ZDFKBLC,B39898F91D,Safari,4,Must buy!,Perfect cabin luggage! Fits all airline requirements. Affordable price. wheels is of great quality. Will suggest to friends.,2025-10-07,True,0,Must buy!. Perfect cabin luggage! Fits all airline requirements. Affordable price. wheels is of great quality. Will suggest to friends.,0.9097,0.403,0.0,0.597,0.9,0.875,0.9063,Positive
RVNYRUIWQY6QKT,B39898F91D,Safari,3,Okay for the price,"Average quality. Good value which is nice, but handle durability. Not bad for occasional trips but frequent travelers should consider spending more.",2026-03-02,True,0,"Okay for the price. Average quality. Good value which is nice, but handle durability. Not bad for occasional trips but frequent travelers should consider spending more.",0.8305,0.339,0.0,0.661,0.325,0.5115,0.6536,Positive
R94DNMKZA3OA52,B39898F91D,Safari,3,Decent but not great,Mixed feelings about this one. Decent space is great but zip quality is disappointing. Would rate it average.,2026-03-14,True,1,Decent but not great. Mixed feelings about this one. Decent space is great but zip quality is disappointing. Would rate it average.,-0.4751,0.169,0.262,0.569,-0.0024,0.5976,-0.3096,Negative
RHGJ11YEDWB2BN,B39898F91D,Safari,4,Highly recommended,Very practical and well-designed. Good value. The interiors are well-organized with multiple pockets. lock quality is commendable.,2026-01-31,False,0,Highly recommended. Very practical and well-designed. Good value. The interiors are well-organized with multiple pockets. lock quality is commendable.,0.7501,0.316,0.0,0.684,0.265,0.36,0.5803,Positive
R63J3R30ME8F84,B39898F91D,Safari,4,Super happy,Very practical and well-designed. Lightweight. The interiors are well-organized with multiple pockets. zipper quality is commendable.,2025-04-28,True,8,Super happy. Very practical and well-designed. Lightweight. The interiors are well-organized with multiple pockets. zipper quality is commendable.,0.8225,0.322,0.0,0.678,0.3333,0.4917,0.6513,Positive
RTQYYV37DIA5U6,B39898F91D,Safari,4,Perfect for travel,Great quality for the price. Decent space. Used it for my trip and it handled everything well. The compartments works smoothly. Highly recommend.,2025-12-16,True,0,Perfect for travel. Great quality for the price. Decent space. Used it for my trip and it handled everything well. The compartments works smoothly. Highly recommend.,0.9134,0.366,0.0,0.634,0.5317,0.7392,0.7798,Positive
RKRD5EQY08P0FO,B39898F91D,Safari,3,Average product,"Good for the price but has some issues. Good value. However, wheel quality. The weight could be better. 3/5 would buy again.",2026-02-17,True,0,"Average product. Good for the price but has some issues. Good value. However, wheel quality. The weight could be better. 3/5 would buy again.",0.9144,0.389,0.0,0.611,0.4375,0.525,0.7475,Positive
RQIN9N6XCJ883D,B39898F91D,Safari,4,Amazing value,Excellent luggage! Lightweight and affordable price. Very happy with my purchase. The lock is really impressive. Would definitely buy again from Safari.,2025-12-21,True,0,Amazing value. Excellent luggage! Lightweight and affordable price. Very happy with my purchase. The lock is really impressive. Would definitely buy again from Safari.,0.9672,0.535,0.0,0.465,0.72,0.88,0.8807,Positive
R12VJ99T2D5EM2,B4F9315E17,Safari,4,Highly recommended,Perfect cabin luggage! Fits all airline requirements. Good value. material is of great quality. Will suggest to friends.,2025-06-11,True,0,Highly recommended. Perfect cabin luggage! Fits all airline requirements. Good value. material is of great quality. Will suggest to friends.,0.9575,0.574,0.0,0.426,0.665,0.7225,0.8551,Positive
R0R2SDS8B25SQ8,B4F9315E17,Safari,4,Excellent quality,I bought this for my recent vacation and it was perfect. Decent space and the wheels is top notch. Safari has done a great job with this one.,2026-03-08,True,2,Excellent quality. I bought this for my recent vacation and it was perfect. Decent space and the wheels is top notch. Safari has done a great job with this one.,0.9231,0.338,0.0,0.662,0.5778,0.6944,0.8022,Positive
RFEWVZNVKSP2EX,B4F9315E17,Safari,4,Fantastic purchase,Great quality for the price. Affordable price. Used it for my trip and it handled everything well. The build quality works smoothly. Highly recommend.,2025-06-30,True,0,Fantastic purchase. Great quality for the price. Affordable price. Used it for my trip and it handled everything well. The build quality works smoothly. Highly recommend.,0.9117,0.364,0.0,0.636,0.4533,0.73,0.7513,Positive
R3O0LLJ8YRDDP0,B4F9315E17,Safari,4,Highly recommended,Premium feel without the premium price tag. Good value and lightweight. Really impressed with the build quality.,2025-09-30,True,0,Highly recommended. Premium feel without the premium price tag. Good value and lightweight. Really impressed with the build quality.,0.8685,0.418,0.0,0.582,0.62,0.7133,0.7815,Positive
R5Z8VMUHXID4N1,B4F9315E17,Safari,3,So-so,"Good for the price but has some issues. Decent space. However, zip quality. The compartments could be better. 3/5 would buy again.",2025-06-19,True,0,"So-so. Good for the price but has some issues. Decent space. However, zip quality. The compartments could be better. 3/5 would buy again.",0.7003,0.216,0.0,0.784,0.4556,0.5889,0.6146,Positive
RZLMA5UOFWB0HP,B4F9315E17,Safari,3,Not bad,Mixed feelings about this one. Affordable price is great but handle durability is disappointing. Would rate it average.,2025-10-16,True,0,Not bad. Mixed feelings about this one. Affordable price is great but handle durability is disappointing. Would rate it average.,-0.2083,0.174,0.167,0.66,0.08,0.5533,-0.1074,Neutral
RYJXRPJ1EPKYRY,B4F9315E17,Safari,3,Average product,"Decent product overall. Good value but handle durability. The handle is okay, nothing extraordinary. Serves its purpose for the price.",2026-03-16,True,12,"Average product. Decent product overall. Good value but handle durability. The handle is okay, nothing extraordinary. Serves its purpose for the price.",0.6124,0.24,0.0,0.76,0.2583,0.5278,0.4885,Positive
RRPETIUYMO0PQC,B0A318CA95,Safari,5,Great product!,Love this luggage! Lightweight and affordable price. Looks premium and feels sturdy. The lock quality is really good for this price range.,2025-10-30,True,0,Great product!. Love this luggage! Lightweight and affordable price. Looks premium and feels sturdy. The lock quality is really good for this price range.,0.9198,0.365,0.0,0.635,0.775,0.65,0.8691,Positive
R2W37D4IVSOLML,B0A318CA95,Safari,4,Worth the money,Worth every rupee! Affordable price and lightweight. Took it on a 2-week trip and came back without any scratches. Safari quality is reliable.,2026-01-12,False,0,Worth the money. Worth every rupee! Affordable price and lightweight. Took it on a 2-week trip and came back without any scratches. Safari quality is reliable.,0.4753,0.146,0.0,0.854,0.225,0.0667,0.3877,Positive
R8XFDJGF1C8WQU,B0A318CA95,Safari,4,Very satisfied,Premium feel without the premium price tag. Lightweight and good value. Really impressed with the material.,2025-06-16,True,5,Very satisfied. Premium feel without the premium price tag. Lightweight and good value. Really impressed with the material.,0.8953,0.457,0.0,0.543,0.7833,0.8667,0.8561,Positive
RCPKJCSLQC3C54,B0A318CA95,Safari,4,Amazing value,Using for office travel and it's perfect. Lightweight. Compact yet spacious. The compartments deserves special mention.,2025-05-29,True,0,Amazing value. Using for office travel and it's perfect. Lightweight. Compact yet spacious. The compartments deserves special mention.,0.9118,0.474,0.0,0.526,0.6524,0.8238,0.821,Positive
RRFCD6MZSGIPPS,B0A318CA95,Safari,4,Fantastic purchase,This is my second purchase from Safari and they never disappoint. Good value. The wheels is even better than my previous bag.,2026-01-17,True,3,Fantastic purchase. This is my second purchase from Safari and they never disappoint. Good value. The wheels is even better than my previous bag.,0.6504,0.272,0.138,0.59,0.2867,0.4333,0.5231,Positive
RDYK0X65MUFM8Z,B0A318CA95,Safari,4,Highly recommended,Very practical and well-designed. Lightweight. The interiors are well-organized with multiple pockets. wheels quality is commendable.,2025-09-20,False,1,Highly recommended. Very practical and well-designed. Lightweight. The interiors are well-organized with multiple pockets. wheels quality is commendable.,0.2716,0.11,0.0,0.89,0.12,0.28,0.2185,Positive
R3Y30YSXPNNGH8,B0A318CA95,Safari,5,Highly recommended,Love this luggage! Decent space and lightweight. Looks premium and feels sturdy. The handle quality is really good for this price range.,2025-08-03,True,25,Highly recommended. Love this luggage! Decent space and lightweight. Looks premium and feels sturdy. The handle quality is really good for this price range.,0.8766,0.324,0.0,0.676,0.4129,0.6017,0.7143,Positive
RF313FPOYIPK0Q,B84A775390,Safari,3,Could be better,Product looks good but scratch marks. Good value saves it somewhat. Usable but don't expect premium quality at this price.,2025-07-09,True,8,Could be better. Product looks good but scratch marks. Good value saves it somewhat. Usable but don't expect premium quality at this price.,0.8705,0.363,0.0,0.637,0.6333,0.5667,0.7875,Positive
R89QKNS832EJX5,B84A775390,Safari,4,Must buy!,Premium feel without the premium price tag. Good value and lightweight. Really impressed with the build quality.,2025-06-29,True,1,Must buy!. Premium feel without the premium price tag. Good value and lightweight. Really impressed with the build quality.,0.8395,0.36,0.0,0.64,0.85,0.8,0.8432,Positive
R6FP8HQMABSI9N,B84A775390,Safari,4,Amazing value,Very practical and well-designed. Good value. The interiors are well-organized with multiple pockets. handle quality is commendable.,2026-03-25,True,0,Amazing value. Very practical and well-designed. Good value. The interiors are well-organized with multiple pockets. handle quality is commendable.,0.8885,0.434,0.0,0.566,0.375,0.45,0.7088,Positive
RK3ZEZQACJ4T0S,B84A775390,Safari,4,Great product!,Very practical and well-designed. Good value. The interiors are well-organized with multiple pockets. compartments quality is commendable.,2026-02-11,True,0,Great product!. Very practical and well-designed. Good value. The interiors are well-organized with multiple pockets. compartments quality is commendable.,0.8655,0.377,0.0,0.623,0.475,0.4125,0.7288,Positive
RTWUZKAMUGYSM8,B84A775390,Safari,4,Fantastic purchase,Great quality for the price. Affordable price. Used it for my trip and it handled everything well. The build quality works smoothly. Highly recommend.,2025-07-04,True,12,Fantastic purchase. Great quality for the price. Affordable price. Used it for my trip and it handled everything well. The build quality works smoothly. Highly recommend.,0.9117,0.364,0.0,0.636,0.4533,0.73,0.7513,Positive
RNN0MCIXDU1EMM,B84A775390,Safari,4,Must buy!,Worth every rupee! Decent space and affordable price. Took it on a 2-week trip and came back without any scratches. Safari quality is reliable.,2025-05-14,True,1,Must buy!. Worth every rupee! Decent space and affordable price. Took it on a 2-week trip and came back without any scratches. Safari quality is reliable.,0.3578,0.09,0.0,0.91,0.1806,0.2556,0.2958,Positive
RKBHB7S9TJ1GM2,B84A775390,Safari,3,Average product,"Average quality. Affordable price which is nice, but scratch marks. Not bad for occasional trips but frequent travelers should consider spending more.",2025-05-08,True,0,"Average product. Average quality. Affordable price which is nice, but scratch marks. Not bad for occasional trips but frequent travelers should consider spending more.",0.6883,0.205,0.0,0.795,0.1786,0.4845,0.5099,Positive
R6N9RR7S20CV3T,B84A775390,Safari,4,Amazing value,Worth every rupee! Decent space and lightweight. Took it on a 2-week trip and came back without any scratches. Safari quality is reliable.,2025-10-26,False,0,Amazing value. Worth every rupee! Decent space and lightweight. Took it on a 2-week trip and came back without any scratches. Safari quality is reliable.,0.8122,0.276,0.0,0.724,0.2854,0.4167,0.6278,Positive
RB5M9J98CWN2Y8,B84A775390,Safari,4,Amazing value,I bought this for my recent vacation and it was perfect. Decent space and the weight is top notch. Safari has done a great job with this one.,2026-01-25,True,0,Amazing value. I bought this for my recent vacation and it was perfect. Decent space and the weight is top notch. Safari has done a great job with this one.,0.9413,0.387,0.0,0.613,0.5111,0.6778,0.7907,Positive
R2NNUVY8N1UTOX,B84A775390,Safari,4,Love it!,Excellent luggage! Good value and affordable price. Very happy with my purchase. The build quality is really impressive. Would definitely buy again from Safari.,2025-12-02,True,0,Love it!. Excellent luggage! Good value and affordable price. Very happy with my purchase. The build quality is really impressive. Would definitely buy again from Safari.,0.9759,0.562,0.0,0.438,0.7208,0.7833,0.8866,Positive
RHWY9HECGZ9389,B84A775390,Safari,4,Amazing value,Love this luggage! Lightweight and decent space. Looks premium and feels sturdy. The handle quality is really good for this price range.,2025-05-02,True,0,Amazing value. Love this luggage! Lightweight and decent space. Looks premium and feels sturdy. The handle quality is really good for this price range.,0.9311,0.41,0.0,0.59,0.5229,0.6917,0.7882,Positive
RZZGNI92IRMUQ9,B84A775390,Safari,5,Very satisfied,Premium feel without the premium price tag. Lightweight and affordable price. Really impressed with the lock.,2026-02-01,True,0,Very satisfied. Premium feel without the premium price tag. Lightweight and affordable price. Really impressed with the lock.,0.7569,0.288,0.0,0.712,0.825,1.0,0.7807,Positive
R9XQYM52XG8P6B,B84A775390,Safari,3,Could be better,"Not bad, not great. Decent space. But I noticed wheel quality after a few uses. The build quality started fine but degraded.",2026-02-04,True,0,"Could be better. Not bad, not great. Decent space. But I noticed wheel quality after a few uses. The build quality started fine but degraded.",0.3013,0.251,0.117,0.632,0.1389,0.5306,0.2445,Positive
RJWWDXVUGW6M7B,BD6A2E0D06,Safari,5,Super happy,Love this luggage! Good value and decent space. Looks premium and feels sturdy. The handle quality is really good for this price range.,2026-03-25,False,5,Super happy. Love this luggage! Good value and decent space. Looks premium and feels sturdy. The handle quality is really good for this price range.,0.9665,0.52,0.0,0.48,0.5542,0.6889,0.8222,Positive
RB6TXKI3OQYFOQ,BD6A2E0D06,Safari,4,Must buy!,Very practical and well-designed. Decent space. The interiors are well-organized with multiple pockets. material quality is commendable.,2025-10-16,True,0,Must buy!. Very practical and well-designed. Decent space. The interiors are well-organized with multiple pockets. material quality is commendable.,0.0,0.0,0.0,1.0,0.1222,0.3222,0.0428,Neutral
RSDIEQFB85P863,BD6A2E0D06,Safari,3,Mediocre quality,Product looks good but handle durability. Decent space saves it somewhat. Usable but don't expect premium quality at this price.,2025-06-17,True,0,Mediocre quality. Product looks good but handle durability. Decent space saves it somewhat. Usable but don't expect premium quality at this price.,0.2382,0.085,0.0,0.915,0.1222,0.7556,0.1976,Positive
RDOQIVBKV4YKAD,BD6A2E0D06,Safari,4,Great product!,This is my second purchase from Safari and they never disappoint. Lightweight. The build quality is even better than my previous bag.,2026-01-30,True,1,Great product!. This is my second purchase from Safari and they never disappoint. Lightweight. The build quality is even better than my previous bag.,0.8608,0.313,0.0,0.687,0.3333,0.3542,0.6762,Positive
RUHTCS1K9YE9O2,BD6A2E0D06,Safari,5,Great product!,"Good product, delivered on time. Affordable price. The weight impressed me the most. Using it regularly now - no complaints so far!",2025-10-17,True,0,"Great product!. Good product, delivered on time. Affordable price. The weight impressed me the most. Using it regularly now - no complaints so far!",0.9176,0.393,0.0,0.607,0.5542,0.6545,0.7904,Positive
RELRQVSLWF90KM,BD6A2E0D06,Safari,4,Great product!,Amazing product at this price point. Affordable price. The material feels durable and the weight is very smooth. Recommended for frequent travelers.,2025-07-22,True,1,Great product!. Amazing product at this price point. Affordable price. The material feels durable and the weight is very smooth. Recommended for frequent travelers.,0.8826,0.328,0.0,0.672,0.555,0.65,0.7679,Positive
RY9V20YAR821UZ,BD6A2E0D06,Safari,4,Highly recommended,This is my second purchase from Safari and they never disappoint. Affordable price. The lock is even better than my previous bag.,2025-06-14,True,0,Highly recommended. This is my second purchase from Safari and they never disappoint. Affordable price. The lock is even better than my previous bag.,0.7392,0.257,0.0,0.743,0.1233,0.3017,0.5236,Positive
R8DALFYO1750CE,BD6A2E0D06,Safari,4,Fantastic purchase,I bought this for my recent vacation and it was perfect. Good value and the weight is top notch. Safari has done a great job with this one.,2025-12-23,True,25,Fantastic purchase. I bought this for my recent vacation and it was perfect. Good value and the weight is top notch. Safari has done a great job with this one.,0.9552,0.435,0.0,0.565,0.5667,0.6667,0.8192,Positive
R6MM1ZXYVGIUI9,BD6A2E0D06,Safari,3,Expected more,"Not bad, not great. Lightweight. But I noticed handle durability after a few uses. The build quality started fine but degraded.",2025-11-07,True,1,"Expected more. Not bad, not great. Lightweight. But I noticed handle durability after a few uses. The build quality started fine but degraded.",0.106,0.212,0.128,0.659,0.0944,0.4861,0.102,Neutral
RUT6OM1FB8C7X0,BD6A2E0D06,Safari,4,Excellent quality,"Good product, delivered on time. Lightweight. The build quality impressed me the most. Using it regularly now - no complaints so far!",2025-12-20,True,0,"Excellent quality. Good product, delivered on time. Lightweight. The build quality impressed me the most. Using it regularly now - no complaints so far!",0.9052,0.38,0.0,0.62,0.5542,0.6962,0.7823,Positive
RB6IIDLRYE89FX,BD6A2E0D06,Safari,3,Decent but not great,"Average quality. Affordable price which is nice, but handle durability. Not bad for occasional trips but frequent travelers should consider spending more.",2025-08-08,True,0,"Decent but not great. Average quality. Affordable price which is nice, but handle durability. Not bad for occasional trips but frequent travelers should consider spending more.",0.465,0.214,0.127,0.659,0.1458,0.551,0.3533,Positive
RI04B7P47B42G0,BD6A2E0D06,Safari,4,Fantastic purchase,Premium feel without the premium price tag. Affordable price and decent space. Really impressed with the wheels.,2025-11-11,True,0,Fantastic purchase. Premium feel without the premium price tag. Affordable price and decent space. Really impressed with the wheels.,0.7902,0.291,0.0,0.709,0.5222,0.8556,0.6964,Positive
R9TR74QGEFQJG0,BD6A2E0D06,Safari,4,Amazing value,Premium feel without the premium price tag. Lightweight and good value. Really impressed with the handle.,2025-11-08,True,1,Amazing value. Premium feel without the premium price tag. Lightweight and good value. Really impressed with the handle.,0.9312,0.534,0.0,0.466,0.7667,0.8333,0.8736,Positive
R7ANQJLUUJMIYQ,B8A92F16C3,Safari,4,Highly recommended,I bought this for my recent vacation and it was perfect. Good value and the handle is top notch. Safari has done a great job with this one.,2026-01-17,True,0,Highly recommended. I bought this for my recent vacation and it was perfect. Good value and the handle is top notch. Safari has done a great job with this one.,0.9432,0.415,0.0,0.585,0.5267,0.6067,0.7974,Positive
RNH8RQ9NZ61231,B8A92F16C3,Safari,4,Perfect for travel,"Five stars! Affordable price, decent space, and excellent lock. What more can you ask for at this price?",2025-04-25,True,3,"Perfect for travel. Five stars! Affordable price, decent space, and excellent lock. What more can you ask for at this price?",0.8268,0.288,0.0,0.712,0.6667,0.7917,0.7708,Positive
R6HTF4PYZR6QCE,B8A92F16C3,Safari,5,Super happy,Great quality for the price. Affordable price. Used it for my trip and it handled everything well. The compartments works smoothly. Highly recommend.,2025-09-08,True,0,Super happy. Great quality for the price. Affordable price. Used it for my trip and it handled everything well. The compartments works smoothly. Highly recommend.,0.9485,0.453,0.0,0.547,0.5233,0.7392,0.7997,Positive
RO30UBMC97C7BO,B8A92F16C3,Safari,4,Great product!,Bought for my parents - they loved it! Lightweight and easy to maneuver. The build quality makes it very convenient to use.,2026-01-29,True,8,Great product!. Bought for my parents - they loved it! Lightweight and easy to maneuver. The build quality makes it very convenient to use.,0.9097,0.354,0.0,0.646,0.6271,0.6708,0.8108,Positive
RYXTXMGTT0IAAK,B8A92F16C3,Safari,4,Excellent quality,This is my second purchase from Safari and they never disappoint. Decent space. The weight is even better than my previous bag.,2025-04-29,True,0,Excellent quality. This is my second purchase from Safari and they never disappoint. Decent space. The weight is even better than my previous bag.,0.8342,0.297,0.0,0.703,0.3,0.4667,0.6472,Positive
RMJ70E3P15AHDB,B8A92F16C3,Safari,4,Amazing value,Using for office travel and it's perfect. Good value. Compact yet spacious. The weight deserves special mention.,2025-06-06,True,3,Amazing value. Using for office travel and it's perfect. Good value. Compact yet spacious. The weight deserves special mention.,0.9509,0.579,0.0,0.421,0.6643,0.7679,0.8506,Positive
RSK30LVYLKFXHK,B8A92F16C3,Safari,4,Worth the money,"Very satisfied! The build quality is good, Good value. Packing was easy due to the spacious compartments. The build quality is excellent.",2026-03-08,True,0,"Worth the money. Very satisfied! The build quality is good, Good value. Packing was easy due to the spacious compartments. The build quality is excellent.",0.9589,0.527,0.0,0.473,0.5458,0.644,0.8143,Positive
RBMXNSZOKGTII4,B8A92F16C3,Safari,4,Amazing value,Bought for my parents - they loved it! Decent space and easy to maneuver. The zipper makes it very convenient to use.,2026-01-25,True,3,Amazing value. Bought for my parents - they loved it! Decent space and easy to maneuver. The zipper makes it very convenient to use.,0.923,0.399,0.0,0.601,0.455,0.7,0.7592,Positive
RLCQNT3BNVBC2V,B8A92F16C3,Safari,3,Decent but not great,"Not bad, not great. Good value. But I noticed zip quality after a few uses. The zipper started fine but degraded.",2025-04-30,True,0,"Decent but not great. Not bad, not great. Good value. But I noticed zip quality after a few uses. The zipper started fine but degraded.",-0.9024,0.142,0.415,0.443,0.0905,0.5762,-0.5549,Negative
R8E9RIVH6T1NTM,B8A92F16C3,Safari,4,Love it!,Love this luggage! Affordable price and good value. Looks premium and feels sturdy. The compartments quality is really good for this price range.,2025-11-26,True,3,Love it!. Love this luggage! Affordable price and good value. Looks premium and feels sturdy. The compartments quality is really good for this price range.,0.955,0.466,0.0,0.534,0.6625,0.6,0.8526,Positive
ROUHFJ7UPFLN4R,B8A92F16C3,Safari,3,Mediocre quality,Product looks good but zip quality. Good value saves it somewhat. Usable but don't expect premium quality at this price.,2025-05-08,True,0,Mediocre quality. Product looks good but zip quality. Good value saves it somewhat. Usable but don't expect premium quality at this price.,0.836,0.319,0.0,0.681,0.3,0.7333,0.6484,Positive
RZR7TXCB48Y1O4,BCF28C6B65,Safari,4,Worth the money,"Five stars! Lightweight, affordable price, and excellent zipper. What more can you ask for at this price?",2025-12-11,False,0,"Worth the money. Five stars! Lightweight, affordable price, and excellent zipper. What more can you ask for at this price?",0.7088,0.247,0.0,0.753,0.625,0.5333,0.6795,Positive
RATOAZTKSZP7G7,BCF28C6B65,Safari,4,Amazing value,Perfect cabin luggage! Fits all airline requirements. Decent space. wheels is of great quality. Will suggest to friends.,2025-07-14,False,0,Amazing value. Perfect cabin luggage! Fits all airline requirements. Decent space. wheels is of great quality. Will suggest to friends.,0.9545,0.537,0.0,0.463,0.6417,0.8292,0.845,Positive
RC8QIZK3C9XBON,BCF28C6B65,Safari,4,Best luggage ever,Using for office travel and it's perfect. Lightweight. Compact yet spacious. The lock deserves special mention.,2025-08-08,False,0,Best luggage ever. Using for office travel and it's perfect. Lightweight. Compact yet spacious. The lock deserves special mention.,0.891,0.398,0.0,0.602,0.7857,0.6238,0.8541,Positive
R67I6YUJ7YKTXG,BCF28C6B65,Safari,4,Excellent quality,Bought for my parents - they loved it! Lightweight and easy to maneuver. The weight makes it very convenient to use.,2025-10-29,False,0,Excellent quality. Bought for my parents - they loved it! Lightweight and easy to maneuver. The weight makes it very convenient to use.,0.8955,0.35,0.0,0.65,0.6271,0.7333,0.8016,Positive
RFI4O6L1F90S9B,BCF28C6B65,Safari,4,Perfect for travel,Very practical and well-designed. Decent space. The interiors are well-organized with multiple pockets. zipper quality is commendable.,2025-08-28,True,0,Perfect for travel. Very practical and well-designed. Decent space. The interiors are well-organized with multiple pockets. zipper quality is commendable.,0.5719,0.163,0.0,0.837,0.3417,0.4917,0.4913,Positive
RJ9RM7PYXDW2ZC,BCF28C6B65,Safari,4,Must buy!,Very practical and well-designed. Lightweight. The interiors are well-organized with multiple pockets. weight quality is commendable.,2026-01-20,True,1,Must buy!. Very practical and well-designed. Lightweight. The interiors are well-organized with multiple pockets. weight quality is commendable.,0.0,0.0,0.0,1.0,0.1,0.15,0.035,Neutral
RDALMJEGQTOAMD,BCF28C6B65,Safari,4,Highly recommended,"Five stars! Decent space, good value, and excellent zipper. What more can you ask for at this price?",2025-06-06,True,2,"Highly recommended. Five stars! Decent space, good value, and excellent zipper. What more can you ask for at this price?",0.8856,0.416,0.0,0.584,0.5133,0.6613,0.7553,Positive
RGNEKRCPPRCJIW,BCF28C6B65,Safari,4,Super happy,"Five stars! Good value, decent space, and excellent handle. What more can you ask for at this price?",2025-06-08,True,0,"Super happy. Five stars! Good value, decent space, and excellent handle. What more can you ask for at this price?",0.9508,0.53,0.0,0.47,0.6167,0.7389,0.8339,Positive
R4N5PP3XVKVZRG,BCF28C6B65,Safari,4,Highly recommended,Love this luggage! Affordable price and lightweight. Looks premium and feels sturdy. The zipper quality is really good for this price range.,2025-09-17,True,0,Highly recommended. Love this luggage! Affordable price and lightweight. Looks premium and feels sturdy. The zipper quality is really good for this price range.,0.8766,0.324,0.0,0.676,0.495,0.58,0.743,Positive
RN7H9G1A07H23C,BCF28C6B65,Safari,4,Best luggage ever,"Good product, delivered on time. Decent space. The material impressed me the most. Using it regularly now - no complaints so far!",2025-09-11,True,0,"Best luggage ever. Good product, delivered on time. Decent space. The material impressed me the most. Using it regularly now - no complaints so far!",0.9144,0.378,0.0,0.622,0.4988,0.5919,0.7689,Positive
RZ2C9ROS7YT2M6,BCF28C6B65,Safari,4,Worth the money,"Very satisfied! The build quality is good, Lightweight. Packing was easy due to the spacious compartments. The lock is excellent.",2025-07-08,True,3,"Worth the money. Very satisfied! The build quality is good, Lightweight. Packing was easy due to the spacious compartments. The lock is excellent.",0.9298,0.451,0.0,0.549,0.5201,0.6514,0.7864,Positive
RYO18PAJSSUUQO,BCF28C6B65,Safari,4,Must buy!,I bought this for my recent vacation and it was perfect. Affordable price and the compartments is top notch. Safari has done a great job with this one.,2025-04-26,True,0,Must buy!. I bought this for my recent vacation and it was perfect. Affordable price and the compartments is top notch. Safari has done a great job with this one.,0.8718,0.268,0.0,0.732,0.575,0.625,0.7679,Positive
R2SMDZQCBZAMD2,BE0EA7367F,Safari,4,Amazing value,"Good product, delivered on time. Lightweight. The zipper impressed me the most. Using it regularly now - no complaints so far!",2025-12-05,True,0,"Amazing value. Good product, delivered on time. Lightweight. The zipper impressed me the most. Using it regularly now - no complaints so far!",0.9294,0.45,0.0,0.55,0.4875,0.6795,0.7747,Positive
RGXO05QPAHKZ2U,BE0EA7367F,Safari,4,Worth the money,"Very satisfied! The build quality is good, Decent space. Packing was easy due to the spacious compartments. The build quality is excellent.",2025-07-08,True,0,"Worth the money. Very satisfied! The build quality is good, Decent space. Packing was easy due to the spacious compartments. The build quality is excellent.",0.9298,0.425,0.0,0.575,0.4696,0.6536,0.7687,Positive
RSXVWVM4W3ZKWD,BE0EA7367F,Safari,4,Amazing value,Great quality for the price. Lightweight. Used it for my trip and it handled everything well. The build quality works smoothly. Highly recommend.,2026-01-30,True,0,Amazing value. Great quality for the price. Lightweight. Used it for my trip and it handled everything well. The build quality works smoothly. Highly recommend.,0.9348,0.432,0.0,0.568,0.52,0.73,0.7896,Positive
RENGWYX9TRFLQB,BE0EA7367F,Safari,4,Fantastic purchase,Amazing product at this price point. Decent space. The material feels durable and the zipper is very smooth. Recommended for frequent travelers.,2025-10-07,True,0,Fantastic purchase. Amazing product at this price point. Decent space. The material feels durable and the zipper is very smooth. Recommended for frequent travelers.,0.8583,0.311,0.0,0.689,0.3573,0.6833,0.683,Positive
RXORZPGU2HBIK2,BE0EA7367F,Safari,4,Super happy,Using for office travel and it's perfect. Decent space. Compact yet spacious. The material deserves special mention.,2025-06-23,True,1,Super happy. Using for office travel and it's perfect. Decent space. Compact yet spacious. The material deserves special mention.,0.9325,0.483,0.0,0.517,0.5314,0.781,0.7921,Positive
R1PHP0XI5BJ5D5,BE0EA7367F,Safari,4,Great product!,Love this luggage! Lightweight and decent space. Looks premium and feels sturdy. The handle quality is really good for this price range.,2026-02-07,True,0,Great product!. Love this luggage! Lightweight and decent space. Looks premium and feels sturdy. The handle quality is really good for this price range.,0.9198,0.365,0.0,0.635,0.6229,0.6542,0.8159,Positive
RMKTLZKJ49YD82,B91271AA5C,Skybags,4,Fantastic purchase,Using for office travel and it's perfect. Color options. Compact yet spacious. The material deserves special mention.,2026-03-09,True,2,Fantastic purchase. Using for office travel and it's perfect. Color options. Compact yet spacious. The material deserves special mention.,0.875,0.385,0.0,0.615,0.5857,0.8238,0.7737,Positive
ROFWWNC21O0Z5Q,B91271AA5C,Skybags,4,Must buy!,I bought this for my recent vacation and it was perfect. Sturdy build and the material is top notch. Skybags has done a great job with this one.,2025-08-02,True,0,Must buy!. I bought this for my recent vacation and it was perfect. Sturdy build and the material is top notch. Skybags has done a great job with this one.,0.8718,0.268,0.0,0.732,0.575,0.625,0.7679,Positive
RZ42O83RLKTE42,B91271AA5C,Skybags,4,Must buy!,"Five stars! Spacious, sturdy build, and excellent handle. What more can you ask for at this price?",2025-04-24,True,0,"Must buy!. Five stars! Spacious, sturdy build, and excellent handle. What more can you ask for at this price?",0.6467,0.192,0.0,0.808,0.75,0.75,0.6829,Positive
RA8HYEXF7JXJN6,B91271AA5C,Skybags,3,Expected more,"Good for the price but has some issues. Color options. However, handle wobble. The wheels could be better. 3/5 would buy again.",2026-01-14,False,0,"Expected more. Good for the price but has some issues. Color options. However, handle wobble. The wheels could be better. 3/5 would buy again.",0.7137,0.213,0.0,0.787,0.4,0.5,0.6039,Positive
RHCVSQAME4YRID,B91271AA5C,Skybags,3,Average product,"Not bad, not great. Stylish design. But I noticed slightly heavy after a few uses. The material started fine but degraded.",2026-02-15,False,0,"Average product. Not bad, not great. Stylish design. But I noticed slightly heavy after a few uses. The material started fine but degraded.",0.0705,0.208,0.129,0.663,0.0452,0.5595,0.0617,Neutral
RUVFMH07WPH6FE,B91271AA5C,Skybags,4,Super happy,Bought for my parents - they loved it! Color options and easy to maneuver. The zipper makes it very convenient to use.,2025-09-24,True,0,Super happy. Bought for my parents - they loved it! Color options and easy to maneuver. The zipper makes it very convenient to use.,0.9402,0.423,0.0,0.577,0.5283,0.72,0.796,Positive
RIVZK7A45HVGOX,B91271AA5C,Skybags,4,Excellent quality,"Very satisfied! The build quality is good, Sturdy build. Packing was easy due to the spacious compartments. The zipper is excellent.",2025-12-07,True,0,"Excellent quality. Very satisfied! The build quality is good, Sturdy build. Packing was easy due to the spacious compartments. The zipper is excellent.",0.9484,0.48,0.0,0.52,0.6368,0.8014,0.8393,Positive
RACJBC2SWSOZCT,B590634F3D,Skybags,4,Excellent quality,"Good product, delivered on time. Color options. The weight impressed me the most. Using it regularly now - no complaints so far!",2025-05-28,True,0,"Excellent quality. Good product, delivered on time. Color options. The weight impressed me the most. Using it regularly now - no complaints so far!",0.9052,0.38,0.0,0.62,0.5542,0.6962,0.7823,Positive
RLV1XXLP8II7EW,B590634F3D,Skybags,4,Super happy,Amazing product at this price point. Color options. The material feels durable and the handle is very smooth. Recommended for frequent travelers.,2026-03-11,True,1,Super happy. Amazing product at this price point. Color options. The material feels durable and the handle is very smooth. Recommended for frequent travelers.,0.9257,0.403,0.0,0.597,0.4707,0.7033,0.7664,Positive
R8S2ZGE2J51B3J,B590634F3D,Skybags,4,Amazing value,"Five stars! Stylish design, color options, and excellent zipper. What more can you ask for at this price?",2026-03-07,True,8,"Amazing value. Five stars! Stylish design, color options, and excellent zipper. What more can you ask for at this price?",0.8805,0.375,0.0,0.625,0.6875,0.85,0.8129,Positive
RB4GF16YE0A4AB,B590634F3D,Skybags,4,Highly recommended,This is my second purchase from Skybags and they never disappoint. Spacious. The handle is even better than my previous bag.,2025-10-04,True,0,Highly recommended. This is my second purchase from Skybags and they never disappoint. Spacious. The handle is even better than my previous bag.,0.7392,0.266,0.0,0.734,0.1233,0.3017,0.5236,Positive
R6L3UEYBISBO55,B590634F3D,Skybags,5,Best luggage ever,"Very satisfied! The build quality is good, Sturdy build. Packing was easy due to the spacious compartments. The weight is excellent.",2025-10-31,True,0,"Best luggage ever. Very satisfied! The build quality is good, Sturdy build. Packing was easy due to the spacious compartments. The weight is excellent.",0.9523,0.473,0.0,0.527,0.6368,0.6847,0.8419,Positive
R61IAOIM458AX4,BE9AACBA56,Skybags,4,Very satisfied,"Good product, delivered on time. Spacious. The build quality impressed me the most. Using it regularly now - no complaints so far!",2025-11-02,False,0,"Very satisfied. Good product, delivered on time. Spacious. The build quality impressed me the most. Using it regularly now - no complaints so far!",0.8984,0.373,0.0,0.627,0.4958,0.6962,0.7575,Positive
R76SZN9DDE3CUP,BE9AACBA56,Skybags,4,Great product!,I bought this for my recent vacation and it was perfect. Sturdy build and the wheels is top notch. Skybags has done a great job with this one.,2026-02-01,True,0,Great product!. I bought this for my recent vacation and it was perfect. Sturdy build and the wheels is top notch. Skybags has done a great job with this one.,0.9324,0.35,0.0,0.65,0.66,0.65,0.8371,Positive
RLQI7E1DDQLEM1,BE9AACBA56,Skybags,4,Very satisfied,Premium feel without the premium price tag. Spacious and sturdy build. Really impressed with the compartments.,2025-08-20,True,0,Very satisfied. Premium feel without the premium price tag. Spacious and sturdy build. Really impressed with the compartments.,0.7569,0.288,0.0,0.712,0.825,1.0,0.7807,Positive
RFZ8OBK3G84UTD,BE9AACBA56,Skybags,4,Highly recommended,Using for office travel and it's perfect. Stylish design. Compact yet spacious. The lock deserves special mention.,2026-02-15,True,0,Highly recommended. Using for office travel and it's perfect. Stylish design. Compact yet spacious. The lock deserves special mention.,0.8173,0.347,0.0,0.653,0.5043,0.7779,0.7077,Positive
R3NWXUJ3AC6PE6,BE9AACBA56,Skybags,4,Love it!,Excellent luggage! Color options and stylish design. Very happy with my purchase. The wheels is really impressive. Would definitely buy again from Skybags.,2025-10-21,False,5,Love it!. Excellent luggage! Color options and stylish design. Very happy with my purchase. The wheels is really impressive. Would definitely buy again from Skybags.,0.964,0.488,0.0,0.512,0.6875,0.85,0.8672,Positive
RNPM6JQFWWXR5R,BE9AACBA56,Skybags,5,Great product!,Using for office travel and it's perfect. Spacious. Compact yet spacious. The weight deserves special mention.,2026-02-23,True,0,Great product!. Using for office travel and it's perfect. Spacious. Compact yet spacious. The weight deserves special mention.,0.8955,0.418,0.0,0.582,0.7857,0.7738,0.8571,Positive
R292MTR6SNGLH6,BE9AACBA56,Skybags,4,Super happy,Bought for my parents - they loved it! Color options and easy to maneuver. The material makes it very convenient to use.,2025-11-16,False,25,Super happy. Bought for my parents - they loved it! Color options and easy to maneuver. The material makes it very convenient to use.,0.9402,0.423,0.0,0.577,0.5283,0.72,0.796,Positive
RJ37C9H42M44GV,BE9AACBA56,Skybags,3,Decent but not great,"Average quality. Stylish design which is nice, but price for quality. Not bad for occasional trips but frequent travelers should consider spending more.",2025-04-16,True,0,"Decent but not great. Average quality. Stylish design which is nice, but price for quality. Not bad for occasional trips but frequent travelers should consider spending more.",0.465,0.208,0.124,0.668,0.1852,0.6009,0.3671,Positive
R438TGBCVARLW3,BE9AACBA56,Skybags,4,Love it!,Perfect cabin luggage! Fits all airline requirements. Color options. compartments is of great quality. Will suggest to friends.,2025-10-16,True,3,Love it!. Perfect cabin luggage! Fits all airline requirements. Color options. compartments is of great quality. Will suggest to friends.,0.9492,0.495,0.0,0.505,0.8083,0.7833,0.8999,Positive
RODKEF828XG8Y7,B6E6D088C5,Skybags,4,Must buy!,Great quality for the price. Sturdy build. Used it for my trip and it handled everything well. The compartments works smoothly. Highly recommend.,2025-10-08,True,0,Must buy!. Great quality for the price. Sturdy build. Used it for my trip and it handled everything well. The compartments works smoothly. Highly recommend.,0.8513,0.297,0.0,0.703,0.48,0.645,0.7213,Positive
RKGAZU41UGL3WX,B6E6D088C5,Skybags,4,Very satisfied,Worth every rupee! Sturdy build and spacious. Took it on a 2-week trip and came back without any scratches. Skybags quality is reliable.,2026-02-14,True,0,Very satisfied. Worth every rupee! Sturdy build and spacious. Took it on a 2-week trip and came back without any scratches. Skybags quality is reliable.,0.6771,0.195,0.0,0.805,0.3417,0.3667,0.5597,Positive
RX5QJICJDAN085,B6E6D088C5,Skybags,4,Must buy!,I bought this for my recent vacation and it was perfect. Stylish design and the compartments is top notch. Skybags has done a great job with this one.,2025-07-30,True,0,Must buy!. I bought this for my recent vacation and it was perfect. Stylish design and the compartments is top notch. Skybags has done a great job with this one.,0.8718,0.268,0.0,0.732,0.56,0.7,0.7627,Positive
R1IQ2BAJDM5FC7,B6E6D088C5,Skybags,4,Must buy!,Great quality for the price. Spacious. Used it for my trip and it handled everything well. The weight works smoothly. Highly recommend.,2026-02-20,True,12,Must buy!. Great quality for the price. Spacious. Used it for my trip and it handled everything well. The weight works smoothly. Highly recommend.,0.8513,0.307,0.0,0.693,0.48,0.645,0.7213,Positive
RFDHGZZ0JKIBU4,B6E6D088C5,Skybags,4,Best luggage ever,Bought for my parents - they loved it! Color options and easy to maneuver. The weight makes it very convenient to use.,2026-01-20,False,0,Best luggage ever. Bought for my parents - they loved it! Color options and easy to maneuver. The weight makes it very convenient to use.,0.906,0.339,0.0,0.661,0.6271,0.5583,0.8084,Positive
RAGKC4LORXDTG5,B6E6D088C5,Skybags,4,Excellent quality,Love this luggage! Spacious and stylish design. Looks premium and feels sturdy. The handle quality is really good for this price range.,2025-10-01,True,0,Excellent quality. Love this luggage! Spacious and stylish design. Looks premium and feels sturdy. The handle quality is really good for this price range.,0.9078,0.352,0.0,0.648,0.7063,0.8,0.8373,Positive
RYDMT8VT43PT5R,B6E6D088C5,Skybags,4,Very satisfied,Perfect cabin luggage! Fits all airline requirements. Stylish design. lock is of great quality. Will suggest to friends.,2025-12-09,True,0,Very satisfied. Perfect cabin luggage! Fits all airline requirements. Stylish design. lock is of great quality. Will suggest to friends.,0.9389,0.476,0.0,0.524,0.7375,0.9375,0.8684,Positive
R83EP9P9W4J66C,BA614F2B42,Skybags,4,Worth the money,Great quality for the price. Spacious. Used it for my trip and it handled everything well. The zipper works smoothly. Highly recommend.,2025-09-22,True,0,Worth the money. Great quality for the price. Spacious. Used it for my trip and it handled everything well. The zipper works smoothly. Highly recommend.,0.8718,0.342,0.0,0.658,0.42,0.4633,0.7137,Positive
RFUU8DD22555JX,BA614F2B42,Skybags,4,Best luggage ever,Very practical and well-designed. Spacious. The interiors are well-organized with multiple pockets. wheels quality is commendable.,2025-06-20,True,0,Best luggage ever. Very practical and well-designed. Spacious. The interiors are well-organized with multiple pockets. wheels quality is commendable.,0.6369,0.189,0.0,0.811,0.4,0.2,0.554,Positive
RYOO5YBRJNM2L4,BA614F2B42,Skybags,4,Fantastic purchase,Worth every rupee! Color options and spacious. Took it on a 2-week trip and came back without any scratches. Skybags quality is reliable.,2025-04-17,True,8,Fantastic purchase. Worth every rupee! Color options and spacious. Took it on a 2-week trip and came back without any scratches. Skybags quality is reliable.,0.6996,0.201,0.0,0.799,0.2583,0.3333,0.5452,Positive
RPXGH30153SFLS,BA614F2B42,Skybags,4,Very satisfied,Very practical and well-designed. Sturdy build. The interiors are well-organized with multiple pockets. build quality quality is commendable.,2026-01-29,True,0,Very satisfied. Very practical and well-designed. Sturdy build. The interiors are well-organized with multiple pockets. build quality quality is commendable.,0.4754,0.14,0.0,0.86,0.2833,0.4333,0.4082,Positive
RIQ7ZJ3SWEBNVG,BA614F2B42,Skybags,4,Great product!,I bought this for my recent vacation and it was perfect. Color options and the wheels is top notch. Skybags has done a great job with this one.,2025-08-09,True,0,Great product!. I bought this for my recent vacation and it was perfect. Color options and the wheels is top notch. Skybags has done a great job with this one.,0.9324,0.35,0.0,0.65,0.66,0.65,0.8371,Positive
RFU84XYJOA21A6,BA614F2B42,Skybags,4,Great product!,Love this luggage! Stylish design and sturdy build. Looks premium and feels sturdy. The handle quality is really good for this price range.,2025-05-12,True,2,Great product!. Love this luggage! Stylish design and sturdy build. Looks premium and feels sturdy. The handle quality is really good for this price range.,0.9198,0.354,0.0,0.646,0.7063,0.7375,0.8451,Positive
RXPNMJQY3ODSX4,BA614F2B42,Skybags,5,Very satisfied,Love this luggage! Sturdy build and spacious. Looks premium and feels sturdy. The material quality is really good for this price range.,2025-09-29,True,0,Very satisfied. Love this luggage! Sturdy build and spacious. Looks premium and feels sturdy. The material quality is really good for this price range.,0.9013,0.345,0.0,0.655,0.6583,0.7333,0.8163,Positive
RLJX8XGSIC43OL,BA614F2B42,Skybags,4,Must buy!,Great quality for the price. Sturdy build. Used it for my trip and it handled everything well. The build quality works smoothly. Highly recommend.,2026-01-27,True,0,Must buy!. Great quality for the price. Sturdy build. Used it for my trip and it handled everything well. The build quality works smoothly. Highly recommend.,0.8513,0.288,0.0,0.712,0.48,0.645,0.7213,Positive
R0U93MZYWR7MKG,BA614F2B42,Skybags,5,Best luggage ever,Love this luggage! Spacious and color options. Looks premium and feels sturdy. The lock quality is really good for this price range.,2025-05-07,True,0,Best luggage ever. Love this luggage! Spacious and color options. Looks premium and feels sturdy. The lock quality is really good for this price range.,0.9167,0.351,0.0,0.649,0.775,0.5,0.8671,Positive
RXII5P5NVQEBWU,BA614F2B42,Skybags,4,Highly recommended,"Five stars! Color options, spacious, and excellent lock. What more can you ask for at this price?",2025-05-26,False,3,"Highly recommended. Five stars! Color options, spacious, and excellent lock. What more can you ask for at this price?",0.7257,0.264,0.0,0.736,0.5667,0.68,0.67,Positive
RO5F9M969F5GCL,BA614F2B42,Skybags,4,Perfect for travel,Using for office travel and it's perfect. Spacious. Compact yet spacious. The handle deserves special mention.,2026-01-08,True,0,Perfect for travel. Using for office travel and it's perfect. Spacious. Compact yet spacious. The handle deserves special mention.,0.8779,0.387,0.0,0.613,0.7857,0.8571,0.8456,Positive
REPPPRAT0861TA,BA614F2B42,Skybags,4,Excellent quality,Perfect cabin luggage! Fits all airline requirements. Color options. zipper is of great quality. Will suggest to friends.,2026-04-06,True,0,Excellent quality. Perfect cabin luggage! Fits all airline requirements. Color options. zipper is of great quality. Will suggest to friends.,0.9422,0.482,0.0,0.518,0.9333,0.9167,0.9391,Positive
RSLCB8QSSPYE9R,BA614F2B42,Skybags,4,Best luggage ever,Love this luggage! Color options and stylish design. Looks premium and feels sturdy. The compartments quality is really good for this price range.,2026-01-02,True,3,Best luggage ever. Love this luggage! Color options and stylish design. Looks premium and feels sturdy. The compartments quality is really good for this price range.,0.9167,0.341,0.0,0.659,0.7063,0.625,0.843,Positive
RASEZ2NX1WVBD4,BA614F2B42,Skybags,4,Very satisfied,"Five stars! Color options, stylish design, and excellent material. What more can you ask for at this price?",2026-03-15,True,0,"Very satisfied. Five stars! Color options, stylish design, and excellent material. What more can you ask for at this price?",0.7955,0.282,0.0,0.718,0.7031,0.875,0.7632,Positive
RXJVE3DZEEDHHJ,BCFDA48FA6,Skybags,4,Excellent quality,Love this luggage! Spacious and sturdy build. Looks premium and feels sturdy. The wheels quality is really good for this price range.,2025-07-15,True,0,Excellent quality. Love this luggage! Spacious and sturdy build. Looks premium and feels sturdy. The wheels quality is really good for this price range.,0.9078,0.352,0.0,0.648,0.775,0.7333,0.8613,Positive
RLAY64YFDS0DJI,BCFDA48FA6,Skybags,4,Amazing value,Premium feel without the premium price tag. Color options and spacious. Really impressed with the build quality.,2025-11-08,True,0,Amazing value. Premium feel without the premium price tag. Color options and spacious. Really impressed with the build quality.,0.8622,0.375,0.0,0.625,0.8,0.95,0.8404,Positive
R2L0D1B4XGMPW5,BCFDA48FA6,Skybags,4,Highly recommended,Using for office travel and it's perfect. Stylish design. Compact yet spacious. The zipper deserves special mention.,2026-02-20,True,0,Highly recommended. Using for office travel and it's perfect. Stylish design. Compact yet spacious. The zipper deserves special mention.,0.8173,0.347,0.0,0.653,0.5043,0.7779,0.7077,Positive
R2X2EZC7FOV2YG,BCFDA48FA6,Skybags,4,Amazing value,Love this luggage! Spacious and sturdy build. Looks premium and feels sturdy. The build quality quality is really good for this price range.,2025-09-26,True,0,Amazing value. Love this luggage! Spacious and sturdy build. Looks premium and feels sturdy. The build quality quality is really good for this price range.,0.9311,0.398,0.0,0.602,0.6417,0.7,0.8298,Positive
RPCXA5S00I85SY,BCFDA48FA6,Skybags,4,Best luggage ever,This is my second purchase from Skybags and they never disappoint. Spacious. The zipper is even better than my previous bag.,2025-05-27,False,0,Best luggage ever. This is my second purchase from Skybags and they never disappoint. Spacious. The zipper is even better than my previous bag.,0.854,0.308,0.0,0.692,0.3333,0.2417,0.6718,Positive
R7SQRF1LLKSTN3,BCFDA48FA6,Skybags,4,Must buy!,I bought this for my recent vacation and it was perfect. Stylish design and the weight is top notch. Skybags has done a great job with this one.,2026-02-27,True,2,Must buy!. I bought this for my recent vacation and it was perfect. Stylish design and the weight is top notch. Skybags has done a great job with this one.,0.8718,0.268,0.0,0.732,0.56,0.7,0.7627,Positive
RERXDOUADVWKSH,BCFDA48FA6,Skybags,4,Highly recommended,Great quality for the price. Spacious. Used it for my trip and it handled everything well. The build quality works smoothly. Highly recommend.,2025-04-30,True,0,Highly recommended. Great quality for the price. Spacious. Used it for my trip and it handled everything well. The build quality works smoothly. Highly recommend.,0.8851,0.351,0.0,0.649,0.3733,0.61,0.706,Positive
RM38KSZBFFZZDV,B656A00C3F,Skybags,3,Average product,"Good for the price but has some issues. Stylish design. However, price for quality. The build quality could be better. 3/5 would buy again.",2026-01-02,False,2,"Average product. Good for the price but has some issues. Stylish design. However, price for quality. The build quality could be better. 3/5 would buy again.",0.7003,0.195,0.0,0.805,0.3875,0.625,0.5908,Positive
RDO74V1QX8ERTB,B656A00C3F,Skybags,4,Highly recommended,This is my second purchase from Skybags and they never disappoint. Color options. The material is even better than my previous bag.,2025-08-30,True,0,Highly recommended. This is my second purchase from Skybags and they never disappoint. Color options. The material is even better than my previous bag.,0.7392,0.257,0.0,0.743,0.1233,0.3017,0.5236,Positive
RXVL5PVYIOMK2E,B656A00C3F,Skybags,3,So-so,"Average quality. Color options which is nice, but slightly heavy. Not bad for occasional trips but frequent travelers should consider spending more.",2025-06-04,True,1,"So-so. Average quality. Color options which is nice, but slightly heavy. Not bad for occasional trips but frequent travelers should consider spending more.",0.6462,0.201,0.0,0.799,0.1714,0.4988,0.48,Positive
R7WHWKMY9X8SYL,B656A00C3F,Skybags,4,Very satisfied,Using for office travel and it's perfect. Sturdy build. Compact yet spacious. The lock deserves special mention.,2026-02-08,True,0,Very satisfied. Using for office travel and it's perfect. Sturdy build. Compact yet spacious. The lock deserves special mention.,0.8588,0.372,0.0,0.628,0.669,0.8571,0.7924,Positive
RDNBCJ29YFC2HT,B656A00C3F,Skybags,3,Fair product,Mixed feelings about this one. Spacious is great but slightly heavy is disappointing. Would rate it average.,2025-10-07,True,0,Fair product. Mixed feelings about this one. Spacious is great but slightly heavy is disappointing. Would rate it average.,-0.179,0.174,0.162,0.664,0.0917,0.5833,-0.0843,Neutral
R7N89LTAJW2536,B656A00C3F,Skybags,3,Average product,"Not bad, not great. Color options. But I noticed zipper stiffness after a few uses. The material started fine but degraded.",2025-04-13,True,0,"Average product. Not bad, not great. Color options. But I noticed zipper stiffness after a few uses. The material started fine but degraded.",0.0705,0.208,0.129,0.663,0.0033,0.4833,0.047,Neutral
R9C80EBKJF4AQ7,B656A00C3F,Skybags,3,Could be better,"It's okay. Sturdy build. handle wobble though. For this price range, I guess it's acceptable. The material is mediocre.",2026-03-19,True,0,"Could be better. It's okay. Sturdy build. handle wobble though. For this price range, I guess it's acceptable. The material is mediocre.",0.7269,0.272,0.0,0.728,0.1667,0.6667,0.5308,Positive
RTCZS8S2FTOM5X,B656A00C3F,Skybags,4,Fantastic purchase,Very practical and well-designed. Sturdy build. The interiors are well-organized with multiple pockets. wheels quality is commendable.,2025-10-21,True,0,Fantastic purchase. Very practical and well-designed. Sturdy build. The interiors are well-organized with multiple pockets. wheels quality is commendable.,0.5574,0.167,0.0,0.833,0.2,0.4,0.4323,Positive
R6WW8YL68NTK63,B656A00C3F,Skybags,4,Love it!,Great quality for the price. Sturdy build. Used it for my trip and it handled everything well. The wheels works smoothly. Highly recommend.,2025-09-29,True,0,Love it!. Great quality for the price. Sturdy build. Used it for my trip and it handled everything well. The wheels works smoothly. Highly recommend.,0.9258,0.391,0.0,0.609,0.5283,0.63,0.7867,Positive
RS8G8TACY15PDT,B656A00C3F,Skybags,3,Mediocre quality,"Decent product overall. Sturdy build but price for quality. The build quality is okay, nothing extraordinary. Serves its purpose for the price.",2025-04-14,True,1,"Mediocre quality. Decent product overall. Sturdy build but price for quality. The build quality is okay, nothing extraordinary. Serves its purpose for the price.",0.3291,0.093,0.0,0.907,0.1,0.6333,0.2489,Positive
RBCGJC36OQOLOE,B656A00C3F,Skybags,3,Mediocre quality,"Average quality. Stylish design which is nice, but handle wobble. Not bad for occasional trips but frequent travelers should consider spending more.",2026-04-05,True,0,"Mediocre quality. Average quality. Stylish design which is nice, but handle wobble. Not bad for occasional trips but frequent travelers should consider spending more.",0.6883,0.205,0.0,0.795,0.175,0.624,0.5086,Positive
RD2KD1POXRTEO2,B656A00C3F,Skybags,4,Super happy,"Five stars! Stylish design, sturdy build, and excellent wheels. What more can you ask for at this price?",2025-07-03,True,0,"Super happy. Five stars! Stylish design, sturdy build, and excellent wheels. What more can you ask for at this price?",0.9117,0.405,0.0,0.595,0.6667,0.8333,0.8259,Positive
RAVT8K06MOXSFH,B656A00C3F,Skybags,4,Great product!,Excellent luggage! Color options and stylish design. Very happy with my purchase. The compartments is really impressive. Would definitely buy again from Skybags.,2025-11-30,True,0,Great product!. Excellent luggage! Color options and stylish design. Very happy with my purchase. The compartments is really impressive. Would definitely buy again from Skybags.,0.9635,0.486,0.0,0.514,0.75,0.875,0.8888,Positive
RCYJHU8MYIKCGR,B656A00C3F,Skybags,5,Super happy,Using for office travel and it's perfect. Spacious. Compact yet spacious. The wheels deserves special mention.,2025-10-22,True,0,Super happy. Using for office travel and it's perfect. Spacious. Compact yet spacious. The wheels deserves special mention.,0.9325,0.5,0.0,0.5,0.6226,0.8095,0.824,Positive
RE05QMKTGV44FT,B04E7EBCC4,Skybags,4,Highly recommended,"Five stars! Spacious, color options, and excellent material. What more can you ask for at this price?",2025-11-25,True,0,"Highly recommended. Five stars! Spacious, color options, and excellent material. What more can you ask for at this price?",0.7257,0.264,0.0,0.736,0.5667,0.68,0.67,Positive
RBUOV6TT9Q1NI1,B04E7EBCC4,Skybags,4,Must buy!,Premium feel without the premium price tag. Stylish design and spacious. Really impressed with the handle.,2025-11-11,False,0,Must buy!. Premium feel without the premium price tag. Stylish design and spacious. Really impressed with the handle.,0.5697,0.178,0.0,0.822,0.75,1.0,0.6328,Positive
RFSQG8X80RMHRC,B04E7EBCC4,Skybags,4,Must buy!,Bought for my parents - they loved it! Color options and easy to maneuver. The wheels makes it very convenient to use.,2025-10-01,True,0,Must buy!. Bought for my parents - they loved it! Color options and easy to maneuver. The wheels makes it very convenient to use.,0.8118,0.251,0.0,0.749,0.5028,0.6444,0.7036,Positive
RBXD8WJ0UUNNV6,B04E7EBCC4,Skybags,4,Great product!,Worth every rupee! Spacious and color options. Took it on a 2-week trip and came back without any scratches. Skybags quality is reliable.,2026-02-28,True,0,Great product!. Worth every rupee! Spacious and color options. Took it on a 2-week trip and came back without any scratches. Skybags quality is reliable.,0.7639,0.223,0.0,0.777,0.4583,0.2833,0.657,Positive
R5A5PISKFFV3XO,B04E7EBCC4,Skybags,5,Amazing value,Using for office travel and it's perfect. Sturdy build. Compact yet spacious. The compartments deserves special mention.,2025-10-21,True,0,Amazing value. Using for office travel and it's perfect. Sturdy build. Compact yet spacious. The compartments deserves special mention.,0.9118,0.457,0.0,0.543,0.6524,0.8238,0.821,Positive
RXOIEVES6FF7SO,B04E7EBCC4,Skybags,4,Worth the money,This is my second purchase from Skybags and they never disappoint. Color options. The build quality is even better than my previous bag.,2025-06-24,True,3,Worth the money. This is my second purchase from Skybags and they never disappoint. Color options. The build quality is even better than my previous bag.,0.7234,0.235,0.0,0.765,0.1583,0.1917,0.5256,Positive
R5G3V23GXJ0MQV,B04E7EBCC4,Skybags,4,Amazing value,"Very satisfied! The build quality is good, Spacious. Packing was easy due to the spacious compartments. The handle is excellent.",2025-12-12,True,0,"Amazing value. Very satisfied! The build quality is good, Spacious. Packing was easy due to the spacious compartments. The handle is excellent.",0.9589,0.544,0.0,0.456,0.5701,0.7847,0.8228,Positive
RDRWB2SEREV361,B04E7EBCC4,Skybags,4,Fantastic purchase,"Very satisfied! The build quality is good, Spacious. Packing was easy due to the spacious compartments. The wheels is excellent.",2025-05-11,True,0,"Fantastic purchase. Very satisfied! The build quality is good, Spacious. Packing was easy due to the spacious compartments. The wheels is excellent.",0.9476,0.492,0.0,0.508,0.5368,0.7847,0.8038,Positive
RV01ZDERI4K5OG,B04E7EBCC4,Skybags,5,Highly recommended,"Very satisfied! The build quality is good, Spacious. Packing was easy due to the spacious compartments. The weight is excellent.",2025-04-10,True,0,"Highly recommended. Very satisfied! The build quality is good, Spacious. Packing was easy due to the spacious compartments. The weight is excellent.",0.9354,0.473,0.0,0.527,0.4968,0.7247,0.7819,Positive
RH2ODPVJTUW9OH,B04E7EBCC4,Skybags,4,Must buy!,Amazing product at this price point. Stylish design. The material feels durable and the handle is very smooth. Recommended for frequent travelers.,2025-06-30,True,0,Must buy!. Amazing product at this price point. Stylish design. The material feels durable and the handle is very smooth. Recommended for frequent travelers.,0.7327,0.219,0.0,0.781,0.43,0.7125,0.6268,Positive
R04X0QZFHOMTZZ,B04E7EBCC4,Skybags,4,Best luggage ever,Love this luggage! Sturdy build and spacious. Looks premium and feels sturdy. The lock quality is really good for this price range.,2026-01-16,True,0,Best luggage ever. Love this luggage! Sturdy build and spacious. Looks premium and feels sturdy. The lock quality is really good for this price range.,0.9167,0.351,0.0,0.649,0.775,0.5,0.8671,Positive
RBN9WSZV83XPHX,B9115C8EF5,Skybags,4,Fantastic purchase,"Very satisfied! The build quality is good, Sturdy build. Packing was easy due to the spacious compartments. The lock is excellent.",2025-07-17,True,0,"Fantastic purchase. Very satisfied! The build quality is good, Sturdy build. Packing was easy due to the spacious compartments. The lock is excellent.",0.9476,0.478,0.0,0.522,0.5368,0.7847,0.8038,Positive
RMX9DJOYOHAZ7T,B9115C8EF5,Skybags,4,Great product!,Perfect cabin luggage! Fits all airline requirements. Color options. material is of great quality. Will suggest to friends.,2025-06-26,True,0,Great product!. Perfect cabin luggage! Fits all airline requirements. Color options. material is of great quality. Will suggest to friends.,0.9484,0.493,0.0,0.507,0.9333,0.8333,0.9431,Positive
RUJODCK82853UY,B9115C8EF5,Skybags,4,Best luggage ever,"Very satisfied! The build quality is good, Color options. Packing was easy due to the spacious compartments. The lock is excellent.",2025-09-27,True,1,"Best luggage ever. Very satisfied! The build quality is good, Color options. Packing was easy due to the spacious compartments. The lock is excellent.",0.9523,0.473,0.0,0.527,0.6368,0.6847,0.8419,Positive
RRJN2HZ2OMTZJK,B9115C8EF5,Skybags,4,Great product!,Bought for my parents - they loved it! Spacious and easy to maneuver. The build quality makes it very convenient to use.,2025-09-16,True,2,Great product!. Bought for my parents - they loved it! Spacious and easy to maneuver. The build quality makes it very convenient to use.,0.9097,0.354,0.0,0.646,0.6271,0.6708,0.8108,Positive
RHUG07G0IIJI44,B9115C8EF5,Skybags,3,Mediocre quality,"Average quality. Spacious which is nice, but zipper stiffness. Not bad for occasional trips but frequent travelers should consider spending more.",2025-10-08,True,0,"Mediocre quality. Average quality. Spacious which is nice, but zipper stiffness. Not bad for occasional trips but frequent travelers should consider spending more.",0.6883,0.213,0.0,0.787,0.1286,0.5702,0.4924,Positive
R4NL65UJG1SO1E,B9115C8EF5,Skybags,5,Great product!,Perfect cabin luggage! Fits all airline requirements. Stylish design. build quality is of great quality. Will suggest to friends.,2025-07-13,True,0,Great product!. Perfect cabin luggage! Fits all airline requirements. Stylish design. build quality is of great quality. Will suggest to friends.,0.9484,0.478,0.0,0.522,0.825,0.875,0.9052,Positive
RAYNDN5GJJ8MGP,BC37D84A76,Skybags,4,Very satisfied,Great quality for the price. Spacious. Used it for my trip and it handled everything well. The build quality works smoothly. Highly recommend.,2025-09-06,True,0,Very satisfied. Great quality for the price. Spacious. Used it for my trip and it handled everything well. The build quality works smoothly. Highly recommend.,0.9074,0.371,0.0,0.629,0.5367,0.7633,0.7776,Positive
RIDJIPNF8F3GR9,BC37D84A76,Skybags,4,Must buy!,Perfect cabin luggage! Fits all airline requirements. Color options. zipper is of great quality. Will suggest to friends.,2025-05-21,True,1,Must buy!. Perfect cabin luggage! Fits all airline requirements. Color options. zipper is of great quality. Will suggest to friends.,0.9097,0.403,0.0,0.597,0.9,0.875,0.9063,Positive
RBDFHJ4D0JMU3M,BC37D84A76,Skybags,4,Fantastic purchase,Love this luggage! Sturdy build and spacious. Looks premium and feels sturdy. The build quality quality is really good for this price range.,2025-09-10,False,2,Fantastic purchase. Love this luggage! Sturdy build and spacious. Looks premium and feels sturdy. The build quality quality is really good for this price range.,0.9059,0.339,0.0,0.661,0.575,0.7,0.7901,Positive
RYR06NKWFG3MWU,BC37D84A76,Skybags,4,Highly recommended,Very practical and well-designed. Sturdy build. The interiors are well-organized with multiple pockets. zipper quality is commendable.,2026-03-03,False,0,Highly recommended. Very practical and well-designed. Sturdy build. The interiors are well-organized with multiple pockets. zipper quality is commendable.,0.2716,0.104,0.0,0.896,0.12,0.28,0.2185,Positive
RVO5270SQG4EIJ,BC37D84A76,Skybags,4,Perfect for travel,"Good product, delivered on time. Sturdy build. The compartments impressed me the most. Using it regularly now - no complaints so far!",2025-04-15,True,0,"Perfect for travel. Good product, delivered on time. Sturdy build. The compartments impressed me the most. Using it regularly now - no complaints so far!",0.9052,0.368,0.0,0.632,0.5542,0.6962,0.7823,Positive
RS9DWD7OI0PESG,BC37D84A76,Skybags,4,Best luggage ever,Amazing product at this price point. Stylish design. The material feels durable and the build quality is very smooth. Recommended for frequent travelers.,2026-03-22,True,2,Best luggage ever. Amazing product at this price point. Stylish design. The material feels durable and the build quality is very smooth. Recommended for frequent travelers.,0.8773,0.305,0.0,0.695,0.544,0.63,0.7606,Positive
R7TE8TVQ05PXT6,BC37D84A76,Skybags,4,Super happy,Using for office travel and it's perfect. Spacious. Compact yet spacious. The compartments deserves special mention.,2025-08-05,True,2,Super happy. Using for office travel and it's perfect. Spacious. Compact yet spacious. The compartments deserves special mention.,0.9325,0.5,0.0,0.5,0.6226,0.8095,0.824,Positive
RS1EKTYR1K12V2,BC37D84A76,Skybags,4,Great product!,I bought this for my recent vacation and it was perfect. Sturdy build and the lock is top notch. Skybags has done a great job with this one.,2025-07-02,True,0,Great product!. I bought this for my recent vacation and it was perfect. Sturdy build and the lock is top notch. Skybags has done a great job with this one.,0.9324,0.35,0.0,0.65,0.66,0.65,0.8371,Positive
R0ONJPI163YK03,BC37D84A76,Skybags,4,Very satisfied,Worth every rupee! Color options and stylish design. Took it on a 2-week trip and came back without any scratches. Skybags quality is reliable.,2025-09-09,True,0,Very satisfied. Worth every rupee! Color options and stylish design. Took it on a 2-week trip and came back without any scratches. Skybags quality is reliable.,0.6771,0.188,0.0,0.812,0.3812,0.525,0.5736,Positive
RWGABTGDJZ0IFR,BC37D84A76,Skybags,4,Very satisfied,Perfect cabin luggage! Fits all airline requirements. Spacious. build quality is of great quality. Will suggest to friends.,2025-10-15,True,1,Very satisfied. Perfect cabin luggage! Fits all airline requirements. Spacious. build quality is of great quality. Will suggest to friends.,0.9389,0.476,0.0,0.524,0.8167,0.9167,0.8961,Positive
RL48C1CQG433E1,BC37D84A76,Skybags,4,Great product!,"Good product, delivered on time. Spacious. The build quality impressed me the most. Using it regularly now - no complaints so far!",2025-12-02,True,8,"Great product!. Good product, delivered on time. Spacious. The build quality impressed me the most. Using it regularly now - no complaints so far!",0.9176,0.393,0.0,0.607,0.5542,0.6545,0.7904,Positive
R9RYLLWB7SJWH5,BC37D84A76,Skybags,4,Must buy!,This is my second purchase from Skybags and they never disappoint. Stylish design. The material is even better than my previous bag.,2025-05-02,True,0,Must buy!. This is my second purchase from Skybags and they never disappoint. Stylish design. The material is even better than my previous bag.,0.6652,0.199,0.0,0.801,0.2083,0.4167,0.5053,Positive
RVOI8UYYF1IRYM,BC37D84A76,Skybags,5,Perfect for travel,"Good product, delivered on time. Stylish design. The weight impressed me the most. Using it regularly now - no complaints so far!",2025-05-23,False,0,"Perfect for travel. Good product, delivered on time. Stylish design. The weight impressed me the most. Using it regularly now - no complaints so far!",0.9052,0.368,0.0,0.632,0.5464,0.7396,0.7796,Positive
R9212PGYME6RPK,BC37D84A76,Skybags,4,Highly recommended,I bought this for my recent vacation and it was perfect. Spacious and the handle is top notch. Skybags has done a great job with this one.,2025-04-17,True,0,Highly recommended. I bought this for my recent vacation and it was perfect. Spacious and the handle is top notch. Skybags has done a great job with this one.,0.8932,0.319,0.0,0.681,0.492,0.608,0.7528,Positive
R6TCFKJNAWNGA4,BC37D84A76,Skybags,4,Fantastic purchase,"Good product, delivered on time. Spacious. The compartments impressed me the most. Using it regularly now - no complaints so far!",2025-05-26,True,1,"Fantastic purchase. Good product, delivered on time. Spacious. The compartments impressed me the most. Using it regularly now - no complaints so far!",0.9032,0.39,0.0,0.61,0.4542,0.6795,0.746,Positive
RC4E5HRDU4XSZJ,BD33B5463E,Skybags,4,Must buy!,Great quality for the price. Stylish design. Used it for my trip and it handled everything well. The compartments works smoothly. Highly recommend.,2025-10-03,True,1,Must buy!. Great quality for the price. Stylish design. Used it for my trip and it handled everything well. The compartments works smoothly. Highly recommend.,0.8513,0.297,0.0,0.703,0.4867,0.7633,0.7237,Positive
R73QXM0632CWT0,BD33B5463E,Skybags,4,Amazing value,Premium feel without the premium price tag. Color options and spacious. Really impressed with the wheels.,2025-11-04,False,0,Amazing value. Premium feel without the premium price tag. Color options and spacious. Really impressed with the wheels.,0.8622,0.39,0.0,0.61,0.8,0.95,0.8404,Positive
RSIWG0ODWMQX5G,BD33B5463E,Skybags,4,Love it!,Amazing product at this price point. Spacious. The material feels durable and the material is very smooth. Recommended for frequent travelers.,2026-01-06,True,0,Love it!. Amazing product at this price point. Spacious. The material feels durable and the material is very smooth. Recommended for frequent travelers.,0.8852,0.341,0.0,0.659,0.4613,0.6125,0.7368,Positive
RT94OW3LITNT0M,BD33B5463E,Skybags,4,Highly recommended,Amazing product at this price point. Spacious. The material feels durable and the zipper is very smooth. Recommended for frequent travelers.,2025-08-20,True,0,Highly recommended. Amazing product at this price point. Spacious. The material feels durable and the zipper is very smooth. Recommended for frequent travelers.,0.8047,0.292,0.0,0.708,0.345,0.5975,0.6438,Positive
RKH4A3YJTU7FBM,BD33B5463E,Skybags,4,Great product!,Amazing product at this price point. Color options. The material feels durable and the wheels is very smooth. Recommended for frequent travelers.,2026-01-28,True,3,Great product!. Amazing product at this price point. Color options. The material feels durable and the wheels is very smooth. Recommended for frequent travelers.,0.8826,0.328,0.0,0.672,0.555,0.65,0.7679,Positive
RUUHCLRR6Z3DXB,BD33B5463E,Skybags,3,Okay for the price,"It's okay. Sturdy build. zipper stiffness though. For this price range, I guess it's acceptable. The material is mediocre.",2025-06-17,True,1,"Okay for the price. It's okay. Sturdy build. zipper stiffness though. For this price range, I guess it's acceptable. The material is mediocre.",0.6249,0.234,0.0,0.766,0.1667,0.6667,0.4645,Positive
RXVA1NKBTFSHB0,BD33B5463E,Skybags,4,Very satisfied,Worth every rupee! Stylish design and color options. Took it on a 2-week trip and came back without any scratches. Skybags quality is reliable.,2025-09-19,True,1,Very satisfied. Worth every rupee! Stylish design and color options. Took it on a 2-week trip and came back without any scratches. Skybags quality is reliable.,0.6771,0.188,0.0,0.812,0.3812,0.525,0.5736,Positive
RFMR0TJOPZ1RHO,BD33B5463E,Skybags,4,Best luggage ever,"Very satisfied! The build quality is good, Spacious. Packing was easy due to the spacious compartments. The handle is excellent.",2025-06-20,True,0,"Best luggage ever. Very satisfied! The build quality is good, Spacious. Packing was easy due to the spacious compartments. The handle is excellent.",0.9523,0.487,0.0,0.513,0.6368,0.6847,0.8419,Positive
R7DYPMLVAK9W9P,BD33B5463E,Skybags,4,Must buy!,Love this luggage! Spacious and color options. Looks premium and feels sturdy. The handle quality is really good for this price range.,2026-01-24,True,5,Must buy!. Love this luggage! Spacious and color options. Looks premium and feels sturdy. The handle quality is really good for this price range.,0.8392,0.266,0.0,0.734,0.6625,0.6,0.7774,Positive
R4EB8753AYEQAH,BD33B5463E,Skybags,4,Very satisfied,"Very satisfied! The build quality is good, Sturdy build. Packing was easy due to the spacious compartments. The material is excellent.",2025-07-07,True,0,"Very satisfied. Very satisfied! The build quality is good, Sturdy build. Packing was easy due to the spacious compartments. The material is excellent.",0.9455,0.474,0.0,0.526,0.5785,0.8014,0.817,Positive
R6SJCHZJQ8CXX6,BD33B5463E,Skybags,4,Fantastic purchase,"Five stars! Stylish design, sturdy build, and excellent zipper. What more can you ask for at this price?",2025-10-06,True,0,"Fantastic purchase. Five stars! Stylish design, sturdy build, and excellent zipper. What more can you ask for at this price?",0.8221,0.297,0.0,0.703,0.625,0.85,0.7531,Positive
RDL5TGSQ7AITMO,BD33B5463E,Skybags,4,Very satisfied,"Very satisfied! The build quality is good, Spacious. Packing was easy due to the spacious compartments. The weight is excellent.",2026-01-18,False,0,"Very satisfied. Very satisfied! The build quality is good, Spacious. Packing was easy due to the spacious compartments. The weight is excellent.",0.9455,0.489,0.0,0.511,0.5785,0.8014,0.817,Positive
R563BTKF6XDN8W,BD33B5463E,Skybags,4,Perfect for travel,Very practical and well-designed. Stylish design. The interiors are well-organized with multiple pockets. lock quality is commendable.,2025-05-23,True,0,Perfect for travel. Very practical and well-designed. Stylish design. The interiors are well-organized with multiple pockets. lock quality is commendable.,0.5719,0.163,0.0,0.837,0.425,0.575,0.5205,Positive
RET25LZSE99F77,B123E4A758,American Tourister,4,Must buy!,Amazing product at this price point. Smooth wheels. The material feels durable and the build quality is very smooth. Recommended for frequent travelers.,2025-10-28,False,0,Must buy!. Amazing product at this price point. Smooth wheels. The material feels durable and the build quality is very smooth. Recommended for frequent travelers.,0.7327,0.212,0.0,0.788,0.405,0.5875,0.618,Positive
R8K03W0FGEA9WV,B123E4A758,American Tourister,4,Best luggage ever,"Five stars! Excellent build quality, premium finish, and excellent zipper. What more can you ask for at this price?",2025-05-30,True,0,"Best luggage ever. Five stars! Excellent build quality, premium finish, and excellent zipper. What more can you ask for at this price?",0.9168,0.385,0.0,0.615,0.875,0.7,0.9022,Positive
RSVZN4REGB1AJO,B123E4A758,American Tourister,4,Worth the money,"Good product, delivered on time. Excellent build quality. The wheels impressed me the most. Using it regularly now - no complaints so far!",2025-04-30,True,1,"Worth the money. Good product, delivered on time. Excellent build quality. The wheels impressed me the most. Using it regularly now - no complaints so far!",0.9209,0.403,0.0,0.597,0.5179,0.611,0.7798,Positive
RLQIOB0NLW0VS5,B123E4A758,American Tourister,5,Very satisfied,Using for office travel and it's perfect. Tsa lock. Compact yet spacious. The build quality deserves special mention.,2026-03-20,True,0,Very satisfied. Using for office travel and it's perfect. Tsa lock. Compact yet spacious. The build quality deserves special mention.,0.8588,0.358,0.0,0.642,0.669,0.8571,0.7924,Positive
RBN18GP51KFK7Y,B123E4A758,American Tourister,4,Very satisfied,Premium feel without the premium price tag. Smooth wheels and TSA lock. Really impressed with the wheels.,2026-01-26,True,0,Very satisfied. Premium feel without the premium price tag. Smooth wheels and TSA lock. Really impressed with the wheels.,0.7569,0.276,0.0,0.724,0.6833,0.8333,0.7312,Positive
ROLAQ665DLXZF0,B123E4A758,American Tourister,4,Worth the money,Very practical and well-designed. Tsa lock. The interiors are well-organized with multiple pockets. zipper quality is commendable.,2026-02-21,False,0,Worth the money. Very practical and well-designed. Tsa lock. The interiors are well-organized with multiple pockets. zipper quality is commendable.,0.2263,0.091,0.0,0.909,0.1667,0.1333,0.2054,Positive
R2S8NN16UXF5GZ,B123E4A758,American Tourister,4,Very satisfied,Great quality for the price. Tsa lock. Used it for my trip and it handled everything well. The compartments works smoothly. Highly recommend.,2025-09-06,True,1,Very satisfied. Great quality for the price. Tsa lock. Used it for my trip and it handled everything well. The compartments works smoothly. Highly recommend.,0.9074,0.371,0.0,0.629,0.5367,0.7633,0.7776,Positive
RWJQ4TA5IVROCV,B123E4A758,American Tourister,4,Great product!,Great quality for the price. Smooth wheels. Used it for my trip and it handled everything well. The zipper works smoothly. Highly recommend.,2025-12-04,True,0,Great product!. Great quality for the price. Smooth wheels. Used it for my trip and it handled everything well. The zipper works smoothly. Highly recommend.,0.9244,0.389,0.0,0.611,0.59,0.635,0.8074,Positive
RXB4Y4K7BPGYVY,B123E4A758,American Tourister,4,Great product!,Excellent luggage! Smooth wheels and trusted brand. Very happy with my purchase. The material is really impressive. Would definitely buy again from American Tourister.,2025-06-08,True,0,Great product!. Excellent luggage! Smooth wheels and trusted brand. Very happy with my purchase. The material is really impressive. Would definitely buy again from American Tourister.,0.972,0.524,0.0,0.476,0.6286,0.6786,0.8518,Positive
RL6314CQE4LOHH,B123E4A758,American Tourister,5,Perfect for travel,Premium feel without the premium price tag. Excellent build quality and smooth wheels. Really impressed with the compartments.,2026-03-10,False,1,Perfect for travel. Premium feel without the premium price tag. Excellent build quality and smooth wheels. Really impressed with the compartments.,0.8955,0.375,0.0,0.625,0.85,0.875,0.8796,Positive
RVLS9MEUSWRGVZ,B123E4A758,American Tourister,4,Best luggage ever,This is my second purchase from American Tourister and they never disappoint. Tsa lock. The handle is even better than my previous bag.,2025-12-30,False,0,Best luggage ever. This is my second purchase from American Tourister and they never disappoint. Tsa lock. The handle is even better than my previous bag.,0.854,0.289,0.0,0.711,0.2667,0.1933,0.6484,Positive
RBM3HXYJCKT1EL,B123E4A758,American Tourister,4,Best luggage ever,Very practical and well-designed. Tsa lock. The interiors are well-organized with multiple pockets. material quality is commendable.,2025-09-18,True,0,Best luggage ever. Very practical and well-designed. Tsa lock. The interiors are well-organized with multiple pockets. material quality is commendable.,0.6369,0.181,0.0,0.819,0.4,0.2,0.554,Positive
R47RRBEFQ56Q37,B123E4A758,American Tourister,4,Highly recommended,Using for office travel and it's perfect. Smooth wheels. Compact yet spacious. The wheels deserves special mention.,2026-03-11,True,0,Highly recommended. Using for office travel and it's perfect. Smooth wheels. Compact yet spacious. The wheels deserves special mention.,0.8173,0.347,0.0,0.653,0.4793,0.6529,0.699,Positive
RCF4MNTFVGE2L4,B123E4A758,American Tourister,4,Highly recommended,"Very satisfied! The build quality is good, Tsa lock. Packing was easy due to the spacious compartments. The wheels is excellent.",2025-04-10,False,0,"Highly recommended. Very satisfied! The build quality is good, Tsa lock. Packing was easy due to the spacious compartments. The wheels is excellent.",0.9354,0.459,0.0,0.541,0.4968,0.7247,0.7819,Positive
R26PARSG70S1F5,B630890FAD,American Tourister,4,Great product!,I bought this for my recent vacation and it was perfect. Excellent build quality and the lock is top notch. American Tourister has done a great job with this one.,2025-07-18,True,0,Great product!. I bought this for my recent vacation and it was perfect. Excellent build quality and the lock is top notch. American Tourister has done a great job with this one.,0.9565,0.396,0.0,0.604,0.6143,0.6071,0.8367,Positive
R45L6D10A1WHHK,B630890FAD,American Tourister,4,Must buy!,Excellent luggage! Trusted brand and excellent build quality. Very happy with my purchase. The handle is really impressive. Would definitely buy again from American Tourister.,2025-07-10,True,0,Must buy!. Excellent luggage! Trusted brand and excellent build quality. Very happy with my purchase. The handle is really impressive. Would definitely buy again from American Tourister.,0.9707,0.507,0.0,0.493,0.6667,0.75,0.8643,Positive
RE8UDTTJ72UGL6,B630890FAD,American Tourister,4,Perfect for travel,Love this luggage! Smooth wheels and trusted brand. Looks premium and feels sturdy. The handle quality is really good for this price range.,2025-07-06,True,0,Perfect for travel. Love this luggage! Smooth wheels and trusted brand. Looks premium and feels sturdy. The handle quality is really good for this price range.,0.938,0.397,0.0,0.603,0.6812,0.675,0.8481,Positive
ROZ6WYQMLH13C7,B630890FAD,American Tourister,4,Best luggage ever,Worth every rupee! Excellent build quality and smooth wheels. Took it on a 2-week trip and came back without any scratches. American Tourister quality is reliable.,2025-08-13,True,0,Best luggage ever. Worth every rupee! Excellent build quality and smooth wheels. Took it on a 2-week trip and came back without any scratches. American Tourister quality is reliable.,0.8777,0.28,0.0,0.72,0.4625,0.3167,0.7324,Positive
RX1Q8F6JNG7L4L,B630890FAD,American Tourister,4,Must buy!,Great quality for the price. Premium finish. Used it for my trip and it handled everything well. The build quality works smoothly. Highly recommend.,2025-08-02,False,0,Must buy!. Great quality for the price. Premium finish. Used it for my trip and it handled everything well. The build quality works smoothly. Highly recommend.,0.8513,0.288,0.0,0.712,0.48,0.645,0.7213,Positive
RD32LX2TOOWT9N,B630890FAD,American Tourister,4,Super happy,Love this luggage! Trusted brand and smooth wheels. Looks premium and feels sturdy. The zipper quality is really good for this price range.,2025-10-16,True,0,Super happy. Love this luggage! Trusted brand and smooth wheels. Looks premium and feels sturdy. The zipper quality is really good for this price range.,0.9606,0.479,0.0,0.521,0.5717,0.6733,0.8245,Positive
RYGY0Z4EVLDQLO,B630890FAD,American Tourister,5,Super happy,Very practical and well-designed. Premium finish. The interiors are well-organized with multiple pockets. weight quality is commendable.,2025-06-06,False,2,Super happy. Very practical and well-designed. Premium finish. The interiors are well-organized with multiple pockets. weight quality is commendable.,0.8225,0.309,0.0,0.691,0.3333,0.4917,0.6513,Positive
R356WAFFTOUHYL,B630890FAD,American Tourister,4,Love it!,Bought for my parents - they loved it! Excellent build quality and easy to maneuver. The build quality makes it very convenient to use.,2025-06-21,True,0,Love it!. Bought for my parents - they loved it! Excellent build quality and easy to maneuver. The build quality makes it very convenient to use.,0.9458,0.41,0.0,0.59,0.6267,0.7067,0.8341,Positive
RA9OEKNTBZ3M55,B630890FAD,American Tourister,4,Fantastic purchase,"Five stars! Trusted brand, excellent build quality, and excellent weight. What more can you ask for at this price?",2025-12-09,True,0,"Fantastic purchase. Five stars! Trusted brand, excellent build quality, and excellent weight. What more can you ask for at this price?",0.937,0.458,0.0,0.542,0.75,0.85,0.8716,Positive
RK5EAXF5X9EE34,BE8E47B1D7,American Tourister,4,Worth the money,Using for office travel and it's perfect. Trusted brand. Compact yet spacious. The weight deserves special mention.,2025-04-17,True,0,Worth the money. Using for office travel and it's perfect. Trusted brand. Compact yet spacious. The weight deserves special mention.,0.886,0.416,0.0,0.584,0.5524,0.5571,0.7692,Positive
R3NIPAR0ZJ7UBB,BE8E47B1D7,American Tourister,4,Super happy,This is my second purchase from American Tourister and they never disappoint. Tsa lock. The zipper is even better than my previous bag.,2025-08-04,True,0,Super happy. This is my second purchase from American Tourister and they never disappoint. Tsa lock. The zipper is even better than my previous bag.,0.9146,0.378,0.0,0.622,0.2444,0.3889,0.68,Positive
RSSVIWXYYTUW6T,BE8E47B1D7,American Tourister,4,Amazing value,"Five stars! Tsa lock, trusted brand, and excellent zipper. What more can you ask for at this price?",2026-04-03,True,0,"Amazing value. Five stars! Tsa lock, trusted brand, and excellent zipper. What more can you ask for at this price?",0.923,0.454,0.0,0.546,0.75,0.8,0.8625,Positive
R82KB700UCRGB9,BE8E47B1D7,American Tourister,4,Highly recommended,Perfect cabin luggage! Fits all airline requirements. Trusted brand. build quality is of great quality. Will suggest to friends.,2025-05-24,False,0,Highly recommended. Perfect cabin luggage! Fits all airline requirements. Trusted brand. build quality is of great quality. Will suggest to friends.,0.949,0.51,0.0,0.49,0.6533,0.7633,0.8455,Positive
R4AEGVFQ3JZR25,BE8E47B1D7,American Tourister,4,Perfect for travel,Love this luggage! Smooth wheels and premium finish. Looks premium and feels sturdy. The lock quality is really good for this price range.,2025-10-15,True,8,Perfect for travel. Love this luggage! Smooth wheels and premium finish. Looks premium and feels sturdy. The lock quality is really good for this price range.,0.9078,0.331,0.0,0.669,0.6812,0.675,0.8285,Positive
RIPWH0MX1EGOK0,BE8E47B1D7,American Tourister,4,Best luggage ever,Using for office travel and it's perfect. Premium finish. Compact yet spacious. The zipper deserves special mention.,2025-07-10,True,0,Best luggage ever. Using for office travel and it's perfect. Premium finish. Compact yet spacious. The zipper deserves special mention.,0.891,0.384,0.0,0.616,0.7857,0.6238,0.8541,Positive
RY8YB7W8P74MJD,BE8E47B1D7,American Tourister,4,Best luggage ever,Excellent luggage! Trusted brand and TSA lock. Very happy with my purchase. The weight is really impressive. Would definitely buy again from American Tourister.,2025-05-08,True,0,Best luggage ever. Excellent luggage! Trusted brand and TSA lock. Very happy with my purchase. The weight is really impressive. Would definitely buy again from American Tourister.,0.9714,0.51,0.0,0.49,0.6667,0.6333,0.8647,Positive
RMYGTY3ADDQHKG,BE8E47B1D7,American Tourister,4,Super happy,"Five stars! Tsa lock, smooth wheels, and excellent material. What more can you ask for at this price?",2026-03-27,True,0,"Super happy. Five stars! Tsa lock, smooth wheels, and excellent material. What more can you ask for at this price?",0.9117,0.405,0.0,0.595,0.6467,0.7333,0.8189,Positive
RKXCQ91YY1J2JC,B751A278E1,American Tourister,4,Perfect for travel,Premium feel without the premium price tag. Excellent build quality and trusted brand. Really impressed with the zipper.,2025-09-22,True,0,Perfect for travel. Premium feel without the premium price tag. Excellent build quality and trusted brand. Really impressed with the zipper.,0.9312,0.45,0.0,0.55,1.0,1.0,0.9553,Positive
R9HOXDTPWDPJBC,B751A278E1,American Tourister,4,Amazing value,I bought this for my recent vacation and it was perfect. Premium finish and the lock is top notch. American Tourister has done a great job with this one.,2025-12-01,True,0,Amazing value. I bought this for my recent vacation and it was perfect. Premium finish and the lock is top notch. American Tourister has done a great job with this one.,0.9413,0.378,0.0,0.622,0.4833,0.5667,0.781,Positive
RFLOAZ1RO03CIN,B751A278E1,American Tourister,4,Perfect for travel,Premium feel without the premium price tag. Excellent build quality and TSA lock. Really impressed with the wheels.,2025-04-21,True,0,Perfect for travel. Premium feel without the premium price tag. Excellent build quality and TSA lock. Really impressed with the wheels.,0.8955,0.375,0.0,0.625,1.0,1.0,0.9321,Positive
RW8DT8CQ1XGBNG,B751A278E1,American Tourister,4,Great product!,"Good product, delivered on time. Trusted brand. The compartments impressed me the most. Using it regularly now - no complaints so far!",2025-04-17,True,0,"Great product!. Good product, delivered on time. Trusted brand. The compartments impressed me the most. Using it regularly now - no complaints so far!",0.9436,0.458,0.0,0.542,0.5542,0.6545,0.8073,Positive
RGZVRCTLT4Q9BC,B751A278E1,American Tourister,4,Great product!,"Five stars! Smooth wheels, trusted brand, and excellent build quality. What more can you ask for at this price?",2026-03-18,True,0,"Great product!. Five stars! Smooth wheels, trusted brand, and excellent build quality. What more can you ask for at this price?",0.9097,0.389,0.0,0.611,0.725,0.6875,0.8451,Positive
RU7BFXQ7BZEGBL,B751A278E1,American Tourister,4,Very satisfied,Bought for my parents - they loved it! Tsa lock and easy to maneuver. The build quality makes it very convenient to use.,2026-02-18,True,0,Very satisfied. Bought for my parents - they loved it! Tsa lock and easy to maneuver. The build quality makes it very convenient to use.,0.8803,0.316,0.0,0.684,0.5396,0.7333,0.761,Positive
REYTL8HBGCJ1GN,B548BF203F,American Tourister,4,Highly recommended,Worth every rupee! Trusted brand and TSA lock. Took it on a 2-week trip and came back without any scratches. American Tourister quality is reliable.,2026-01-14,True,5,Highly recommended. Worth every rupee! Trusted brand and TSA lock. Took it on a 2-week trip and came back without any scratches. American Tourister quality is reliable.,0.7693,0.242,0.0,0.758,0.1338,0.16,0.5469,Positive
RARAGDX5O31YHX,B548BF203F,American Tourister,4,Worth the money,I bought this for my recent vacation and it was perfect. Excellent build quality and the wheels is top notch. American Tourister has done a great job with this one.,2025-07-15,True,0,Worth the money. I bought this for my recent vacation and it was perfect. Excellent build quality and the wheels is top notch. American Tourister has done a great job with this one.,0.9349,0.352,0.0,0.648,0.5143,0.5143,0.7877,Positive
R3KPUG99W59SQW,B548BF203F,American Tourister,4,Must buy!,"Five stars! Premium finish, excellent build quality, and excellent zipper. What more can you ask for at this price?",2025-12-23,True,0,"Must buy!. Five stars! Premium finish, excellent build quality, and excellent zipper. What more can you ask for at this price?",0.8395,0.296,0.0,0.704,0.8333,0.8333,0.8373,Positive
RF7BNHJW6QDBTF,B548BF203F,American Tourister,4,Worth the money,Bought for my parents - they loved it! Premium finish and easy to maneuver. The zipper makes it very convenient to use.,2026-03-25,True,0,Worth the money. Bought for my parents - they loved it! Premium finish and easy to maneuver. The zipper makes it very convenient to use.,0.8398,0.29,0.0,0.71,0.4521,0.5083,0.7041,Positive
R2LD05NHQR6F7Q,B548BF203F,American Tourister,4,Love it!,Worth every rupee! Smooth wheels and premium finish. Took it on a 2-week trip and came back without any scratches. American Tourister quality is reliable.,2025-09-22,True,0,Love it!. Worth every rupee! Smooth wheels and premium finish. Took it on a 2-week trip and came back without any scratches. American Tourister quality is reliable.,0.7707,0.211,0.0,0.789,0.28,0.24,0.599,Positive
RMBUKDQP1HKF28,B548BF203F,American Tourister,4,Love it!,Bought for my parents - they loved it! Trusted brand and easy to maneuver. The material makes it very convenient to use.,2026-01-11,True,0,Love it!. Bought for my parents - they loved it! Trusted brand and easy to maneuver. The material makes it very convenient to use.,0.9401,0.423,0.0,0.577,0.5333,0.6333,0.7977,Positive
RK00ILU6VFUA9B,B548BF203F,American Tourister,4,Amazing value,Using for office travel and it's perfect. Smooth wheels. Compact yet spacious. The build quality deserves special mention.,2025-08-11,True,0,Amazing value. Using for office travel and it's perfect. Smooth wheels. Compact yet spacious. The build quality deserves special mention.,0.9118,0.441,0.0,0.559,0.5893,0.7429,0.7989,Positive
R3QIUA08EKXDRK,B548BF203F,American Tourister,4,Very satisfied,Amazing product at this price point. Premium finish. The material feels durable and the weight is very smooth. Recommended for frequent travelers.,2025-04-13,True,0,Very satisfied. Amazing product at this price point. Premium finish. The material feels durable and the weight is very smooth. Recommended for frequent travelers.,0.85,0.306,0.0,0.694,0.4675,0.7125,0.7161,Positive
RWZAWNYTK1ZWUH,B548BF203F,American Tourister,3,Mediocre quality,"Average quality. Premium finish which is nice, but heavy weight. Not bad for occasional trips but frequent travelers should consider spending more.",2025-04-23,False,3,"Mediocre quality. Average quality. Premium finish which is nice, but heavy weight. Not bad for occasional trips but frequent travelers should consider spending more.",0.6883,0.205,0.0,0.795,0.0875,0.5615,0.478,Positive
RNQBNXZU1EMTX0,B548BF203F,American Tourister,4,Excellent quality,Amazing product at this price point. Trusted brand. The material feels durable and the wheels is very smooth. Recommended for frequent travelers.,2025-06-15,True,1,Excellent quality. Amazing product at this price point. Trusted brand. The material feels durable and the wheels is very smooth. Recommended for frequent travelers.,0.9132,0.388,0.0,0.612,0.555,0.7125,0.7878,Positive
RBNQS3QT36QNYY,B548BF203F,American Tourister,4,Perfect for travel,"Good product, delivered on time. Trusted brand. The compartments impressed me the most. Using it regularly now - no complaints so far!",2026-03-06,True,3,"Perfect for travel. Good product, delivered on time. Trusted brand. The compartments impressed me the most. Using it regularly now - no complaints so far!",0.9366,0.434,0.0,0.566,0.5542,0.6962,0.8027,Positive
R8CFEFFH8AOY7R,B548BF203F,American Tourister,3,Not bad,"Good for the price but has some issues. Premium finish. However, heavy weight. The handle could be better. 3/5 would buy again.",2025-09-05,True,0,"Not bad. Good for the price but has some issues. Premium finish. However, heavy weight. The handle could be better. 3/5 would buy again.",0.6214,0.203,0.06,0.737,0.3375,0.5667,0.522,Positive
RXTTQU6L2INK4F,BD6581E74E,American Tourister,4,Fantastic purchase,Bought for my parents - they loved it! Trusted brand and easy to maneuver. The compartments makes it very convenient to use.,2025-11-14,True,0,Fantastic purchase. Bought for my parents - they loved it! Trusted brand and easy to maneuver. The compartments makes it very convenient to use.,0.9299,0.408,0.0,0.592,0.4771,0.7083,0.7714,Positive
R94YXFIBLEJGUB,BD6581E74E,American Tourister,4,Worth the money,"Five stars! Tsa lock, trusted brand, and excellent zipper. What more can you ask for at this price?",2025-10-28,True,0,"Worth the money. Five stars! Tsa lock, trusted brand, and excellent zipper. What more can you ask for at this price?",0.8398,0.333,0.0,0.667,0.625,0.5333,0.7646,Positive
R187F8TSXK6819,BD6581E74E,American Tourister,4,Amazing value,Great quality for the price. Excellent build quality. Used it for my trip and it handled everything well. The lock works smoothly. Highly recommend.,2025-05-02,False,0,Amazing value. Great quality for the price. Excellent build quality. Used it for my trip and it handled everything well. The lock works smoothly. Highly recommend.,0.9577,0.486,0.0,0.514,0.64,0.7975,0.8465,Positive
RFTLO4QDBXVH7K,BD6581E74E,American Tourister,5,Great product!,"Good product, delivered on time. Excellent build quality. The build quality impressed me the most. Using it regularly now - no complaints so far!",2026-03-28,False,2,"Great product!. Good product, delivered on time. Excellent build quality. The build quality impressed me the most. Using it regularly now - no complaints so far!",0.9489,0.442,0.0,0.558,0.6179,0.7038,0.833,Positive
RV76MF4NNKM95D,BD6581E74E,American Tourister,4,Fantastic purchase,"Very satisfied! The build quality is good, Premium finish. Packing was easy due to the spacious compartments. The weight is excellent.",2025-08-24,True,0,"Fantastic purchase. Very satisfied! The build quality is good, Premium finish. Packing was easy due to the spacious compartments. The weight is excellent.",0.9476,0.478,0.0,0.522,0.5368,0.7847,0.8038,Positive
R6FVDHR59C81DO,BD6581E74E,American Tourister,4,Very satisfied,Love this luggage! Smooth wheels and TSA lock. Looks premium and feels sturdy. The build quality quality is really good for this price range.,2025-11-20,True,0,Very satisfied. Love this luggage! Smooth wheels and TSA lock. Looks premium and feels sturdy. The build quality quality is really good for this price range.,0.9013,0.325,0.0,0.675,0.5938,0.675,0.7937,Positive
RTB34KUQAAJ84R,BD6581E74E,American Tourister,4,Perfect for travel,"Very satisfied! The build quality is good, Smooth wheels. Packing was easy due to the spacious compartments. The zipper is excellent.",2025-05-09,True,0,"Perfect for travel. Very satisfied! The build quality is good, Smooth wheels. Packing was easy due to the spacious compartments. The zipper is excellent.",0.9484,0.466,0.0,0.534,0.603,0.7583,0.8275,Positive
R1R8VNRPJY93N0,BD6581E74E,American Tourister,4,Excellent quality,This is my second purchase from American Tourister and they never disappoint. Smooth wheels. The zipper is even better than my previous bag.,2026-03-31,True,0,Excellent quality. This is my second purchase from American Tourister and they never disappoint. Smooth wheels. The zipper is even better than my previous bag.,0.8342,0.287,0.0,0.713,0.2889,0.3611,0.6433,Positive
RKXCGW1VGLL42J,BFAEB1981C,American Tourister,5,Perfect for travel,Bought for my parents - they loved it! Trusted brand and easy to maneuver. The weight makes it very convenient to use.,2025-04-16,True,0,Perfect for travel. Bought for my parents - they loved it! Trusted brand and easy to maneuver. The weight makes it very convenient to use.,0.9312,0.398,0.0,0.602,0.6271,0.7333,0.8248,Positive
RSNRM6DFHG6W3S,BFAEB1981C,American Tourister,5,Worth the money,Using for office travel and it's perfect. Smooth wheels. Compact yet spacious. The compartments deserves special mention.,2025-07-10,True,1,Worth the money. Using for office travel and it's perfect. Smooth wheels. Compact yet spacious. The compartments deserves special mention.,0.8074,0.328,0.0,0.672,0.5143,0.5429,0.7048,Positive
RMYFP9S8GK0EEY,BFAEB1981C,American Tourister,5,Amazing value,Great quality for the price. Smooth wheels. Used it for my trip and it handled everything well. The handle works smoothly. Highly recommend.,2025-04-21,True,0,Amazing value. Great quality for the price. Smooth wheels. Used it for my trip and it handled everything well. The handle works smoothly. Highly recommend.,0.9348,0.432,0.0,0.568,0.49,0.6725,0.7791,Positive
RARPHBXVQ6BKAD,BFAEB1981C,American Tourister,4,Excellent quality,Great quality for the price. Premium finish. Used it for my trip and it handled everything well. The zipper works smoothly. Highly recommend.,2026-02-04,True,0,Excellent quality. Great quality for the price. Premium finish. Used it for my trip and it handled everything well. The zipper works smoothly. Highly recommend.,0.9134,0.377,0.0,0.623,0.6533,0.7633,0.8224,Positive
R78MFS0IUDUAHG,BFAEB1981C,American Tourister,5,Very satisfied,Excellent luggage! Excellent build quality and trusted brand. Very happy with my purchase. The compartments is really impressive. Would definitely buy again from American Tourister.,2025-11-15,True,1,Very satisfied. Excellent luggage! Excellent build quality and trusted brand. Very happy with my purchase. The compartments is really impressive. Would definitely buy again from American Tourister.,0.9769,0.553,0.0,0.447,0.6643,0.7857,0.8675,Positive
R4RZGYD49PSO1L,BFAEB1981C,American Tourister,4,Super happy,"Five stars! Excellent build quality, trusted brand, and excellent wheels. What more can you ask for at this price?",2025-08-13,False,0,"Super happy. Five stars! Excellent build quality, trusted brand, and excellent wheels. What more can you ask for at this price?",0.9606,0.535,0.0,0.465,0.7667,0.8333,0.8927,Positive
RNQ0Y4IO9P4627,BFAEB1981C,American Tourister,4,Excellent quality,Great quality for the price. Trusted brand. Used it for my trip and it handled everything well. The wheels works smoothly. Highly recommend.,2025-10-02,True,25,Excellent quality. Great quality for the price. Trusted brand. Used it for my trip and it handled everything well. The wheels works smoothly. Highly recommend.,0.9412,0.441,0.0,0.559,0.6533,0.7633,0.8404,Positive
RVD79C9MV9E40K,B6E62FFB78,American Tourister,4,Very satisfied,I bought this for my recent vacation and it was perfect. Premium finish and the handle is top notch. American Tourister has done a great job with this one.,2025-06-15,True,1,Very satisfied. I bought this for my recent vacation and it was perfect. Premium finish and the handle is top notch. American Tourister has done a great job with this one.,0.9134,0.32,0.0,0.68,0.4917,0.5833,0.7658,Positive
RSFQERI7B03RAG,B6E62FFB78,American Tourister,4,Amazing value,This is my second purchase from American Tourister and they never disappoint. Tsa lock. The compartments is even better than my previous bag.,2025-06-03,True,0,Amazing value. This is my second purchase from American Tourister and they never disappoint. Tsa lock. The compartments is even better than my previous bag.,0.8849,0.351,0.0,0.649,0.1867,0.3133,0.6405,Positive
RHXRJM4T8BP6NL,B6E62FFB78,American Tourister,4,Amazing value,Very practical and well-designed. Excellent build quality. The interiors are well-organized with multiple pockets. handle quality is commendable.,2025-09-28,True,0,Amazing value. Very practical and well-designed. Excellent build quality. The interiors are well-organized with multiple pockets. handle quality is commendable.,0.872,0.368,0.0,0.632,0.45,0.55,0.7243,Positive
REZRDYXYUR4SOR,B6E62FFB78,American Tourister,4,Best luggage ever,Premium feel without the premium price tag. Smooth wheels and TSA lock. Really impressed with the lock.,2025-09-27,True,0,Best luggage ever. Premium feel without the premium price tag. Smooth wheels and TSA lock. Really impressed with the lock.,0.8221,0.297,0.0,0.703,0.8,0.6,0.8144,Positive
RB4M0A6MDMMMXI,B6E62FFB78,American Tourister,5,Fantastic purchase,"Good product, delivered on time. Excellent build quality. The lock impressed me the most. Using it regularly now - no complaints so far!",2025-05-12,True,0,"Fantastic purchase. Good product, delivered on time. Excellent build quality. The lock impressed me the most. Using it regularly now - no complaints so far!",0.9418,0.442,0.0,0.558,0.5321,0.7253,0.7984,Positive
RLQ5U6JZV9NOU3,B6E62FFB78,American Tourister,4,Super happy,"Good product, delivered on time. Smooth wheels. The handle impressed me the most. Using it regularly now - no complaints so far!",2026-02-16,True,0,"Super happy. Good product, delivered on time. Smooth wheels. The handle impressed me the most. Using it regularly now - no complaints so far!",0.9446,0.459,0.0,0.541,0.4823,0.6679,0.7828,Positive
RK8HW9C4HJKU2W,B6E62FFB78,American Tourister,4,Fantastic purchase,Amazing product at this price point. Trusted brand. The material feels durable and the build quality is very smooth. Recommended for frequent travelers.,2026-02-20,True,0,Fantastic purchase. Amazing product at this price point. Trusted brand. The material feels durable and the build quality is very smooth. Recommended for frequent travelers.,0.9114,0.375,0.0,0.625,0.405,0.6875,0.7342,Positive
RXK2PTHOWQ1GAZ,B6E62FFB78,American Tourister,4,Excellent quality,Worth every rupee! Smooth wheels and premium finish. Took it on a 2-week trip and came back without any scratches. American Tourister quality is reliable.,2026-01-03,True,0,Excellent quality. Worth every rupee! Smooth wheels and premium finish. Took it on a 2-week trip and came back without any scratches. American Tourister quality is reliable.,0.7088,0.191,0.0,0.809,0.355,0.32,0.585,Positive
R70CHQI014O46W,B6E62FFB78,American Tourister,4,Best luggage ever,Love this luggage! Tsa lock and TSA lock. Looks premium and feels sturdy. The build quality quality is really good for this price range.,2025-09-09,True,0,Best luggage ever. Love this luggage! Tsa lock and TSA lock. Looks premium and feels sturdy. The build quality quality is really good for this price range.,0.9167,0.331,0.0,0.669,0.775,0.5,0.8671,Positive
RGI3QUPXBFEJ2X,B6E62FFB78,American Tourister,4,Worth the money,Worth every rupee! Smooth wheels and excellent build quality. Took it on a 2-week trip and came back without any scratches. American Tourister quality is reliable.,2026-01-08,True,0,Worth the money. Worth every rupee! Smooth wheels and excellent build quality. Took it on a 2-week trip and came back without any scratches. American Tourister quality is reliable.,0.7777,0.231,0.0,0.769,0.3458,0.2833,0.6265,Positive
RLKC86Y5O44IUS,B6E62FFB78,American Tourister,5,Excellent quality,Very practical and well-designed. Excellent build quality. The interiors are well-organized with multiple pockets. build quality quality is commendable.,2026-02-06,True,2,Excellent quality. Very practical and well-designed. Excellent build quality. The interiors are well-organized with multiple pockets. build quality quality is commendable.,0.8126,0.28,0.0,0.72,0.55,0.575,0.7207,Positive
RE3LVO0IPFG8PJ,B6E62FFB78,American Tourister,5,Fantastic purchase,This is my second purchase from American Tourister and they never disappoint. Excellent build quality. The lock is even better than my previous bag.,2025-06-11,False,0,Fantastic purchase. This is my second purchase from American Tourister and they never disappoint. Excellent build quality. The lock is even better than my previous bag.,0.6966,0.259,0.089,0.652,0.2889,0.4278,0.5539,Positive
RY857NZ3A8V4X7,B6E62FFB78,American Tourister,4,Amazing value,"Good product, delivered on time. Tsa lock. The handle impressed me the most. Using it regularly now - no complaints so far!",2025-04-20,True,0,"Amazing value. Good product, delivered on time. Tsa lock. The handle impressed me the most. Using it regularly now - no complaints so far!",0.9294,0.437,0.0,0.563,0.4875,0.6795,0.7747,Positive
RN6O9JD3IH66W5,B6E62FFB78,American Tourister,4,Amazing value,Premium feel without the premium price tag. Excellent build quality and trusted brand. Really impressed with the compartments.,2025-05-14,True,0,Amazing value. Premium feel without the premium price tag. Excellent build quality and trusted brand. Really impressed with the compartments.,0.9468,0.522,0.0,0.478,0.8667,0.9667,0.9188,Positive
RO4Z533ZSMV30Q,B6E62FFB78,American Tourister,5,Very satisfied,Using for office travel and it's perfect. Premium finish. Compact yet spacious. The handle deserves special mention.,2026-03-25,True,0,Very satisfied. Using for office travel and it's perfect. Premium finish. Compact yet spacious. The handle deserves special mention.,0.8588,0.372,0.0,0.628,0.669,0.8571,0.7924,Positive
RZ1XEVO7Q5EGVL,BC16645A77,American Tourister,4,Super happy,Great quality for the price. Smooth wheels. Used it for my trip and it handled everything well. The handle works smoothly. Highly recommend.,2025-11-15,True,0,Super happy. Great quality for the price. Smooth wheels. Used it for my trip and it handled everything well. The handle works smoothly. Highly recommend.,0.9485,0.453,0.0,0.547,0.4987,0.6913,0.7911,Positive
R87XW69HZGOPJD,BC16645A77,American Tourister,4,Great product!,Worth every rupee! Premium finish and smooth wheels. Took it on a 2-week trip and came back without any scratches. American Tourister quality is reliable.,2025-10-02,True,0,Great product!. Worth every rupee! Premium finish and smooth wheels. Took it on a 2-week trip and came back without any scratches. American Tourister quality is reliable.,0.7639,0.208,0.0,0.792,0.355,0.27,0.6208,Positive
RZG52KRE4V9KYP,BC16645A77,American Tourister,4,Love it!,Using for office travel and it's perfect. Premium finish. Compact yet spacious. The build quality deserves special mention.,2025-09-11,True,0,Love it!. Using for office travel and it's perfect. Premium finish. Compact yet spacious. The build quality deserves special mention.,0.8977,0.391,0.0,0.609,0.6607,0.7238,0.8148,Positive
RNYQAELYYZZ0JD,BC16645A77,American Tourister,4,Love it!,"Very satisfied! The build quality is good, Tsa lock. Packing was easy due to the spacious compartments. The lock is excellent.",2026-03-09,False,5,"Love it!. Very satisfied! The build quality is good, Tsa lock. Packing was easy due to the spacious compartments. The lock is excellent.",0.9544,0.491,0.0,0.509,0.5743,0.7347,0.8214,Positive
R9YE6BGGRMQDZP,BC16645A77,American Tourister,4,Perfect for travel,Excellent luggage! Trusted brand and TSA lock. Very happy with my purchase. The wheels is really impressive. Would definitely buy again from American Tourister.,2025-11-26,False,0,Perfect for travel. Excellent luggage! Trusted brand and TSA lock. Very happy with my purchase. The wheels is really impressive. Would definitely buy again from American Tourister.,0.9696,0.504,0.0,0.496,0.6667,0.75,0.8636,Positive
RK5W1JL6L91F4X,BC16645A77,American Tourister,4,Best luggage ever,This is my second purchase from American Tourister and they never disappoint. Trusted brand. The zipper is even better than my previous bag.,2025-08-26,False,0,Best luggage ever. This is my second purchase from American Tourister and they never disappoint. Trusted brand. The zipper is even better than my previous bag.,0.7785,0.276,0.075,0.649,0.2667,0.1933,0.5994,Positive
R97BMZRR45ED5G,BC16645A77,American Tourister,4,Excellent quality,I bought this for my recent vacation and it was perfect. Premium finish and the lock is top notch. American Tourister has done a great job with this one.,2026-01-12,True,2,Excellent quality. I bought this for my recent vacation and it was perfect. Premium finish and the lock is top notch. American Tourister has done a great job with this one.,0.9231,0.33,0.0,0.67,0.55,0.5833,0.7925,Positive
R7IRDLK9EN7DLB,BC16645A77,American Tourister,4,Best luggage ever,Perfect cabin luggage! Fits all airline requirements. Excellent build quality. material is of great quality. Will suggest to friends.,2025-08-16,True,0,Best luggage ever. Perfect cabin luggage! Fits all airline requirements. Excellent build quality. material is of great quality. Will suggest to friends.,0.9642,0.529,0.0,0.471,0.95,0.7625,0.9592,Positive
R8962E52K20TVD,BC16645A77,American Tourister,3,Mediocre quality,Product looks good but size runs small. Excellent build quality saves it somewhat. Usable but don't expect premium quality at this price.,2025-11-29,True,8,Mediocre quality. Product looks good but size runs small. Excellent build quality saves it somewhat. Usable but don't expect premium quality at this price.,0.7906,0.241,0.0,0.759,0.2375,0.75,0.597,Positive
RNOX8FK2076VMD,BC16645A77,American Tourister,4,Worth the money,Great quality for the price. Excellent build quality. Used it for my trip and it handled everything well. The weight works smoothly. Highly recommend.,2025-10-02,True,0,Worth the money. Great quality for the price. Excellent build quality. Used it for my trip and it handled everything well. The weight works smoothly. Highly recommend.,0.9273,0.399,0.0,0.601,0.565,0.5975,0.8005,Positive
RGWDS9YXZ7SXDQ,BC16645A77,American Tourister,4,Fantastic purchase,Great quality for the price. Premium finish. Used it for my trip and it handled everything well. The weight works smoothly. Highly recommend.,2026-02-27,True,0,Fantastic purchase. Great quality for the price. Premium finish. Used it for my trip and it handled everything well. The weight works smoothly. Highly recommend.,0.9117,0.375,0.0,0.625,0.4533,0.73,0.7513,Positive
RCBDPDXUJJCSEX,B4693BD9F6,American Tourister,4,Super happy,Love this luggage! Tsa lock and excellent build quality. Looks premium and feels sturdy. The weight quality is really good for this price range.,2026-01-07,True,2,Super happy. Love this luggage! Tsa lock and excellent build quality. Looks premium and feels sturdy. The weight quality is really good for this price range.,0.9637,0.475,0.0,0.525,0.6917,0.7733,0.8685,Positive
RQ3M73HC9JYPAO,B4693BD9F6,American Tourister,4,Must buy!,"Good product, delivered on time. Tsa lock. The lock impressed me the most. Using it regularly now - no complaints so far!",2026-04-02,True,0,"Must buy!. Good product, delivered on time. Tsa lock. The lock impressed me the most. Using it regularly now - no complaints so far!",0.8335,0.296,0.0,0.704,0.465,0.6354,0.7045,Positive
RW9MYYOKEAEA84,B4693BD9F6,American Tourister,4,Perfect for travel,Using for office travel and it's perfect. Tsa lock. Compact yet spacious. The weight deserves special mention.,2025-12-22,True,0,Perfect for travel. Using for office travel and it's perfect. Tsa lock. Compact yet spacious. The weight deserves special mention.,0.8779,0.373,0.0,0.627,0.7857,0.8571,0.8456,Positive
RRAFFZ8Q4VHU4B,B4693BD9F6,American Tourister,4,Worth the money,Great quality for the price. Trusted brand. Used it for my trip and it handled everything well. The material works smoothly. Highly recommend.,2026-04-04,False,2,Worth the money. Great quality for the price. Trusted brand. Used it for my trip and it handled everything well. The material works smoothly. Highly recommend.,0.9184,0.4,0.0,0.6,0.42,0.4633,0.744,Positive
RRRVWY3RZTPLC6,B4693BD9F6,American Tourister,5,Great product!,Worth every rupee! Premium finish and trusted brand. Took it on a 2-week trip and came back without any scratches. American Tourister quality is reliable.,2025-09-07,True,0,Great product!. Worth every rupee! Premium finish and trusted brand. Took it on a 2-week trip and came back without any scratches. American Tourister quality is reliable.,0.8652,0.287,0.0,0.713,0.3438,0.2125,0.6827,Positive
RKGMIH6MV4XEKZ,B4693BD9F6,American Tourister,4,Worth the money,"Five stars! Premium finish, excellent build quality, and excellent build quality. What more can you ask for at this price?",2025-09-07,True,0,"Worth the money. Five stars! Premium finish, excellent build quality, and excellent build quality. What more can you ask for at this price?",0.8622,0.324,0.0,0.676,0.7188,0.65,0.812,Positive
RHYDRGFR27RIU9,B4693BD9F6,American Tourister,4,Fantastic purchase,Very practical and well-designed. Premium finish. The interiors are well-organized with multiple pockets. compartments quality is commendable.,2025-10-07,True,0,Fantastic purchase. Very practical and well-designed. Premium finish. The interiors are well-organized with multiple pockets. compartments quality is commendable.,0.5574,0.167,0.0,0.833,0.2,0.4,0.4323,Positive
REIUR9211U645V,B4693BD9F6,American Tourister,4,Best luggage ever,Very practical and well-designed. Excellent build quality. The interiors are well-organized with multiple pockets. wheels quality is commendable.,2026-02-14,True,5,Best luggage ever. Very practical and well-designed. Excellent build quality. The interiors are well-organized with multiple pockets. wheels quality is commendable.,0.836,0.294,0.0,0.706,0.55,0.4,0.7359,Positive
RDW56FKPS0DXME,BAF58A1206,American Tourister,5,Super happy,Using for office travel and it's perfect. Tsa lock. Compact yet spacious. The handle deserves special mention.,2025-12-26,True,0,Super happy. Using for office travel and it's perfect. Tsa lock. Compact yet spacious. The handle deserves special mention.,0.9325,0.483,0.0,0.517,0.6226,0.8095,0.824,Positive
RJZOWI1T2EP768,BAF58A1206,American Tourister,4,Excellent quality,"Good product, delivered on time. Trusted brand. The build quality impressed me the most. Using it regularly now - no complaints so far!",2025-07-18,True,0,"Excellent quality. Good product, delivered on time. Trusted brand. The build quality impressed me the most. Using it regularly now - no complaints so far!",0.9366,0.434,0.0,0.566,0.5542,0.6962,0.8027,Positive
R37DL9FC1XX6CW,BAF58A1206,American Tourister,4,Very satisfied,This is my second purchase from American Tourister and they never disappoint. Smooth wheels. The wheels is even better than my previous bag.,2025-05-05,True,8,Very satisfied. This is my second purchase from American Tourister and they never disappoint. Smooth wheels. The wheels is even better than my previous bag.,0.8048,0.273,0.0,0.727,0.2306,0.3611,0.6038,Positive
R36VFOX5WWPM3X,BAF58A1206,American Tourister,4,Great product!,"Five stars! Trusted brand, premium finish, and excellent lock. What more can you ask for at this price?",2025-12-28,True,0,"Great product!. Five stars! Trusted brand, premium finish, and excellent lock. What more can you ask for at this price?",0.9097,0.403,0.0,0.597,0.8333,0.75,0.883,Positive
RDTS1FB2VI109D,BAF58A1206,American Tourister,5,Love it!,Worth every rupee! Smooth wheels and premium finish. Took it on a 2-week trip and came back without any scratches. American Tourister quality is reliable.,2026-03-09,True,0,Love it!. Worth every rupee! Smooth wheels and premium finish. Took it on a 2-week trip and came back without any scratches. American Tourister quality is reliable.,0.7707,0.211,0.0,0.789,0.28,0.24,0.599,Positive
RMI0UZ7X4IKY3U,BAF58A1206,American Tourister,4,Amazing value,This is my second purchase from American Tourister and they never disappoint. Trusted brand. The handle is even better than my previous bag.,2026-01-27,True,0,Amazing value. This is my second purchase from American Tourister and they never disappoint. Trusted brand. The handle is even better than my previous bag.,0.8318,0.335,0.075,0.59,0.1867,0.3133,0.606,Positive
RDPEHCYOU25VW9,B6C585D0E9,American Tourister,4,Excellent quality,I bought this for my recent vacation and it was perfect. Premium finish and the handle is top notch. American Tourister has done a great job with this one.,2025-04-21,True,0,Excellent quality. I bought this for my recent vacation and it was perfect. Premium finish and the handle is top notch. American Tourister has done a great job with this one.,0.9231,0.33,0.0,0.67,0.55,0.5833,0.7925,Positive
RQ8STZQBFU7E4D,B6C585D0E9,American Tourister,5,Very satisfied,Amazing product at this price point. Smooth wheels. The material feels durable and the zipper is very smooth. Recommended for frequent travelers.,2025-10-01,True,0,Very satisfied. Amazing product at this price point. Smooth wheels. The material feels durable and the zipper is very smooth. Recommended for frequent travelers.,0.85,0.306,0.0,0.694,0.454,0.67,0.7114,Positive
RKR2FVB66H3REM,B6C585D0E9,American Tourister,4,Highly recommended,Great quality for the price. Trusted brand. Used it for my trip and it handled everything well. The zipper works smoothly. Highly recommend.,2026-03-17,True,0,Highly recommended. Great quality for the price. Trusted brand. Used it for my trip and it handled everything well. The zipper works smoothly. Highly recommend.,0.9255,0.42,0.0,0.58,0.3733,0.61,0.7322,Positive
RSQQQ5L2XOIOT8,B6C585D0E9,American Tourister,4,Worth the money,This is my second purchase from American Tourister and they never disappoint. Tsa lock. The weight is even better than my previous bag.,2025-08-25,True,0,Worth the money. This is my second purchase from American Tourister and they never disappoint. Tsa lock. The weight is even better than my previous bag.,0.7234,0.235,0.0,0.765,0.1267,0.1533,0.5145,Positive
RXXD8T18S1SAXT,B6C585D0E9,American Tourister,4,Super happy,"Five stars! Excellent build quality, premium finish, and excellent zipper. What more can you ask for at this price?",2026-03-30,True,0,"Super happy. Five stars! Excellent build quality, premium finish, and excellent zipper. What more can you ask for at this price?",0.9459,0.474,0.0,0.526,0.7667,0.8333,0.8832,Positive
ROB5APO4LJEDGF,B6C585D0E9,American Tourister,5,Highly recommended,Great quality for the price. Tsa lock. Used it for my trip and it handled everything well. The build quality works smoothly. Highly recommend.,2025-11-29,True,0,Highly recommended. Great quality for the price. Tsa lock. Used it for my trip and it handled everything well. The build quality works smoothly. Highly recommend.,0.8851,0.341,0.0,0.659,0.3733,0.61,0.706,Positive
R8GZKDF6J76BIV,B6C585D0E9,American Tourister,4,Fantastic purchase,Bought for my parents - they loved it! Smooth wheels and easy to maneuver. The weight makes it very convenient to use.,2025-12-08,True,1,Fantastic purchase. Bought for my parents - they loved it! Smooth wheels and easy to maneuver. The weight makes it very convenient to use.,0.8932,0.337,0.0,0.663,0.4617,0.6667,0.7422,Positive
RROI5J8YIT2KOD,B6C585D0E9,American Tourister,4,Excellent quality,"Good product, delivered on time. Premium finish. The wheels impressed me the most. Using it regularly now - no complaints so far!",2025-05-18,True,1,"Excellent quality. Good product, delivered on time. Premium finish. The wheels impressed me the most. Using it regularly now - no complaints so far!",0.9052,0.38,0.0,0.62,0.5542,0.6962,0.7823,Positive
RTP6QAQ3K8A7RV,B6C585D0E9,American Tourister,4,Love it!,"Good product, delivered on time. Tsa lock. The zipper impressed me the most. Using it regularly now - no complaints so far!",2025-04-25,True,0,"Love it!. Good product, delivered on time. Tsa lock. The zipper impressed me the most. Using it regularly now - no complaints so far!",0.9192,0.395,0.0,0.605,0.4917,0.6295,0.7696,Positive
RDZ3095HS258W9,B6C585D0E9,American Tourister,4,Perfect for travel,Excellent luggage! Smooth wheels and excellent build quality. Very happy with my purchase. The lock is really impressive. Would definitely buy again from American Tourister.,2025-04-11,True,0,Perfect for travel. Excellent luggage! Smooth wheels and excellent build quality. Very happy with my purchase. The lock is really impressive. Would definitely buy again from American Tourister.,0.9717,0.499,0.0,0.501,0.675,0.75,0.8679,Positive
R6YO6Z1T2XCB3Y,BEEAC52961,American Tourister,4,Great product!,Bought for my parents - they loved it! Excellent build quality and easy to maneuver. The zipper makes it very convenient to use.,2025-04-29,False,8,Great product!. Bought for my parents - they loved it! Excellent build quality and easy to maneuver. The zipper makes it very convenient to use.,0.9449,0.42,0.0,0.58,0.7017,0.7367,0.8598,Positive
RNGA01YZG3W3H9,BEEAC52961,American Tourister,4,Amazing value,I bought this for my recent vacation and it was perfect. Excellent build quality and the weight is top notch. American Tourister has done a great job with this one.,2025-10-05,False,0,Amazing value. I bought this for my recent vacation and it was perfect. Excellent build quality and the weight is top notch. American Tourister has done a great job with this one.,0.9612,0.429,0.0,0.571,0.5571,0.6286,0.8198,Positive
R5URTXUYUCECJU,BEEAC52961,American Tourister,5,Excellent quality,Excellent luggage! Smooth wheels and TSA lock. Very happy with my purchase. The material is really impressive. Would definitely buy again from American Tourister.,2025-12-13,True,1,Excellent quality. Excellent luggage! Smooth wheels and TSA lock. Very happy with my purchase. The material is really impressive. Would definitely buy again from American Tourister.,0.9598,0.465,0.0,0.535,0.6286,0.7143,0.8439,Positive
RY5APYX4L4OESR,BEEAC52961,American Tourister,4,Perfect for travel,"Five stars! Tsa lock, TSA lock, and excellent wheels. What more can you ask for at this price?",2025-07-18,True,3,"Perfect for travel. Five stars! Tsa lock, TSA lock, and excellent wheels. What more can you ask for at this price?",0.8268,0.288,0.0,0.712,0.8333,0.8333,0.8291,Positive
RQAHCUA09PCIFL,BEEAC52961,American Tourister,5,Super happy,Excellent luggage! Trusted brand and TSA lock. Very happy with my purchase. The material is really impressive. Would definitely buy again from American Tourister.,2025-05-23,True,0,Super happy. Excellent luggage! Trusted brand and TSA lock. Very happy with my purchase. The material is really impressive. Would definitely buy again from American Tourister.,0.9782,0.571,0.0,0.429,0.5905,0.7381,0.8425,Positive
RR833SICVPDQE9,BEEAC52961,American Tourister,4,Excellent quality,Using for office travel and it's perfect. Trusted brand. Compact yet spacious. The compartments deserves special mention.,2026-03-22,True,3,Excellent quality. Using for office travel and it's perfect. Trusted brand. Compact yet spacious. The compartments deserves special mention.,0.9217,0.468,0.0,0.532,0.7857,0.8571,0.8741,Positive
RBVPDCB4OWO52W,BEEAC52961,American Tourister,5,Amazing value,Very practical and well-designed. Smooth wheels. The interiors are well-organized with multiple pockets. handle quality is commendable.,2025-08-19,True,1,Amazing value. Very practical and well-designed. Smooth wheels. The interiors are well-organized with multiple pockets. handle quality is commendable.,0.7351,0.267,0.0,0.733,0.3,0.425,0.5828,Positive
RLGDVC2GUWJP0Q,BEEAC52961,American Tourister,5,Super happy,Bought for my parents - they loved it! Excellent build quality and easy to maneuver. The compartments makes it very convenient to use.,2025-12-05,False,0,Super happy. Bought for my parents - they loved it! Excellent build quality and easy to maneuver. The compartments makes it very convenient to use.,0.9606,0.479,0.0,0.521,0.6069,0.7667,0.8368,Positive
R81L51FLMNAVYC,BEEAC52961,American Tourister,4,Super happy,Love this luggage! Tsa lock and premium finish. Looks premium and feels sturdy. The zipper quality is really good for this price range.,2025-07-23,True,0,Super happy. Love this luggage! Tsa lock and premium finish. Looks premium and feels sturdy. The zipper quality is really good for this price range.,0.9458,0.421,0.0,0.579,0.6146,0.7167,0.8299,Positive
RGRYQY4UMKLD56,BEEAC52961,American Tourister,5,Highly recommended,Bought for my parents - they loved it! Smooth wheels and easy to maneuver. The material makes it very convenient to use.,2025-07-29,True,0,Highly recommended. Bought for my parents - they loved it! Smooth wheels and easy to maneuver. The material makes it very convenient to use.,0.8475,0.304,0.0,0.696,0.4137,0.5947,0.6957,Positive
RG9NCBEKGV1BBH,BFB409FDA5,VIP,4,Best luggage ever,Very practical and well-designed. Affordable. The interiors are well-organized with multiple pockets. compartments quality is commendable.,2026-01-09,True,0,Best luggage ever. Very practical and well-designed. Affordable. The interiors are well-organized with multiple pockets. compartments quality is commendable.,0.6369,0.189,0.0,0.811,0.4,0.2,0.554,Positive
R46AYN2D7KI3X7,BFB409FDA5,VIP,4,Worth the money,I bought this for my recent vacation and it was perfect. Good warranty and the material is top notch. VIP has done a great job with this one.,2025-05-24,True,3,Worth the money. I bought this for my recent vacation and it was perfect. Good warranty and the material is top notch. VIP has done a great job with this one.,0.9547,0.424,0.0,0.576,0.55,0.5333,0.8131,Positive
RGNNV9IBWGT2LB,BFB409FDA5,VIP,4,Love it!,Great quality for the price. Good warranty. Used it for my trip and it handled everything well. The handle works smoothly. Highly recommend.,2025-11-16,True,2,Love it!. Great quality for the price. Good warranty. Used it for my trip and it handled everything well. The handle works smoothly. Highly recommend.,0.9467,0.45,0.0,0.55,0.5713,0.6225,0.8153,Positive
RWGN51NSGZSR8R,BFB409FDA5,VIP,5,Must buy!,"Five stars! Heritage brand, lightweight, and excellent material. What more can you ask for at this price?",2025-06-15,True,5,"Must buy!. Five stars! Heritage brand, lightweight, and excellent material. What more can you ask for at this price?",0.6467,0.192,0.0,0.808,0.75,0.75,0.6829,Positive
R5OL5U7NTEDQMV,BFB409FDA5,VIP,3,Expected more,"It's okay. Good warranty. material quality though. For this price range, I guess it's acceptable. The wheels is mediocre.",2025-08-13,True,0,"Expected more. It's okay. Good warranty. material quality though. For this price range, I guess it's acceptable. The wheels is mediocre.",0.7678,0.298,0.0,0.702,0.22,0.6,0.5761,Positive
RAPJC6KSTCJIEM,BFB409FDA5,VIP,3,So-so,For the price it's acceptable. Lightweight. But outdated design is a concern. Would give it 3 stars honestly.,2025-07-03,True,0,So-so. For the price it's acceptable. Lightweight. But outdated design is a concern. Would give it 3 stars honestly.,0.6858,0.249,0.0,0.751,0.1,0.7667,0.4808,Positive
R4GVE4ZTJ1KM98,BFB409FDA5,VIP,4,Must buy!,Love this luggage! Lightweight and affordable. Looks premium and feels sturdy. The compartments quality is really good for this price range.,2025-06-16,True,0,Must buy!. Love this luggage! Lightweight and affordable. Looks premium and feels sturdy. The compartments quality is really good for this price range.,0.8392,0.275,0.0,0.725,0.6625,0.6,0.7774,Positive
RRS210Q2LG1ZHQ,BFB409FDA5,VIP,3,Decent but not great,"Not bad, not great. Good warranty. But I noticed material quality after a few uses. The zipper started fine but degraded.",2025-06-27,False,0,"Decent but not great. Not bad, not great. Good warranty. But I noticed material quality after a few uses. The zipper started fine but degraded.",-0.861,0.147,0.366,0.487,0.0905,0.5762,-0.528,Negative
RMPYO2TLA27F8L,BFB409FDA5,VIP,3,Mediocre quality,Mixed feelings about this one. Heritage brand is great but zip problems is disappointing. Would rate it average.,2025-05-21,True,3,Mediocre quality. Mixed feelings about this one. Heritage brand is great but zip problems is disappointing. Would rate it average.,-0.743,0.093,0.286,0.62,-0.09,0.62,-0.5144,Negative
RNRL8XKGYG3VAH,BFB409FDA5,VIP,3,Fair product,"It's okay. Affordable. wheel breakage though. For this price range, I guess it's acceptable. The weight is mediocre.",2025-09-23,True,0,"Fair product. It's okay. Affordable. wheel breakage though. For this price range, I guess it's acceptable. The weight is mediocre.",0.6705,0.277,0.0,0.723,0.2333,0.8,0.5175,Positive
RAL6O9EP0O6H5L,BFB409FDA5,VIP,3,Fair product,For the price it's acceptable. Heritage brand. But outdated design is a concern. Would give it 3 stars honestly.,2025-04-10,True,0,Fair product. For the price it's acceptable. Heritage brand. But outdated design is a concern. Would give it 3 stars honestly.,0.743,0.289,0.0,0.711,0.3,0.8111,0.5879,Positive
R9Q3VILURQBDX7,BFB409FDA5,VIP,3,Average product,For the price it's acceptable. Lightweight. But material quality is a concern. Would give it 3 stars honestly.,2025-10-13,True,1,Average product. For the price it's acceptable. Lightweight. But material quality is a concern. Would give it 3 stars honestly.,0.6858,0.239,0.0,0.761,0.225,0.65,0.5245,Positive
R6GUO8I5JWK6Z0,BC7C7CF70F,VIP,4,Best luggage ever,I bought this for my recent vacation and it was perfect. Affordable and the material is top notch. VIP has done a great job with this one.,2025-12-18,True,0,Best luggage ever. I bought this for my recent vacation and it was perfect. Affordable and the material is top notch. VIP has done a great job with this one.,0.9574,0.416,0.0,0.584,0.66,0.56,0.8533,Positive
ROFHBAWYQMOGBJ,BC7C7CF70F,VIP,4,Highly recommended,Great quality for the price. Heritage brand. Used it for my trip and it handled everything well. The compartments works smoothly. Highly recommend.,2025-04-10,True,0,Highly recommended. Great quality for the price. Heritage brand. Used it for my trip and it handled everything well. The compartments works smoothly. Highly recommend.,0.8851,0.351,0.0,0.649,0.3733,0.61,0.706,Positive
RTI8F34GADKTOC,BC7C7CF70F,VIP,4,Excellent quality,This is my second purchase from VIP and they never disappoint. Affordable. The build quality is even better than my previous bag.,2026-04-03,True,0,Excellent quality. This is my second purchase from VIP and they never disappoint. Affordable. The build quality is even better than my previous bag.,0.9168,0.392,0.0,0.608,0.3333,0.4167,0.7126,Positive
RBWSXXDYPVBNHI,BC7C7CF70F,VIP,4,Very satisfied,Premium feel without the premium price tag. Good warranty and lightweight. Really impressed with the wheels.,2025-12-07,True,0,Very satisfied. Premium feel without the premium price tag. Good warranty and lightweight. Really impressed with the wheels.,0.855,0.385,0.0,0.615,0.7833,0.8667,0.8299,Positive
RYH523GGODLUGH,BC7C7CF70F,VIP,4,Must buy!,Excellent luggage! Lightweight and heritage brand. Very happy with my purchase. The wheels is really impressive. Would definitely buy again from VIP.,2025-07-05,True,0,Must buy!. Excellent luggage! Lightweight and heritage brand. Very happy with my purchase. The wheels is really impressive. Would definitely buy again from VIP.,0.9631,0.498,0.0,0.502,0.75,0.875,0.8885,Positive
RLOQC3XNCHKV9D,BC7C7CF70F,VIP,4,Must buy!,I bought this for my recent vacation and it was perfect. Heritage brand and the compartments is top notch. VIP has done a great job with this one.,2025-07-08,True,5,Must buy!. I bought this for my recent vacation and it was perfect. Heritage brand and the compartments is top notch. VIP has done a great job with this one.,0.9316,0.349,0.0,0.651,0.575,0.625,0.8068,Positive
R9ZY9YLW5L4RMV,BC7C7CF70F,VIP,4,Highly recommended,Love this luggage! Heritage brand and affordable. Looks premium and feels sturdy. The zipper quality is really good for this price range.,2025-06-13,True,0,Highly recommended. Love this luggage! Heritage brand and affordable. Looks premium and feels sturdy. The zipper quality is really good for this price range.,0.8766,0.324,0.0,0.676,0.495,0.58,0.743,Positive
RCNKFHB7V80LKX,BF71293BB8,VIP,3,Okay for the price,"It's okay. Affordable. material quality though. For this price range, I guess it's acceptable. The lock is mediocre.",2026-03-19,True,8,"Okay for the price. It's okay. Affordable. material quality though. For this price range, I guess it's acceptable. The lock is mediocre.",0.6249,0.243,0.0,0.757,0.1667,0.6667,0.4645,Positive
RIT6XIYZVNLPA5,BF71293BB8,VIP,3,Mediocre quality,"Decent product overall. Good warranty but outdated design. The lock is okay, nothing extraordinary. Serves its purpose for the price.",2026-03-04,True,0,"Mediocre quality. Decent product overall. Good warranty but outdated design. The lock is okay, nothing extraordinary. Serves its purpose for the price.",0.5106,0.177,0.0,0.823,0.1143,0.6286,0.3719,Positive
R37IC0LZIGIKQW,BF71293BB8,VIP,5,Super happy,Great quality for the price. Good warranty. Used it for my trip and it handled everything well. The zipper works smoothly. Highly recommend.,2025-11-20,True,0,Super happy. Great quality for the price. Good warranty. Used it for my trip and it handled everything well. The zipper works smoothly. Highly recommend.,0.9612,0.506,0.0,0.494,0.5587,0.7113,0.8203,Positive
RPS0132AN417VF,BF71293BB8,VIP,4,Amazing value,Worth every rupee! Affordable and heritage brand. Took it on a 2-week trip and came back without any scratches. VIP quality is reliable.,2026-01-09,True,0,Amazing value. Worth every rupee! Affordable and heritage brand. Took it on a 2-week trip and came back without any scratches. VIP quality is reliable.,0.6307,0.257,0.099,0.643,0.325,0.3333,0.5237,Positive
RQFGAS0R778NRX,BF71293BB8,VIP,4,Very satisfied,Great quality for the price. Lightweight. Used it for my trip and it handled everything well. The build quality works smoothly. Highly recommend.,2025-06-11,False,3,Very satisfied. Great quality for the price. Lightweight. Used it for my trip and it handled everything well. The build quality works smoothly. Highly recommend.,0.9074,0.371,0.0,0.629,0.5367,0.7633,0.7776,Positive
R811MZWNCNPIR7,BF71293BB8,VIP,4,Best luggage ever,Worth every rupee! Good warranty and heritage brand. Took it on a 2-week trip and came back without any scratches. VIP quality is reliable.,2025-10-05,True,0,Best luggage ever. Worth every rupee! Good warranty and heritage brand. Took it on a 2-week trip and came back without any scratches. VIP quality is reliable.,0.7225,0.261,0.091,0.647,0.5188,0.25,0.6512,Positive
RJV84A1X7OV6SG,BF71293BB8,VIP,4,Worth the money,Perfect cabin luggage! Fits all airline requirements. Affordable. lock is of great quality. Will suggest to friends.,2025-09-04,True,0,Worth the money. Perfect cabin luggage! Fits all airline requirements. Affordable. lock is of great quality. Will suggest to friends.,0.92,0.45,0.0,0.55,0.7,0.6167,0.843,Positive
RDU23JH0ZAGRD1,BF71293BB8,VIP,3,Okay for the price,"Not bad, not great. Lightweight. But I noticed zip problems after a few uses. The lock started fine but degraded.",2025-09-07,True,0,"Okay for the price. Not bad, not great. Lightweight. But I noticed zip problems after a few uses. The lock started fine but degraded.",-0.4265,0.227,0.222,0.551,0.1333,0.5033,-0.2306,Negative
RCG1J6OWW5FKNJ,B43D1B648A,VIP,3,Decent but not great,For the price it's acceptable. Good warranty. But material quality is a concern. Would give it 3 stars honestly.,2025-10-15,False,0,Decent but not great. For the price it's acceptable. Good warranty. But material quality is a concern. Would give it 3 stars honestly.,0.7476,0.315,0.13,0.555,0.2667,0.7292,0.5793,Positive
RJ8X2BH2NS8JR1,B43D1B648A,VIP,4,Great product!,Bought for my parents - they loved it! Heritage brand and easy to maneuver. The build quality makes it very convenient to use.,2025-06-03,True,0,Great product!. Bought for my parents - they loved it! Heritage brand and easy to maneuver. The build quality makes it very convenient to use.,0.9097,0.343,0.0,0.657,0.6271,0.6708,0.8108,Positive
RCMLDQZ05EV5KZ,B43D1B648A,VIP,5,Fantastic purchase,"Good product, delivered on time. Affordable. The material impressed me the most. Using it regularly now - no complaints so far!",2025-12-02,True,0,"Fantastic purchase. Good product, delivered on time. Affordable. The material impressed me the most. Using it regularly now - no complaints so far!",0.9032,0.39,0.0,0.61,0.4542,0.6795,0.746,Positive
RAMB3LPVOWCP77,B43D1B648A,VIP,3,Mediocre quality,"Not bad, not great. Good warranty. But I noticed wheel breakage after a few uses. The build quality started fine but degraded.",2025-05-06,True,3,"Mediocre quality. Not bad, not great. Good warranty. But I noticed wheel breakage after a few uses. The build quality started fine but degraded.",-0.1101,0.197,0.178,0.625,0.0611,0.6028,-0.0502,Neutral
R2ZBRD399Q68RT,B43D1B648A,VIP,4,Fantastic purchase,"Five stars! Good warranty, affordable, and excellent material. What more can you ask for at this price?",2025-12-05,True,1,"Fantastic purchase. Five stars! Good warranty, affordable, and excellent material. What more can you ask for at this price?",0.8883,0.396,0.0,0.604,0.675,0.75,0.8136,Positive
R7LNKZX8YX7WR2,B43D1B648A,VIP,3,Could be better,"Good for the price but has some issues. Affordable. However, wheel breakage. The handle could be better. 3/5 would buy again.",2025-10-20,True,5,"Could be better. Good for the price but has some issues. Affordable. However, wheel breakage. The handle could be better. 3/5 would buy again.",0.775,0.27,0.0,0.73,0.5667,0.5333,0.7021,Positive
R28PIJKEMVG7UE,B43D1B648A,VIP,4,Must buy!,Worth every rupee! Affordable and lightweight. Took it on a 2-week trip and came back without any scratches. VIP quality is reliable.,2025-10-30,True,0,Must buy!. Worth every rupee! Affordable and lightweight. Took it on a 2-week trip and came back without any scratches. VIP quality is reliable.,-0.4457,0.069,0.138,0.793,0.1875,0.05,-0.2241,Negative
ROTQF74RQVFX2Z,B8A987173E,VIP,3,Okay for the price,Product looks good but material quality. Good warranty saves it somewhat. Usable but don't expect premium quality at this price.,2025-06-06,True,0,Okay for the price. Product looks good but material quality. Good warranty saves it somewhat. Usable but don't expect premium quality at this price.,0.7391,0.257,0.0,0.743,0.6333,0.5667,0.7021,Positive
RZN9L3H03ZB5GR,B8A987173E,VIP,4,Perfect for travel,Bought for my parents - they loved it! Good warranty and easy to maneuver. The build quality makes it very convenient to use.,2025-09-20,True,2,Perfect for travel. Bought for my parents - they loved it! Good warranty and easy to maneuver. The build quality makes it very convenient to use.,0.9286,0.384,0.0,0.616,0.6417,0.7067,0.8282,Positive
RY91OTKZH4OE1U,B8A987173E,VIP,3,So-so,"Decent product overall. Affordable but outdated design. The zipper is okay, nothing extraordinary. Serves its purpose for the price.",2026-03-12,True,1,"So-so. Decent product overall. Affordable but outdated design. The zipper is okay, nothing extraordinary. Serves its purpose for the price.",0.3291,0.11,0.0,0.89,0.12,0.56,0.2559,Positive
RH2HXN4D24N9YG,B8A987173E,VIP,4,Worth the money,This is my second purchase from VIP and they never disappoint. Affordable. The zipper is even better than my previous bag.,2026-03-11,False,8,Worth the money. This is my second purchase from VIP and they never disappoint. Affordable. The zipper is even better than my previous bag.,0.8776,0.357,0.0,0.643,0.1583,0.1917,0.6259,Positive
RMPF0IEOKVG019,B8A987173E,VIP,4,Must buy!,Excellent luggage! Heritage brand and affordable. Very happy with my purchase. The zipper is really impressive. Would definitely buy again from VIP.,2025-04-30,True,1,Must buy!. Excellent luggage! Heritage brand and affordable. Very happy with my purchase. The zipper is really impressive. Would definitely buy again from VIP.,0.9631,0.498,0.0,0.502,0.75,0.875,0.8885,Positive
RECRYSAUUJ02GR,B8A987173E,VIP,4,Great product!,Bought for my parents - they loved it! Affordable and easy to maneuver. The lock makes it very convenient to use.,2025-05-13,True,0,Great product!. Bought for my parents - they loved it! Affordable and easy to maneuver. The lock makes it very convenient to use.,0.9097,0.365,0.0,0.635,0.6271,0.6708,0.8108,Positive
RG3AUT3RSVZ2E1,B8A987173E,VIP,3,Fair product,"Good for the price but has some issues. Lightweight. However, wheel breakage. The zipper could be better. 3/5 would buy again.",2025-05-06,True,0,"Fair product. Good for the price but has some issues. Lightweight. However, wheel breakage. The zipper could be better. 3/5 would buy again.",0.7543,0.271,0.0,0.729,0.6333,0.6667,0.712,Positive
REHFU4B9SNTP8A,B8A987173E,VIP,4,Great product!,Very practical and well-designed. Lightweight. The interiors are well-organized with multiple pockets. build quality quality is commendable.,2025-11-06,False,5,Great product!. Very practical and well-designed. Lightweight. The interiors are well-organized with multiple pockets. build quality quality is commendable.,0.6588,0.196,0.0,0.804,0.4,0.35,0.5682,Positive
RRL69VSYXBBF4H,B8A987173E,VIP,4,Fantastic purchase,Bought for my parents - they loved it! Affordable and easy to maneuver. The lock makes it very convenient to use.,2026-01-30,True,0,Fantastic purchase. Bought for my parents - they loved it! Affordable and easy to maneuver. The lock makes it very convenient to use.,0.8932,0.348,0.0,0.652,0.4771,0.7083,0.7476,Positive
RXFQ8Y7FHWJWXZ,B8A987173E,VIP,4,Best luggage ever,Great quality for the price. Lightweight. Used it for my trip and it handled everything well. The weight works smoothly. Highly recommend.,2025-06-24,True,2,Best luggage ever. Great quality for the price. Lightweight. Used it for my trip and it handled everything well. The weight works smoothly. Highly recommend.,0.9216,0.386,0.0,0.614,0.6533,0.53,0.8277,Positive
RN8IJTYOLD62F2,B8A987173E,VIP,4,Best luggage ever,Worth every rupee! Good warranty and lightweight. Took it on a 2-week trip and came back without any scratches. VIP quality is reliable.,2025-11-19,False,0,Best luggage ever. Worth every rupee! Good warranty and lightweight. Took it on a 2-week trip and came back without any scratches. VIP quality is reliable.,0.7225,0.269,0.094,0.637,0.5188,0.25,0.6512,Positive
RJDBL1G3Y2T5OV,B410407D7D,VIP,3,Fair product,"Good for the price but has some issues. Lightweight. However, outdated design. The build quality could be better. 3/5 would buy again.",2025-11-27,False,0,"Fair product. Good for the price but has some issues. Lightweight. However, outdated design. The build quality could be better. 3/5 would buy again.",0.7543,0.262,0.0,0.738,0.375,0.6583,0.6215,Positive
RUJ7XN1YPQPMQK,B410407D7D,VIP,4,Best luggage ever,Bought for my parents - they loved it! Good warranty and easy to maneuver. The zipper makes it very convenient to use.,2025-09-01,True,1,Best luggage ever. Bought for my parents - they loved it! Good warranty and easy to maneuver. The zipper makes it very convenient to use.,0.9348,0.403,0.0,0.597,0.6417,0.5667,0.8322,Positive
RWCIDUDK73A8Y7,B410407D7D,VIP,4,Excellent quality,Love this luggage! Affordable and good warranty. Looks premium and feels sturdy. The handle quality is really good for this price range.,2026-01-29,True,0,Excellent quality. Love this luggage! Affordable and good warranty. Looks premium and feels sturdy. The handle quality is really good for this price range.,0.9358,0.417,0.0,0.583,0.7563,0.7,0.873,Positive
R60ZZ0I0835TVV,B410407D7D,VIP,4,Love it!,Worth every rupee! Heritage brand and affordable. Took it on a 2-week trip and came back without any scratches. VIP quality is reliable.,2026-01-12,True,3,Love it!. Worth every rupee! Heritage brand and affordable. Took it on a 2-week trip and came back without any scratches. VIP quality is reliable.,0.533,0.209,0.102,0.689,0.3333,0.2333,0.4631,Positive
R8PNNE6IT1EKKH,B410407D7D,VIP,4,Highly recommended,"Good product, delivered on time. Good warranty. The handle impressed me the most. Using it regularly now - no complaints so far!",2025-05-20,True,0,"Highly recommended. Good product, delivered on time. Good warranty. The handle impressed me the most. Using it regularly now - no complaints so far!",0.9156,0.421,0.0,0.579,0.455,0.6167,0.7544,Positive
R4CAQKDM0OAPHT,B410407D7D,VIP,4,Fantastic purchase,Premium feel without the premium price tag. Heritage brand and lightweight. Really impressed with the lock.,2026-01-20,True,3,Fantastic purchase. Premium feel without the premium price tag. Heritage brand and lightweight. Really impressed with the lock.,0.7902,0.304,0.0,0.696,0.7,0.95,0.7586,Positive
RFMPM5HGBO06FH,B3FF5E6DD0,VIP,3,Expected more,Mixed feelings about this one. Heritage brand is great but zip problems is disappointing. Would rate it average.,2025-08-06,True,12,Expected more. Mixed feelings about this one. Heritage brand is great but zip problems is disappointing. Would rate it average.,-0.743,0.093,0.286,0.62,0.075,0.5,-0.4567,Negative
R2ZL15S74NDDAF,B3FF5E6DD0,VIP,4,Amazing value,Worth every rupee! Affordable and lightweight. Took it on a 2-week trip and came back without any scratches. VIP quality is reliable.,2025-07-26,False,0,Amazing value. Worth every rupee! Affordable and lightweight. Took it on a 2-week trip and came back without any scratches. VIP quality is reliable.,0.6307,0.265,0.103,0.632,0.325,0.3333,0.5237,Positive
RKR1IFSI159I3H,B3FF5E6DD0,VIP,4,Amazing value,Perfect cabin luggage! Fits all airline requirements. Heritage brand. weight is of great quality. Will suggest to friends.,2025-04-12,True,0,Amazing value. Perfect cabin luggage! Fits all airline requirements. Heritage brand. weight is of great quality. Will suggest to friends.,0.9545,0.537,0.0,0.463,0.8,0.8833,0.9004,Positive
REB97PWDBOLWIM,B3FF5E6DD0,VIP,4,Excellent quality,"Very satisfied! The build quality is good, Good warranty. Packing was easy due to the spacious compartments. The zipper is excellent.",2025-08-06,False,0,"Excellent quality. Very satisfied! The build quality is good, Good warranty. Packing was easy due to the spacious compartments. The zipper is excellent.",0.9611,0.534,0.0,0.466,0.6458,0.7726,0.8508,Positive
RI6GAXLKKVPJRM,B3FF5E6DD0,VIP,4,Best luggage ever,Love this luggage! Lightweight and affordable. Looks premium and feels sturdy. The compartments quality is really good for this price range.,2026-02-10,False,0,Best luggage ever. Love this luggage! Lightweight and affordable. Looks premium and feels sturdy. The compartments quality is really good for this price range.,0.9167,0.361,0.0,0.639,0.775,0.5,0.8671,Positive
R0VVIJVDDWVB85,B3FF5E6DD0,VIP,4,Highly recommended,"Good product, delivered on time. Lightweight. The zipper impressed me the most. Using it regularly now - no complaints so far!",2026-01-01,True,0,"Highly recommended. Good product, delivered on time. Lightweight. The zipper impressed me the most. Using it regularly now - no complaints so far!",0.8727,0.365,0.0,0.635,0.4142,0.6195,0.7122,Positive
RZBGTJ54696QZ6,B3FF5E6DD0,VIP,5,Super happy,Love this luggage! Affordable and heritage brand. Looks premium and feels sturdy. The compartments quality is really good for this price range.,2026-03-05,True,0,Super happy. Love this luggage! Affordable and heritage brand. Looks premium and feels sturdy. The compartments quality is really good for this price range.,0.9458,0.433,0.0,0.567,0.6146,0.7167,0.8299,Positive
RK8C9G3RTSCPSU,B3FF5E6DD0,VIP,4,Worth the money,I bought this for my recent vacation and it was perfect. Lightweight and the wheels is top notch. VIP has done a great job with this one.,2025-09-21,True,0,Worth the money. I bought this for my recent vacation and it was perfect. Lightweight and the wheels is top notch. VIP has done a great job with this one.,0.9386,0.383,0.0,0.617,0.52,0.52,0.7921,Positive
RSZJ4KJEITKX7J,B3FF5E6DD0,VIP,4,Amazing value,Perfect cabin luggage! Fits all airline requirements. Heritage brand. material is of great quality. Will suggest to friends.,2026-01-30,True,1,Amazing value. Perfect cabin luggage! Fits all airline requirements. Heritage brand. material is of great quality. Will suggest to friends.,0.9545,0.537,0.0,0.463,0.8,0.8833,0.9004,Positive
RAMVNCZTZOWLC3,B3FF5E6DD0,VIP,4,Excellent quality,Using for office travel and it's perfect. Good warranty. Compact yet spacious. The material deserves special mention.,2025-10-08,True,8,Excellent quality. Using for office travel and it's perfect. Good warranty. Compact yet spacious. The material deserves special mention.,0.9186,0.464,0.0,0.536,0.7643,0.7929,0.8646,Positive
R5WT3HJU31FI0N,B3FF5E6DD0,VIP,4,Perfect for travel,"Five stars! Affordable, lightweight, and excellent handle. What more can you ask for at this price?",2025-08-06,False,0,"Perfect for travel. Five stars! Affordable, lightweight, and excellent handle. What more can you ask for at this price?",0.8268,0.312,0.0,0.688,0.8333,0.8333,0.8291,Positive
RR0XAFGOVCCI68,B3FF5E6DD0,VIP,5,Fantastic purchase,Using for office travel and it's perfect. Good warranty. Compact yet spacious. The zipper deserves special mention.,2026-02-16,True,0,Fantastic purchase. Using for office travel and it's perfect. Good warranty. Compact yet spacious. The zipper deserves special mention.,0.9169,0.462,0.0,0.538,0.6143,0.7679,0.811,Positive
RFWA88D0MZHRUP,BED2962697,VIP,4,Perfect for travel,I bought this for my recent vacation and it was perfect. Good warranty and the wheels is top notch. VIP has done a great job with this one.,2026-01-15,True,0,Perfect for travel. I bought this for my recent vacation and it was perfect. Good warranty and the wheels is top notch. VIP has done a great job with this one.,0.9649,0.447,0.0,0.553,0.6667,0.6833,0.8605,Positive
R3DKS4F6APFXI5,BED2962697,VIP,3,Average product,"Decent product overall. Lightweight but wheel breakage. The material is okay, nothing extraordinary. Serves its purpose for the price.",2025-09-24,True,1,"Average product. Decent product overall. Lightweight but wheel breakage. The material is okay, nothing extraordinary. Serves its purpose for the price.",0.3291,0.105,0.0,0.895,0.17,0.5133,0.2734,Positive
RCMM7DBFPMGP6Y,BED2962697,VIP,4,Highly recommended,"Very satisfied! The build quality is good, Heritage brand. Packing was easy due to the spacious compartments. The handle is excellent.",2025-05-24,True,0,"Highly recommended. Very satisfied! The build quality is good, Heritage brand. Packing was easy due to the spacious compartments. The handle is excellent.",0.9354,0.459,0.0,0.541,0.4968,0.7247,0.7819,Positive
R3ZCA7FXLOZ2RC,BED2962697,VIP,3,Not bad,Mixed feelings about this one. Affordable is great but outdated design is disappointing. Would rate it average.,2025-06-17,True,1,Not bad. Mixed feelings about this one. Affordable is great but outdated design is disappointing. Would rate it average.,-0.2083,0.181,0.174,0.646,-0.0,0.5667,-0.1354,Neutral
RRR9VWE77NTTRT,BED2962697,VIP,4,Highly recommended,I bought this for my recent vacation and it was perfect. Affordable and the zipper is top notch. VIP has done a great job with this one.,2025-12-12,True,0,Highly recommended. I bought this for my recent vacation and it was perfect. Affordable and the zipper is top notch. VIP has done a great job with this one.,0.9406,0.396,0.0,0.604,0.492,0.608,0.7836,Positive
RIA9AU87CM453K,BED2962697,VIP,4,Excellent quality,Amazing product at this price point. Good warranty. The material feels durable and the weight is very smooth. Recommended for frequent travelers.,2026-01-25,True,0,Excellent quality. Amazing product at this price point. Good warranty. The material feels durable and the weight is very smooth. Recommended for frequent travelers.,0.9096,0.384,0.0,0.616,0.584,0.69,0.7956,Positive
RNZXC45BNCCU3F,B058CA466A,VIP,4,Best luggage ever,"Five stars! Heritage brand, affordable, and excellent weight. What more can you ask for at this price?",2026-01-05,True,0,"Best luggage ever. Five stars! Heritage brand, affordable, and excellent weight. What more can you ask for at this price?",0.8478,0.313,0.0,0.687,0.8333,0.6,0.8427,Positive
R2ZKF5B1SA3Y5T,B058CA466A,VIP,3,Expected more,For the price it's acceptable. Affordable. But outdated design is a concern. Would give it 3 stars honestly.,2025-11-27,True,0,Expected more. For the price it's acceptable. Affordable. But outdated design is a concern. Would give it 3 stars honestly.,0.6858,0.239,0.0,0.761,0.15,0.6083,0.4983,Positive
R9EHWHG0U43QLX,B058CA466A,VIP,4,Best luggage ever,Love this luggage! Heritage brand and affordable. Looks premium and feels sturdy. The zipper quality is really good for this price range.,2025-09-26,True,2,Best luggage ever. Love this luggage! Heritage brand and affordable. Looks premium and feels sturdy. The zipper quality is really good for this price range.,0.9167,0.351,0.0,0.649,0.775,0.5,0.8671,Positive
RCV4BKTCV1LTWB,B058CA466A,VIP,3,Okay for the price,"It's okay. Lightweight. wheel breakage though. For this price range, I guess it's acceptable. The weight is mediocre.",2025-11-22,False,0,"Okay for the price. It's okay. Lightweight. wheel breakage though. For this price range, I guess it's acceptable. The weight is mediocre.",0.6249,0.243,0.0,0.757,0.1667,0.6667,0.4645,Positive
R7AMKOH109ZDO0,B058CA466A,VIP,5,Excellent quality,Excellent luggage! Heritage brand and lightweight. Very happy with my purchase. The build quality is really impressive. Would definitely buy again from VIP.,2026-02-16,True,1,Excellent quality. Excellent luggage! Heritage brand and lightweight. Very happy with my purchase. The build quality is really impressive. Would definitely buy again from VIP.,0.9728,0.54,0.0,0.46,0.8,0.9,0.9123,Positive
R5BFYCW8IHYFZ9,B058CA466A,VIP,4,Fantastic purchase,Perfect cabin luggage! Fits all airline requirements. Affordable. wheels is of great quality. Will suggest to friends.,2025-07-26,True,1,Fantastic purchase. Perfect cabin luggage! Fits all airline requirements. Affordable. wheels is of great quality. Will suggest to friends.,0.9412,0.497,0.0,0.503,0.7333,0.8833,0.8684,Positive
RM4P61NHVCFWR2,B058CA466A,VIP,3,Not bad,For the price it's acceptable. Good warranty. But outdated design is a concern. Would give it 3 stars honestly.,2026-01-25,True,0,Not bad. For the price it's acceptable. Good warranty. But outdated design is a concern. Would give it 3 stars honestly.,0.8188,0.359,0.0,0.641,0.3125,0.7,0.6416,Positive
RCZQ991P778RNK,B1BF83D3D2,VIP,3,Okay for the price,Mixed feelings about this one. Lightweight is great but outdated design is disappointing. Would rate it average.,2025-09-11,True,3,Okay for the price. Mixed feelings about this one. Lightweight is great but outdated design is disappointing. Would rate it average.,-0.3182,0.152,0.163,0.684,0.025,0.5389,-0.1981,Negative
RSJ5YWX0I3A4KF,B1BF83D3D2,VIP,4,Best luggage ever,"Good product, delivered on time. Heritage brand. The compartments impressed me the most. Using it regularly now - no complaints so far!",2025-09-16,True,0,"Best luggage ever. Good product, delivered on time. Heritage brand. The compartments impressed me the most. Using it regularly now - no complaints so far!",0.9144,0.378,0.0,0.622,0.5542,0.5795,0.7883,Positive
RQT3DGD8OPOCMV,B1BF83D3D2,VIP,4,Amazing value,Bought for my parents - they loved it! Heritage brand and easy to maneuver. The build quality makes it very convenient to use.,2025-12-21,True,0,Amazing value. Bought for my parents - they loved it! Heritage brand and easy to maneuver. The build quality makes it very convenient to use.,0.923,0.388,0.0,0.612,0.5271,0.7083,0.7844,Positive
RLBVN7NPRB58YJ,B1BF83D3D2,VIP,4,Love it!,This is my second purchase from VIP and they never disappoint. Good warranty. The zipper is even better than my previous bag.,2025-05-18,True,0,Love it!. This is my second purchase from VIP and they never disappoint. Good warranty. The zipper is even better than my previous bag.,0.9057,0.39,0.069,0.541,0.3317,0.3733,0.7048,Positive
RQPH6GB6P8KH7R,B1BF83D3D2,VIP,4,Very satisfied,Worth every rupee! Heritage brand and lightweight. Took it on a 2-week trip and came back without any scratches. VIP quality is reliable.,2025-07-08,True,0,Very satisfied. Worth every rupee! Heritage brand and lightweight. Took it on a 2-week trip and came back without any scratches. VIP quality is reliable.,0.3224,0.181,0.105,0.714,0.3417,0.3667,0.3291,Positive
RH0UFX3030A67R,B1BF83D3D2,VIP,4,Fantastic purchase,Using for office travel and it's perfect. Heritage brand. Compact yet spacious. The weight deserves special mention.,2025-10-28,False,8,Fantastic purchase. Using for office travel and it's perfect. Heritage brand. Compact yet spacious. The weight deserves special mention.,0.875,0.385,0.0,0.615,0.5857,0.8238,0.7737,Positive
RWXUB0GZ1VHHGY,B1BF83D3D2,VIP,3,Could be better,Mixed feelings about this one. Heritage brand is great but zip problems is disappointing. Would rate it average.,2026-04-01,True,0,Could be better. Mixed feelings about this one. Heritage brand is great but zip problems is disappointing. Would rate it average.,-0.6542,0.153,0.267,0.579,0.11,0.52,-0.3867,Negative
ROM3P9M7QNTFPK,B1BF83D3D2,VIP,4,Amazing value,"Five stars! Affordable, lightweight, and excellent handle. What more can you ask for at this price?",2025-05-06,True,0,"Amazing value. Five stars! Affordable, lightweight, and excellent handle. What more can you ask for at this price?",0.8805,0.405,0.0,0.595,0.75,0.8,0.8348,Positive
RDA7D0WTWS3Y4H,B1BF83D3D2,VIP,4,Excellent quality,"Five stars! Heritage brand, good warranty, and excellent lock. What more can you ask for at this price?",2025-08-19,True,0,"Excellent quality. Five stars! Heritage brand, good warranty, and excellent lock. What more can you ask for at this price?",0.8908,0.384,0.0,0.616,0.8,0.775,0.859,Positive
RK5J42OI6OAFN3,B145916CFD,VIP,5,Super happy,Excellent luggage! Lightweight and heritage brand. Very happy with my purchase. The weight is really impressive. Would definitely buy again from VIP.,2025-06-05,True,0,Super happy. Excellent luggage! Lightweight and heritage brand. Very happy with my purchase. The weight is really impressive. Would definitely buy again from VIP.,0.9802,0.606,0.0,0.394,0.6889,0.8611,0.8782,Positive
RX32UEW9G6SPD2,B145916CFD,VIP,4,Fantastic purchase,"Very satisfied! The build quality is good, Affordable. Packing was easy due to the spacious compartments. The weight is excellent.",2025-07-24,False,0,"Fantastic purchase. Very satisfied! The build quality is good, Affordable. Packing was easy due to the spacious compartments. The weight is excellent.",0.9476,0.492,0.0,0.508,0.5368,0.7847,0.8038,Positive
RDPWVBZ7CN0EQW,B145916CFD,VIP,3,Okay for the price,"Average quality. Lightweight which is nice, but material quality. Not bad for occasional trips but frequent travelers should consider spending more.",2025-10-07,True,0,"Okay for the price. Average quality. Lightweight which is nice, but material quality. Not bad for occasional trips but frequent travelers should consider spending more.",0.729,0.245,0.0,0.755,0.2714,0.4988,0.5688,Positive
R03NJBCFA95D7E,B145916CFD,VIP,4,Love it!,Love this luggage! Good warranty and affordable. Looks premium and feels sturdy. The material quality is really good for this price range.,2026-01-26,True,3,Love it!. Love this luggage! Good warranty and affordable. Looks premium and feels sturdy. The material quality is really good for this price range.,0.944,0.43,0.0,0.57,0.6625,0.6,0.8455,Positive
RRAC8CYNL63GAG,B145916CFD,VIP,4,Excellent quality,Premium feel without the premium price tag. Good warranty and lightweight. Really impressed with the compartments.,2025-06-22,True,2,Excellent quality. Premium feel without the premium price tag. Good warranty and lightweight. Really impressed with the compartments.,0.8748,0.4,0.0,0.6,0.9,0.8667,0.8836,Positive
RVASJEVTS1HN6B,B145916CFD,VIP,4,Fantastic purchase,"Good product, delivered on time. Lightweight. The handle impressed me the most. Using it regularly now - no complaints so far!",2026-01-28,True,1,"Fantastic purchase. Good product, delivered on time. Lightweight. The handle impressed me the most. Using it regularly now - no complaints so far!",0.9032,0.39,0.0,0.61,0.4542,0.6795,0.746,Positive
RTK0RSOGGY5KOV,B145916CFD,VIP,4,Very satisfied,"Very satisfied! The build quality is good, Heritage brand. Packing was easy due to the spacious compartments. The build quality is excellent.",2025-06-12,True,1,"Very satisfied. Very satisfied! The build quality is good, Heritage brand. Packing was easy due to the spacious compartments. The build quality is excellent.",0.9455,0.461,0.0,0.539,0.5785,0.8014,0.817,Positive
R03WVPUNWCGBSV,B145916CFD,VIP,4,Fantastic purchase,Worth every rupee! Affordable and good warranty. Took it on a 2-week trip and came back without any scratches. VIP quality is reliable.,2025-11-09,True,3,Fantastic purchase. Worth every rupee! Affordable and good warranty. Took it on a 2-week trip and came back without any scratches. VIP quality is reliable.,0.6649,0.264,0.099,0.638,0.3688,0.4,0.5612,Positive
RPGIHNFLAYZHUL,B145916CFD,VIP,5,Highly recommended,Excellent luggage! Heritage brand and good warranty. Very happy with my purchase. The weight is really impressive. Would definitely buy again from VIP.,2025-12-10,True,0,Highly recommended. Excellent luggage! Heritage brand and good warranty. Very happy with my purchase. The weight is really impressive. Would definitely buy again from VIP.,0.9746,0.57,0.0,0.43,0.6433,0.7733,0.8587,Positive
RKV54C6P1LLH2R,B145916CFD,VIP,4,Super happy,Amazing product at this price point. Good warranty. The material feels durable and the material is very smooth. Recommended for frequent travelers.,2025-11-19,True,0,Super happy. Amazing product at this price point. Good warranty. The material feels durable and the material is very smooth. Recommended for frequent travelers.,0.9467,0.463,0.0,0.537,0.5089,0.6861,0.7935,Positive
RX496K4O67BXCD,B145916CFD,VIP,4,Great product!,"Very satisfied! The build quality is good, Heritage brand. Packing was easy due to the spacious compartments. The weight is excellent.",2025-09-08,True,0,"Great product!. Very satisfied! The build quality is good, Heritage brand. Packing was easy due to the spacious compartments. The weight is excellent.",0.9537,0.49,0.0,0.51,0.6368,0.7597,0.8428,Positive
RRBK9RX647DI3E,B145916CFD,VIP,4,Highly recommended,Worth every rupee! Heritage brand and affordable. Took it on a 2-week trip and came back without any scratches. VIP quality is reliable.,2025-10-25,True,1,Highly recommended. Worth every rupee! Heritage brand and affordable. Took it on a 2-week trip and came back without any scratches. VIP quality is reliable.,0.0821,0.153,0.109,0.738,0.1783,0.2133,0.1158,Neutral
R8CLW3JGEQE515,BEEDDE4936,Aristocrat,5,Great product!,Love this luggage! Most affordable and basic functionality. Looks premium and feels sturdy. The wheels quality is really good for this price range.,2025-09-09,True,0,Great product!. Love this luggage! Most affordable and basic functionality. Looks premium and feels sturdy. The wheels quality is really good for this price range.,0.9198,0.354,0.0,0.646,0.565,0.515,0.7956,Positive
R9L0IJKCU5X0HC,BEEDDE4936,Aristocrat,4,Amazing value,Perfect cabin luggage! Fits all airline requirements. Simple design. material is of great quality. Will suggest to friends.,2025-07-29,False,0,Amazing value. Perfect cabin luggage! Fits all airline requirements. Simple design. material is of great quality. Will suggest to friends.,0.9545,0.537,0.0,0.463,0.6,0.7518,0.8304,Positive
R31SL7ZX4DE7NQ,BEEDDE4936,Aristocrat,4,Love it!,This is my second purchase from Aristocrat and they never disappoint. Most affordable. The material is even better than my previous bag.,2025-05-26,True,1,Love it!. This is my second purchase from Aristocrat and they never disappoint. Most affordable. The material is even better than my previous bag.,0.8641,0.315,0.0,0.685,0.2917,0.3533,0.6637,Positive
RY8UDQDDAQJRTM,BEEDDE4936,Aristocrat,5,Worth the money,Great quality for the price. Lightweight. Used it for my trip and it handled everything well. The material works smoothly. Highly recommend.,2026-02-07,True,0,Worth the money. Great quality for the price. Lightweight. Used it for my trip and it handled everything well. The material works smoothly. Highly recommend.,0.8718,0.342,0.0,0.658,0.42,0.4633,0.7137,Positive
RJDX0PKOVTRPYX,BEEDDE4936,Aristocrat,4,Amazing value,Amazing product at this price point. Lightweight. The material feels durable and the weight is very smooth. Recommended for frequent travelers.,2026-02-11,True,0,Amazing value. Amazing product at this price point. Lightweight. The material feels durable and the weight is very smooth. Recommended for frequent travelers.,0.9017,0.389,0.0,0.611,0.455,0.6875,0.7454,Positive
RTJ5ZOOH3YRGHW,BEEDDE4936,Aristocrat,4,Excellent quality,Perfect cabin luggage! Fits all airline requirements. Lightweight. wheels is of great quality. Will suggest to friends.,2025-04-12,True,1,Excellent quality. Perfect cabin luggage! Fits all airline requirements. Lightweight. wheels is of great quality. Will suggest to friends.,0.9422,0.498,0.0,0.502,0.9333,0.9167,0.9391,Positive
RGYFLQ8XPA95G1,BEEDDE4936,Aristocrat,4,Love it!,"Five stars! Lightweight, simple design, and excellent build quality. What more can you ask for at this price?",2026-04-04,True,8,"Love it!. Five stars! Lightweight, simple design, and excellent build quality. What more can you ask for at this price?",0.8585,0.32,0.0,0.68,0.5703,0.6143,0.7576,Positive
RBAYKIS11D2MRM,BEEDDE4936,Aristocrat,4,Excellent quality,This is my second purchase from Aristocrat and they never disappoint. Basic functionality. The wheels is even better than my previous bag.,2025-07-03,True,0,Excellent quality. This is my second purchase from Aristocrat and they never disappoint. Basic functionality. The wheels is even better than my previous bag.,0.8342,0.297,0.0,0.703,0.2667,0.3583,0.6356,Positive
R46VEY0A94XFRI,BEEDDE4936,Aristocrat,4,Must buy!,Love this luggage! Lightweight and simple design. Looks premium and feels sturdy. The compartments quality is really good for this price range.,2025-04-17,True,0,Must buy!. Love this luggage! Lightweight and simple design. Looks premium and feels sturdy. The compartments quality is really good for this price range.,0.8392,0.266,0.0,0.734,0.4417,0.519,0.7001,Positive
R85Y6Q8SJY5OP9,BEEDDE4936,Aristocrat,4,Excellent quality,"Very satisfied! The build quality is good, Simple design. Packing was easy due to the spacious compartments. The handle is excellent.",2025-11-01,True,0,"Excellent quality. Very satisfied! The build quality is good, Simple design. Packing was easy due to the spacious compartments. The handle is excellent.",0.9484,0.48,0.0,0.52,0.5458,0.7379,0.8075,Positive
RF8WXKK2ABKVBL,B942B5AE28,Aristocrat,4,Must buy!,This is my second purchase from Aristocrat and they never disappoint. Basic functionality. The wheels is even better than my previous bag.,2025-08-31,True,2,Must buy!. This is my second purchase from Aristocrat and they never disappoint. Basic functionality. The wheels is even better than my previous bag.,0.6652,0.199,0.0,0.801,0.0833,0.1979,0.4615,Positive
R2S8U8ZF0P7KB7,B942B5AE28,Aristocrat,3,Not bad,Mixed feelings about this one. Basic functionality is great but cheap material feel is disappointing. Would rate it average.,2025-12-02,True,0,Not bad. Mixed feelings about this one. Basic functionality is great but cheap material feel is disappointing. Would rate it average.,-0.2083,0.167,0.161,0.672,0.1143,0.5131,-0.0954,Neutral
RGP52F1JOHKK7Q,B942B5AE28,Aristocrat,3,Not bad,Mixed feelings about this one. Lightweight is great but zipper failure is disappointing. Would rate it average.,2026-01-05,True,3,Not bad. Mixed feelings about this one. Lightweight is great but zipper failure is disappointing. Would rate it average.,-0.7411,0.159,0.31,0.531,0.0139,0.5111,-0.4769,Negative
RYSYMMQ8Q6A1DF,B942B5AE28,Aristocrat,4,Amazing value,Great quality for the price. Basic functionality. Used it for my trip and it handled everything well. The weight works smoothly. Highly recommend.,2025-11-05,True,0,Amazing value. Great quality for the price. Basic functionality. Used it for my trip and it handled everything well. The weight works smoothly. Highly recommend.,0.9348,0.432,0.0,0.568,0.39,0.5787,0.7441,Positive
RYQ1S4DJ9DV3UY,B942B5AE28,Aristocrat,3,So-so,"Decent product overall. Simple design but wheel quality. The lock is okay, nothing extraordinary. Serves its purpose for the price.",2026-03-08,False,0,"So-so. Decent product overall. Simple design but wheel quality. The lock is okay, nothing extraordinary. Serves its purpose for the price.",0.3291,0.105,0.0,0.895,0.2,0.5048,0.2839,Positive
RU8E6XFWZ73WHC,B942B5AE28,Aristocrat,4,Worth the money,"Five stars! Basic functionality, simple design, and excellent wheels. What more can you ask for at this price?",2026-01-20,True,0,"Worth the money. Five stars! Basic functionality, simple design, and excellent wheels. What more can you ask for at this price?",0.7088,0.237,0.0,0.763,0.375,0.4164,0.592,Positive
R7KRGI4JWPXEFA,B942B5AE28,Aristocrat,4,Great product!,Excellent luggage! Simple design and basic functionality. Very happy with my purchase. The build quality is really impressive. Would definitely buy again from Aristocrat.,2026-01-26,True,0,Great product!. Excellent luggage! Simple design and basic functionality. Very happy with my purchase. The build quality is really impressive. Would definitely buy again from Aristocrat.,0.9635,0.474,0.0,0.526,0.5714,0.676,0.8263,Positive
RKY8RYOZDPPBQU,B942B5AE28,Aristocrat,4,Amazing value,Amazing product at this price point. Basic functionality. The material feels durable and the zipper is very smooth. Recommended for frequent travelers.,2026-04-03,True,0,Amazing value. Amazing product at this price point. Basic functionality. The material feels durable and the zipper is very smooth. Recommended for frequent travelers.,0.9017,0.377,0.0,0.623,0.364,0.575,0.7135,Positive
R5QAFS4H6SSGFX,B942B5AE28,Aristocrat,3,Expected more,"Decent product overall. Lightweight but wheel quality. The build quality is okay, nothing extraordinary. Serves its purpose for the price.",2025-06-24,True,1,"Expected more. Decent product overall. Lightweight but wheel quality. The build quality is okay, nothing extraordinary. Serves its purpose for the price.",0.3291,0.101,0.0,0.899,0.2333,0.5111,0.2956,Positive
R6XNQXU71SEL8M,B942B5AE28,Aristocrat,3,Okay for the price,Mixed feelings about this one. Lightweight is great but handle issues is disappointing. Would rate it average.,2025-05-27,True,0,Okay for the price. Mixed feelings about this one. Lightweight is great but handle issues is disappointing. Would rate it average.,-0.3182,0.152,0.163,0.684,0.11,0.52,-0.1683,Negative
RR1930I6G61PCW,B942B5AE28,Aristocrat,5,Must buy!,Great quality for the price. Most affordable. Used it for my trip and it handled everything well. The material works smoothly. Highly recommend.,2026-02-09,False,1,Must buy!. Great quality for the price. Most affordable. Used it for my trip and it handled everything well. The material works smoothly. Highly recommend.,0.8513,0.297,0.0,0.703,0.4867,0.5967,0.7237,Positive
R47LZN9UHJPKHF,B942B5AE28,Aristocrat,4,Must buy!,Very practical and well-designed. Lightweight. The interiors are well-organized with multiple pockets. build quality quality is commendable.,2025-07-12,True,0,Must buy!. Very practical and well-designed. Lightweight. The interiors are well-organized with multiple pockets. build quality quality is commendable.,0.0,0.0,0.0,1.0,0.1,0.15,0.035,Neutral
RMOTCG06XR3URM,B942B5AE28,Aristocrat,3,Average product,"It's okay. Most affordable. wheel quality though. For this price range, I guess it's acceptable. The handle is mediocre.",2025-05-27,True,2,"Average product. It's okay. Most affordable. wheel quality though. For this price range, I guess it's acceptable. The handle is mediocre.",0.4939,0.181,0.0,0.819,0.0875,0.6,0.3517,Positive
R5UESDRBTA3K3O,B942B5AE28,Aristocrat,4,Best luggage ever,This is my second purchase from Aristocrat and they never disappoint. Simple design. The handle is even better than my previous bag.,2025-10-07,False,3,Best luggage ever. This is my second purchase from Aristocrat and they never disappoint. Simple design. The handle is even better than my previous bag.,0.854,0.298,0.0,0.702,0.2667,0.2648,0.6484,Positive
RBPH5CH3L16CR3,BB53BAB1B9,Aristocrat,3,Average product,"Good for the price but has some issues. Simple design. However, cheap material feel. The wheels could be better. 3/5 would buy again.",2025-06-24,True,1,"Average product. Good for the price but has some issues. Simple design. However, cheap material feel. The wheels could be better. 3/5 would buy again.",0.7003,0.201,0.0,0.799,0.29,0.5114,0.5567,Positive
R075RE0DRIMR25,BB53BAB1B9,Aristocrat,4,Fantastic purchase,"Good product, delivered on time. Most affordable. The wheels impressed me the most. Using it regularly now - no complaints so far!",2025-12-13,False,0,"Fantastic purchase. Good product, delivered on time. Most affordable. The wheels impressed me the most. Using it regularly now - no complaints so far!",0.9032,0.378,0.0,0.622,0.4607,0.6538,0.7483,Positive
RB1ZPPEP69NGPC,BB53BAB1B9,Aristocrat,4,Amazing value,Bought for my parents - they loved it! Most affordable and easy to maneuver. The weight makes it very convenient to use.,2025-12-11,False,0,Amazing value. Bought for my parents - they loved it! Most affordable and easy to maneuver. The weight makes it very convenient to use.,0.9268,0.404,0.0,0.596,0.5217,0.6667,0.785,Positive
RCEGBMXIKVRECJ,BB53BAB1B9,Aristocrat,3,Average product,"Decent product overall. Most affordable but wheel quality. The weight is okay, nothing extraordinary. Serves its purpose for the price.",2025-07-04,True,1,"Average product. Decent product overall. Most affordable but wheel quality. The weight is okay, nothing extraordinary. Serves its purpose for the price.",0.3291,0.101,0.0,0.899,0.225,0.5111,0.2927,Positive
RKXSJZSB6ZWKHE,BB53BAB1B9,Aristocrat,4,Super happy,This is my second purchase from Aristocrat and they never disappoint. Lightweight. The material is even better than my previous bag.,2025-07-16,True,1,Super happy. This is my second purchase from Aristocrat and they never disappoint. Lightweight. The material is even better than my previous bag.,0.9146,0.402,0.0,0.598,0.2933,0.4667,0.6972,Positive
R9ZXQERBKN3DKV,BB53BAB1B9,Aristocrat,3,Average product,"Good for the price but has some issues. Lightweight. However, wheel quality. The material could be better. 3/5 would buy again.",2025-07-29,False,0,"Average product. Good for the price but has some issues. Lightweight. However, wheel quality. The material could be better. 3/5 would buy again.",0.7003,0.216,0.0,0.784,0.35,0.5,0.5777,Positive
RXB1761M3J1HA0,BB53BAB1B9,Aristocrat,3,Average product,"Average quality. Simple design which is nice, but zipper failure. Not bad for occasional trips but frequent travelers should consider spending more.",2025-05-25,True,0,"Average product. Average quality. Simple design which is nice, but zipper failure. Not bad for occasional trips but frequent travelers should consider spending more.",0.058,0.182,0.143,0.675,0.1037,0.4499,0.074,Neutral
R87K9TPZ1J8Q9I,BB53BAB1B9,Aristocrat,4,Best luggage ever,Very practical and well-designed. Most affordable. The interiors are well-organized with multiple pockets. wheels quality is commendable.,2026-04-01,True,0,Best luggage ever. Very practical and well-designed. Most affordable. The interiors are well-organized with multiple pockets. wheels quality is commendable.,0.6369,0.181,0.0,0.819,0.425,0.275,0.5627,Positive
RNX23VEULJGQPQ,BB53BAB1B9,Aristocrat,3,Not bad,Product looks good but poor durability. Simple design saves it somewhat. Usable but don't expect premium quality at this price.,2025-10-07,True,2,Not bad. Product looks good but poor durability. Simple design saves it somewhat. Usable but don't expect premium quality at this price.,-0.3127,0.143,0.154,0.703,0.1625,0.556,-0.1464,Neutral
RJVLCG1J5EWFWB,BB53BAB1B9,Aristocrat,5,Excellent quality,Worth every rupee! Most affordable and simple design. Took it on a 2-week trip and came back without any scratches. Aristocrat quality is reliable.,2026-02-09,True,0,Excellent quality. Worth every rupee! Most affordable and simple design. Took it on a 2-week trip and came back without any scratches. Aristocrat quality is reliable.,0.7088,0.197,0.0,0.803,0.375,0.3914,0.592,Positive
R9A44TBIDSECHU,BB53BAB1B9,Aristocrat,3,Not bad,"Decent product overall. Basic functionality but poor durability. The compartments is okay, nothing extraordinary. Serves its purpose for the price.",2025-04-25,True,0,"Not bad. Decent product overall. Basic functionality but poor durability. The compartments is okay, nothing extraordinary. Serves its purpose for the price.",-0.2204,0.156,0.151,0.693,0.1357,0.5083,-0.0958,Neutral
R2MOXQ9WFB76AV,BB53BAB1B9,Aristocrat,4,Fantastic purchase,I bought this for my recent vacation and it was perfect. Most affordable and the lock is top notch. Aristocrat has done a great job with this one.,2025-10-30,True,1,Fantastic purchase. I bought this for my recent vacation and it was perfect. Most affordable and the lock is top notch. Aristocrat has done a great job with this one.,0.9217,0.337,0.0,0.663,0.5333,0.65,0.7858,Positive
RXF1X889U9W0TE,BB53BAB1B9,Aristocrat,3,Average product,"It's okay. Simple design. zipper failure though. For this price range, I guess it's acceptable. The compartments is mediocre.",2025-07-12,True,0,"Average product. It's okay. Simple design. zipper failure though. For this price range, I guess it's acceptable. The compartments is mediocre.",-0.0258,0.165,0.129,0.706,-0.0933,0.5114,-0.0494,Neutral
RQ0EI05NMS6XVQ,BA5DCD1573,Aristocrat,4,Love it!,"Good product, delivered on time. Basic functionality. The material impressed me the most. Using it regularly now - no complaints so far!",2025-09-06,True,2,"Love it!. Good product, delivered on time. Basic functionality. The material impressed me the most. Using it regularly now - no complaints so far!",0.9192,0.395,0.0,0.605,0.4214,0.5574,0.745,Positive
RXV2MEOSFR5HGQ,BA5DCD1573,Aristocrat,5,Fantastic purchase,Very practical and well-designed. Simple design. The interiors are well-organized with multiple pockets. material quality is commendable.,2026-01-13,False,0,Fantastic purchase. Very practical and well-designed. Simple design. The interiors are well-organized with multiple pockets. material quality is commendable.,0.5574,0.167,0.0,0.833,0.15,0.3893,0.4148,Positive
RAGCSTNPEZIKM3,BA5DCD1573,Aristocrat,3,So-so,"Good for the price but has some issues. Basic functionality. However, poor durability. The build quality could be better. 3/5 would buy again.",2025-10-18,True,0,"So-so. Good for the price but has some issues. Basic functionality. However, poor durability. The build quality could be better. 3/5 would buy again.",0.1655,0.187,0.134,0.679,0.2,0.4563,0.1776,Positive
R0P1Z00V3SFAVY,BA5DCD1573,Aristocrat,4,Amazing value,This is my second purchase from Aristocrat and they never disappoint. Simple design. The compartments is even better than my previous bag.,2025-08-19,True,0,Amazing value. This is my second purchase from Aristocrat and they never disappoint. Simple design. The compartments is even better than my previous bag.,0.8849,0.362,0.0,0.638,0.1867,0.3848,0.6405,Positive
RRBSSS7KN18B85,BA5DCD1573,Aristocrat,4,Perfect for travel,Very practical and well-designed. Most affordable. The interiors are well-organized with multiple pockets. lock quality is commendable.,2025-12-22,True,0,Perfect for travel. Very practical and well-designed. Most affordable. The interiors are well-organized with multiple pockets. lock quality is commendable.,0.5719,0.163,0.0,0.837,0.425,0.45,0.5205,Positive
RJP5K7917XFH41,BA5DCD1573,Aristocrat,4,Perfect for travel,Love this luggage! Basic functionality and most affordable. Looks premium and feels sturdy. The compartments quality is really good for this price range.,2026-03-25,True,0,Perfect for travel. Love this luggage! Basic functionality and most affordable. Looks premium and feels sturdy. The compartments quality is really good for this price range.,0.9078,0.331,0.0,0.669,0.565,0.565,0.7878,Positive
RH7U0S3KDZ4PPJ,BA5DCD1573,Aristocrat,3,Mediocre quality,"Decent product overall. Simple design but poor durability. The material is okay, nothing extraordinary. Serves its purpose for the price.",2026-01-28,True,1,"Mediocre quality. Decent product overall. Simple design but poor durability. The material is okay, nothing extraordinary. Serves its purpose for the price.",-0.4215,0.089,0.157,0.755,0.0143,0.5891,-0.269,Negative
RLSJWS1ZL7P72L,BA5DCD1573,Aristocrat,4,Excellent quality,"Five stars! Basic functionality, simple design, and excellent handle. What more can you ask for at this price?",2025-06-27,True,3,"Excellent quality. Five stars! Basic functionality, simple design, and excellent handle. What more can you ask for at this price?",0.8268,0.299,0.0,0.701,0.5,0.5964,0.7124,Positive
R0KH5840ACUHGP,BBEC5594B1,Aristocrat,4,Worth the money,This is my second purchase from Aristocrat and they never disappoint. Basic functionality. The lock is even better than my previous bag.,2025-11-25,True,0,Worth the money. This is my second purchase from Aristocrat and they never disappoint. Basic functionality. The lock is even better than my previous bag.,0.7234,0.243,0.0,0.757,0.1267,0.1783,0.5145,Positive
RYRWVTKH861PQI,BBEC5594B1,Aristocrat,4,Perfect for travel,Premium feel without the premium price tag. Lightweight and most affordable. Really impressed with the zipper.,2025-09-03,False,0,Perfect for travel. Premium feel without the premium price tag. Lightweight and most affordable. Really impressed with the zipper.,0.8104,0.302,0.0,0.698,0.8333,0.8333,0.8184,Positive
ROE545VYBJH4OU,BBEC5594B1,Aristocrat,4,Very satisfied,Bought for my parents - they loved it! Most affordable and easy to maneuver. The compartments makes it very convenient to use.,2025-10-25,True,0,Very satisfied. Bought for my parents - they loved it! Most affordable and easy to maneuver. The compartments makes it very convenient to use.,0.8872,0.332,0.0,0.668,0.5317,0.6867,0.7628,Positive
R0M3LOUFHW8WLV,BBEC5594B1,Aristocrat,3,Expected more,Mixed feelings about this one. Most affordable is great but cheap material feel is disappointing. Would rate it average.,2026-03-29,True,0,Expected more. Mixed feelings about this one. Most affordable is great but cheap material feel is disappointing. Would rate it average.,-0.3855,0.103,0.166,0.731,0.1688,0.525,-0.1915,Negative
RCBHT94OZKFNOT,BBEC5594B1,Aristocrat,4,Super happy,Great quality for the price. Lightweight. Used it for my trip and it handled everything well. The weight works smoothly. Highly recommend.,2025-12-02,True,0,Super happy. Great quality for the price. Lightweight. Used it for my trip and it handled everything well. The weight works smoothly. Highly recommend.,0.9485,0.466,0.0,0.534,0.5233,0.7392,0.7997,Positive
RFKI1IJE2XE0JD,BBEC5594B1,Aristocrat,5,Great product!,Amazing product at this price point. Simple design. The material feels durable and the handle is very smooth. Recommended for frequent travelers.,2026-03-02,True,1,Great product!. Amazing product at this price point. Simple design. The material feels durable and the handle is very smooth. Recommended for frequent travelers.,0.8826,0.328,0.0,0.672,0.444,0.5914,0.7291,Positive
RVF02GVLLSAJHJ,BBEC5594B1,Aristocrat,4,Super happy,Excellent luggage! Most affordable and simple design. Very happy with my purchase. The weight is really impressive. Would definitely buy again from Aristocrat.,2025-05-08,True,0,Super happy. Excellent luggage! Most affordable and simple design. Very happy with my purchase. The weight is really impressive. Would definitely buy again from Aristocrat.,0.9724,0.538,0.0,0.462,0.5792,0.753,0.8348,Positive
RSN9081ZQUA1QR,BBEC5594B1,Aristocrat,3,Fair product,Mixed feelings about this one. Simple design is great but cheap material feel is disappointing. Would rate it average.,2026-02-12,True,0,Fair product. Mixed feelings about this one. Simple design is great but cheap material feel is disappointing. Would rate it average.,-0.2732,0.158,0.162,0.679,0.1643,0.5796,-0.1201,Neutral
R4S41CRO04BYV5,B91640B2DE,Aristocrat,4,Fantastic purchase,Great quality for the price. Basic functionality. Used it for my trip and it handled everything well. The material works smoothly. Highly recommend.,2025-11-22,True,1,Fantastic purchase. Great quality for the price. Basic functionality. Used it for my trip and it handled everything well. The material works smoothly. Highly recommend.,0.9117,0.375,0.0,0.625,0.34,0.5787,0.7116,Positive
RZS49CDZN1F0FP,B91640B2DE,Aristocrat,4,Amazing value,Bought for my parents - they loved it! Basic functionality and easy to maneuver. The compartments makes it very convenient to use.,2026-02-09,False,0,Amazing value. Bought for my parents - they loved it! Basic functionality and easy to maneuver. The compartments makes it very convenient to use.,0.923,0.399,0.0,0.601,0.4217,0.5917,0.7475,Positive
ROKPK7YSWNXFSH,B91640B2DE,Aristocrat,3,So-so,For the price it's acceptable. Basic functionality. But zipper failure is a concern. Would give it 3 stars honestly.,2025-05-29,True,0,So-so. For the price it's acceptable. Basic functionality. But zipper failure is a concern. Would give it 3 stars honestly.,0.0516,0.208,0.164,0.627,0.0944,0.4417,0.0666,Neutral
RZRLGQ9AZHDQDW,B91640B2DE,Aristocrat,3,Fair product,Product looks good but wheel quality. Basic functionality saves it somewhat. Usable but don't expect premium quality at this price.,2025-06-08,True,0,Fair product. Product looks good but wheel quality. Basic functionality saves it somewhat. Usable but don't expect premium quality at this price.,0.3818,0.153,0.0,0.847,0.4667,0.5417,0.4115,Positive
RK6P0N17UXHVDH,B91640B2DE,Aristocrat,3,Not bad,Product looks good but wheel quality. Most affordable saves it somewhat. Usable but don't expect premium quality at this price.,2026-01-07,True,0,Not bad. Product looks good but wheel quality. Most affordable saves it somewhat. Usable but don't expect premium quality at this price.,0.4357,0.162,0.0,0.838,0.5167,0.5889,0.464,Positive
RYRG29D2FF5L6B,B91640B2DE,Aristocrat,4,Fantastic purchase,"Good product, delivered on time. Lightweight. The weight impressed me the most. Using it regularly now - no complaints so far!",2025-07-21,True,0,"Fantastic purchase. Good product, delivered on time. Lightweight. The weight impressed me the most. Using it regularly now - no complaints so far!",0.9032,0.39,0.0,0.61,0.4542,0.6795,0.746,Positive
RIO1ZM4LCVHFWJ,B91640B2DE,Aristocrat,3,Okay for the price,Product looks good but zipper failure. Lightweight saves it somewhat. Usable but don't expect premium quality at this price.,2026-01-25,True,0,Okay for the price. Product looks good but zipper failure. Lightweight saves it somewhat. Usable but don't expect premium quality at this price.,-0.4678,0.122,0.16,0.718,0.2944,0.4667,-0.201,Negative
R541MPW57GN79H,B91640B2DE,Aristocrat,3,Average product,"Not bad, not great. Lightweight. But I noticed wheel quality after a few uses. The handle started fine but degraded.",2025-10-06,True,0,"Average product. Not bad, not great. Lightweight. But I noticed wheel quality after a few uses. The handle started fine but degraded.",0.0705,0.216,0.134,0.65,0.0033,0.4833,0.047,Neutral
RSAJXXO9ZJCUBZ,B91640B2DE,Aristocrat,4,Perfect for travel,"Good product, delivered on time. Most affordable. The lock impressed me the most. Using it regularly now - no complaints so far!",2025-08-10,True,0,"Perfect for travel. Good product, delivered on time. Most affordable. The lock impressed me the most. Using it regularly now - no complaints so far!",0.9052,0.368,0.0,0.632,0.5464,0.6681,0.7796,Positive
RZG4C4EPZL4J4X,B91640B2DE,Aristocrat,3,Could be better,"Decent product overall. Lightweight but poor durability. The handle is okay, nothing extraordinary. Serves its purpose for the price.",2026-03-31,True,0,"Could be better. Decent product overall. Lightweight but poor durability. The handle is okay, nothing extraordinary. Serves its purpose for the price.",-0.2144,0.157,0.151,0.692,0.1833,0.5444,-0.0752,Neutral
R7S7O4YC3S0DPJ,B91640B2DE,Aristocrat,4,Very satisfied,Premium feel without the premium price tag. Basic functionality and simple design. Really impressed with the compartments.,2025-12-28,True,0,Very satisfied. Premium feel without the premium price tag. Basic functionality and simple design. Really impressed with the compartments.,0.7569,0.276,0.0,0.724,0.4125,0.6205,0.6364,Positive
REQ4D7D7GDLWAG,B91640B2DE,Aristocrat,3,Mediocre quality,Mixed feelings about this one. Lightweight is great but zipper failure is disappointing. Would rate it average.,2026-04-03,True,0,Mediocre quality. Mixed feelings about this one. Lightweight is great but zipper failure is disappointing. Would rate it average.,-0.802,0.093,0.321,0.586,-0.1278,0.5667,-0.566,Negative
RKUO4JH9JPDMN1,B783A0E9E3,Aristocrat,3,Could be better,"Decent product overall. Simple design but cheap material feel. The lock is okay, nothing extraordinary. Serves its purpose for the price.",2025-07-15,True,0,"Could be better. Decent product overall. Simple design but cheap material feel. The lock is okay, nothing extraordinary. Serves its purpose for the price.",0.5106,0.163,0.0,0.837,0.2714,0.532,0.4269,Positive
RM32HZS32D1JQB,B783A0E9E3,Aristocrat,4,Best luggage ever,I bought this for my recent vacation and it was perfect. Basic functionality and the weight is top notch. Aristocrat has done a great job with this one.,2026-02-08,True,0,Best luggage ever. I bought this for my recent vacation and it was perfect. Basic functionality and the weight is top notch. Aristocrat has done a great job with this one.,0.93,0.338,0.0,0.662,0.55,0.4875,0.797,Positive
RNNVBZW5APMXD6,B783A0E9E3,Aristocrat,4,Highly recommended,I bought this for my recent vacation and it was perfect. Simple design and the build quality is top notch. Aristocrat has done a great job with this one.,2025-11-03,True,0,Highly recommended. I bought this for my recent vacation and it was perfect. Simple design and the build quality is top notch. Aristocrat has done a great job with this one.,0.8932,0.302,0.0,0.698,0.41,0.5662,0.7241,Positive
RRI0VROB7I77DP,B783A0E9E3,Aristocrat,4,Best luggage ever,Perfect cabin luggage! Fits all airline requirements. Simple design. build quality is of great quality. Will suggest to friends.,2025-11-22,True,0,Best luggage ever. Perfect cabin luggage! Fits all airline requirements. Simple design. build quality is of great quality. Will suggest to friends.,0.9468,0.461,0.0,0.539,0.7,0.6018,0.8604,Positive
RH91EL88L12QFA,B783A0E9E3,Aristocrat,3,Fair product,"Average quality. Basic functionality which is nice, but cheap material feel. Not bad for occasional trips but frequent travelers should consider spending more.",2026-01-23,True,0,"Fair product. Average quality. Basic functionality which is nice, but cheap material feel. Not bad for occasional trips but frequent travelers should consider spending more.",0.745,0.25,0.0,0.75,0.2778,0.5241,0.5815,Positive
RFT1AFDTOHRNQI,B783A0E9E3,Aristocrat,4,Love it!,Worth every rupee! Most affordable and simple design. Took it on a 2-week trip and came back without any scratches. Aristocrat quality is reliable.,2026-02-18,True,0,Love it!. Worth every rupee! Most affordable and simple design. Took it on a 2-week trip and came back without any scratches. Aristocrat quality is reliable.,0.7707,0.218,0.0,0.782,0.3,0.3114,0.606,Positive
R0POCR0VHV1NM3,B783A0E9E3,Aristocrat,4,Must buy!,Worth every rupee! Lightweight and basic functionality. Took it on a 2-week trip and came back without any scratches. Aristocrat quality is reliable.,2025-05-31,True,0,Must buy!. Worth every rupee! Lightweight and basic functionality. Took it on a 2-week trip and came back without any scratches. Aristocrat quality is reliable.,0.3578,0.094,0.0,0.906,0.125,0.075,0.2763,Positive
RPMXPKN3B8PFY4,B783A0E9E3,Aristocrat,4,Perfect for travel,"Very satisfied! The build quality is good, Most affordable. Packing was easy due to the spacious compartments. The build quality is excellent.",2025-08-13,True,0,"Perfect for travel. Very satisfied! The build quality is good, Most affordable. Packing was easy due to the spacious compartments. The build quality is excellent.",0.9484,0.453,0.0,0.547,0.6173,0.7583,0.8325,Positive
RXYPBP0E36S2Z4,B46A7BE6E5,Aristocrat,4,Amazing value,Bought for my parents - they loved it! Simple design and easy to maneuver. The weight makes it very convenient to use.,2025-10-04,False,0,Amazing value. Bought for my parents - they loved it! Simple design and easy to maneuver. The weight makes it very convenient to use.,0.923,0.399,0.0,0.601,0.4217,0.6381,0.7475,Positive
RH30QBKERN6YJM,B46A7BE6E5,Aristocrat,3,Not bad,"Average quality. Most affordable which is nice, but cheap material feel. Not bad for occasional trips but frequent travelers should consider spending more.",2025-11-08,True,0,"Not bad. Average quality. Most affordable which is nice, but cheap material feel. Not bad for occasional trips but frequent travelers should consider spending more.",0.765,0.257,0.0,0.743,0.2944,0.5398,0.6003,Positive
RALWVMB0IDD0WP,B46A7BE6E5,Aristocrat,4,Best luggage ever,I bought this for my recent vacation and it was perfect. Lightweight and the lock is top notch. Aristocrat has done a great job with this one.,2025-11-19,True,0,Best luggage ever. I bought this for my recent vacation and it was perfect. Lightweight and the lock is top notch. Aristocrat has done a great job with this one.,0.93,0.347,0.0,0.653,0.66,0.56,0.8355,Positive
RBV03DS0MWKOG0,B46A7BE6E5,Aristocrat,3,Mediocre quality,"Decent product overall. Most affordable but cheap material feel. The build quality is okay, nothing extraordinary. Serves its purpose for the price.",2025-05-09,True,0,"Mediocre quality. Decent product overall. Most affordable but cheap material feel. The build quality is okay, nothing extraordinary. Serves its purpose for the price.",0.3291,0.093,0.0,0.907,0.2,0.6238,0.2839,Positive
R9WT2YBUH7JYGS,B46A7BE6E5,Aristocrat,3,Not bad,"Good for the price but has some issues. Basic functionality. However, zipper failure. The weight could be better. 3/5 would buy again.",2026-03-16,True,3,"Not bad. Good for the price but has some issues. Basic functionality. However, zipper failure. The weight could be better. 3/5 would buy again.",-0.0971,0.181,0.193,0.626,0.2467,0.4383,0.0232,Neutral
RJQ2WDIZHW0VQP,B46A7BE6E5,Aristocrat,3,Could be better,"It's okay. Most affordable. handle issues though. For this price range, I guess it's acceptable. The weight is mediocre.",2025-06-08,True,0,"Could be better. It's okay. Most affordable. handle issues though. For this price range, I guess it's acceptable. The weight is mediocre.",0.7269,0.272,0.0,0.728,0.25,0.625,0.56,Positive
R3F4RTGOOXUCR9,B46A7BE6E5,Aristocrat,3,Mediocre quality,Product looks good but cheap material feel. Lightweight saves it somewhat. Usable but don't expect premium quality at this price.,2026-02-25,True,12,Mediocre quality. Product looks good but cheap material feel. Lightweight saves it somewhat. Usable but don't expect premium quality at this price.,0.2382,0.085,0.0,0.915,0.2,0.7667,0.2248,Positive
RWGMP9A9URI7EV,B46A7BE6E5,Aristocrat,3,Could be better,For the price it's acceptable. Simple design. But poor durability is a concern. Would give it 3 stars honestly.,2026-02-04,False,0,Could be better. For the price it's acceptable. Simple design. But poor durability is a concern. Would give it 3 stars honestly.,0.3506,0.255,0.139,0.605,0.175,0.5893,0.2891,Positive
R199TMH6K1WXYW,B46A7BE6E5,Aristocrat,4,Worth the money,Perfect cabin luggage! Fits all airline requirements. Lightweight. handle is of great quality. Will suggest to friends.,2025-05-18,True,0,Worth the money. Perfect cabin luggage! Fits all airline requirements. Lightweight. handle is of great quality. Will suggest to friends.,0.92,0.45,0.0,0.55,0.7,0.6167,0.843,Positive
R7GKTMQG6NX9OW,B46A7BE6E5,Aristocrat,3,Could be better,For the price it's acceptable. Lightweight. But handle issues is a concern. Would give it 3 stars honestly.,2025-05-27,True,0,Could be better. For the price it's acceptable. Lightweight. But handle issues is a concern. Would give it 3 stars honestly.,0.765,0.297,0.0,0.703,0.55,0.7,0.6898,Positive
R8AV2OSG6Q0IQZ,B2FF044EE5,Aristocrat,4,Excellent quality,I bought this for my recent vacation and it was perfect. Simple design and the material is top notch. Aristocrat has done a great job with this one.,2025-12-27,True,0,Excellent quality. I bought this for my recent vacation and it was perfect. Simple design and the material is top notch. Aristocrat has done a great job with this one.,0.9231,0.338,0.0,0.662,0.55,0.6429,0.7925,Positive
RPIGQX2456IZC0,B2FF044EE5,Aristocrat,4,Fantastic purchase,This is my second purchase from Aristocrat and they never disappoint. Basic functionality. The build quality is even better than my previous bag.,2025-04-24,True,2,Fantastic purchase. This is my second purchase from Aristocrat and they never disappoint. Basic functionality. The build quality is even better than my previous bag.,0.8298,0.285,0.0,0.715,0.1467,0.3383,0.5907,Positive
R85TZV9ZP3C330,B2FF044EE5,Aristocrat,4,Best luggage ever,Using for office travel and it's perfect. Simple design. Compact yet spacious. The build quality deserves special mention.,2026-03-19,True,1,Best luggage ever. Using for office travel and it's perfect. Simple design. Compact yet spacious. The build quality deserves special mention.,0.891,0.371,0.0,0.629,0.5893,0.5571,0.7854,Positive
R1U2ZNXFIRJLYQ,B2FF044EE5,Aristocrat,3,Not bad,"Good for the price but has some issues. Most affordable. However, wheel quality. The weight could be better. 3/5 would buy again.",2025-04-10,True,0,"Not bad. Good for the price but has some issues. Most affordable. However, wheel quality. The weight could be better. 3/5 would buy again.",0.6214,0.203,0.06,0.737,0.5125,0.5667,0.5833,Positive
RLQJJBFSA5UZLZ,B2FF044EE5,Aristocrat,4,Amazing value,"Good product, delivered on time. Lightweight. The lock impressed me the most. Using it regularly now - no complaints so far!",2025-06-22,True,0,"Amazing value. Good product, delivered on time. Lightweight. The lock impressed me the most. Using it regularly now - no complaints so far!",0.9294,0.45,0.0,0.55,0.4875,0.6795,0.7747,Positive
RFANS5SR69XVSS,B983261431,Aristocrat,3,Not bad,"It's okay. Most affordable. wheel quality though. For this price range, I guess it's acceptable. The lock is mediocre.",2025-09-27,True,0,"Not bad. It's okay. Most affordable. wheel quality though. For this price range, I guess it's acceptable. The lock is mediocre.",0.5399,0.208,0.067,0.725,0.2125,0.6667,0.4253,Positive
RA8MLIK22XMQ66,B983261431,Aristocrat,3,So-so,For the price it's acceptable. Basic functionality. But handle issues is a concern. Would give it 3 stars honestly.,2025-07-14,True,1,So-so. For the price it's acceptable. Basic functionality. But handle issues is a concern. Would give it 3 stars honestly.,0.6858,0.239,0.0,0.761,0.3,0.5125,0.5508,Positive
R84TC2QSI2G74I,B983261431,Aristocrat,4,Super happy,"Good product, delivered on time. Most affordable. The handle impressed me the most. Using it regularly now - no complaints so far!",2025-08-18,True,8,"Super happy. Good product, delivered on time. Most affordable. The handle impressed me the most. Using it regularly now - no complaints so far!",0.9446,0.459,0.0,0.541,0.4948,0.6679,0.7872,Positive
RG3C6SCIVUQT2L,B983261431,Aristocrat,4,Very satisfied,Amazing product at this price point. Lightweight. The material feels durable and the lock is very smooth. Recommended for frequent travelers.,2025-05-19,False,0,Very satisfied. Amazing product at this price point. Lightweight. The material feels durable and the lock is very smooth. Recommended for frequent travelers.,0.85,0.316,0.0,0.684,0.4675,0.7125,0.7161,Positive
RU5E51H3WQA1VR,B983261431,Aristocrat,3,Average product,"It's okay. Simple design. cheap material feel though. For this price range, I guess it's acceptable. The handle is mediocre.",2026-01-08,True,0,"Average product. It's okay. Simple design. cheap material feel though. For this price range, I guess it's acceptable. The handle is mediocre.",0.4939,0.174,0.0,0.826,0.05,0.5914,0.3385,Positive
RIJULP98RL9QFC,B983261431,Aristocrat,4,Super happy,Bought for my parents - they loved it! Lightweight and easy to maneuver. The lock makes it very convenient to use.,2025-08-30,True,0,Super happy. Bought for my parents - they loved it! Lightweight and easy to maneuver. The lock makes it very convenient to use.,0.9402,0.436,0.0,0.564,0.5283,0.72,0.796,Positive
RLK1QY7HYLGOGF,B983261431,Aristocrat,4,Love it!,"Very satisfied! The build quality is good, Most affordable. Packing was easy due to the spacious compartments. The zipper is excellent.",2025-05-04,True,5,"Love it!. Very satisfied! The build quality is good, Most affordable. Packing was easy due to the spacious compartments. The zipper is excellent.",0.9544,0.491,0.0,0.509,0.5637,0.7012,0.8177,Positive
RL03LLU1A7BOXF,B4A671E0A4,Aristocrat,4,Worth the money,This is my second purchase from Aristocrat and they never disappoint. Lightweight. The lock is even better than my previous bag.,2025-08-18,True,0,Worth the money. This is my second purchase from Aristocrat and they never disappoint. Lightweight. The lock is even better than my previous bag.,0.7234,0.252,0.0,0.748,0.1583,0.1917,0.5256,Positive
RPNU02WPJCF07V,B4A671E0A4,Aristocrat,4,Highly recommended,Love this luggage! Lightweight and most affordable. Looks premium and feels sturdy. The lock quality is really good for this price range.,2026-03-16,True,0,Highly recommended. Love this luggage! Lightweight and most affordable. Looks premium and feels sturdy. The lock quality is really good for this price range.,0.8766,0.324,0.0,0.676,0.4963,0.56,0.7435,Positive
RNDXJN7DE0L1OF,B4A671E0A4,Aristocrat,4,Fantastic purchase,"Very satisfied! The build quality is good, Lightweight. Packing was easy due to the spacious compartments. The build quality is excellent.",2026-01-21,True,0,"Fantastic purchase. Very satisfied! The build quality is good, Lightweight. Packing was easy due to the spacious compartments. The build quality is excellent.",0.9476,0.478,0.0,0.522,0.5368,0.7847,0.8038,Positive
R1C2ZL46Q5GQQL,B4A671E0A4,Aristocrat,3,Could be better,Mixed feelings about this one. Lightweight is great but poor durability is disappointing. Would rate it average.,2025-04-27,True,0,Could be better. Mixed feelings about this one. Lightweight is great but poor durability is disappointing. Would rate it average.,-0.714,0.155,0.292,0.553,0.025,0.5333,-0.4554,Negative
RP323C9NU985LT,B4A671E0A4,Aristocrat,4,Best luggage ever,I bought this for my recent vacation and it was perfect. Most affordable and the wheels is top notch. Aristocrat has done a great job with this one.,2025-11-15,True,0,Best luggage ever. I bought this for my recent vacation and it was perfect. Most affordable and the wheels is top notch. Aristocrat has done a great job with this one.,0.93,0.338,0.0,0.662,0.6333,0.55,0.8262,Positive
RUQXGCY3Q69FLG,B4A671E0A4,Aristocrat,4,Excellent quality,Amazing product at this price point. Basic functionality. The material feels durable and the handle is very smooth. Recommended for frequent travelers.,2025-06-18,True,0,Excellent quality. Amazing product at this price point. Basic functionality. The material feels durable and the handle is very smooth. Recommended for frequent travelers.,0.8617,0.313,0.0,0.687,0.444,0.595,0.7155,Positive
RA3AIPJIYLQX1U,B4A671E0A4,Aristocrat,3,Not bad,"Decent product overall. Simple design but zipper failure. The weight is okay, nothing extraordinary. Serves its purpose for the price.",2025-10-09,True,1,"Not bad. Decent product overall. Simple design but zipper failure. The weight is okay, nothing extraordinary. Serves its purpose for the price.",-0.2903,0.154,0.161,0.685,0.1476,0.4986,-0.137,Neutral
RAV42T8LLIHKPJ,B4A671E0A4,Aristocrat,4,Excellent quality,"Very satisfied! The build quality is good, Lightweight. Packing was easy due to the spacious compartments. The zipper is excellent.",2025-12-18,True,0,"Excellent quality. Very satisfied! The build quality is good, Lightweight. Packing was easy due to the spacious compartments. The zipper is excellent.",0.9484,0.494,0.0,0.506,0.6368,0.8014,0.8393,Positive
R54HBPH1VE8SUS,B4A671E0A4,Aristocrat,4,Amazing value,Great quality for the price. Simple design. Used it for my trip and it handled everything well. The build quality works smoothly. Highly recommend.,2026-01-15,True,0,Amazing value. Great quality for the price. Simple design. Used it for my trip and it handled everything well. The build quality works smoothly. Highly recommend.,0.9348,0.42,0.0,0.58,0.39,0.6368,0.7441,Positive
RANP8DMLC8XIZX,BD5CF69178,Nasher Miles,4,Amazing value,This is my second purchase from Nasher Miles and they never disappoint. Excellent material. The compartments is even better than my previous bag.,2025-09-21,True,0,Amazing value. This is my second purchase from Nasher Miles and they never disappoint. Excellent material. The compartments is even better than my previous bag.,0.8105,0.331,0.087,0.582,0.3867,0.5133,0.6622,Positive
R4GASFQBVH0KW3,BD5CF69178,Nasher Miles,5,Worth the money,"Five stars! Excellent material, premium look, and excellent lock. What more can you ask for at this price?",2025-09-06,True,5,"Worth the money. Five stars! Excellent material, premium look, and excellent lock. What more can you ask for at this price?",0.8622,0.348,0.0,0.652,0.7188,0.65,0.812,Positive
RRLW6JL2L5B56B,BD5CF69178,Nasher Miles,5,Great product!,"Good product, delivered on time. Premium look. The zipper impressed me the most. Using it regularly now - no complaints so far!",2025-09-27,True,1,"Great product!. Good product, delivered on time. Premium look. The zipper impressed me the most. Using it regularly now - no complaints so far!",0.9176,0.393,0.0,0.607,0.5542,0.6545,0.7904,Positive
R6D9ER94TEVWLQ,BD5CF69178,Nasher Miles,4,Highly recommended,I bought this for my recent vacation and it was perfect. Premium look and the zipper is top notch. Nasher Miles has done a great job with this one.,2025-11-28,False,0,Highly recommended. I bought this for my recent vacation and it was perfect. Premium look and the zipper is top notch. Nasher Miles has done a great job with this one.,0.8932,0.302,0.0,0.698,0.492,0.608,0.7528,Positive
RHE7ICDO5DIGXL,BD5CF69178,Nasher Miles,4,Worth the money,This is my second purchase from Nasher Miles and they never disappoint. Trendy colors. The handle is even better than my previous bag.,2025-08-15,True,0,Worth the money. This is my second purchase from Nasher Miles and they never disappoint. Trendy colors. The handle is even better than my previous bag.,0.7234,0.235,0.0,0.765,0.2467,0.3333,0.5565,Positive
RNF0402W29AW4I,BD5CF69178,Nasher Miles,5,Best luggage ever,Very practical and well-designed. Smooth 360 wheels. The interiors are well-organized with multiple pockets. lock quality is commendable.,2025-09-17,True,0,Best luggage ever. Very practical and well-designed. Smooth 360 wheels. The interiors are well-organized with multiple pockets. lock quality is commendable.,0.6369,0.174,0.0,0.826,0.4,0.275,0.554,Positive
RJP0XSM9GM51QD,BD5CF69178,Nasher Miles,4,Fantastic purchase,This is my second purchase from Nasher Miles and they never disappoint. Smooth 360 wheels. The weight is even better than my previous bag.,2025-10-15,True,0,Fantastic purchase. This is my second purchase from Nasher Miles and they never disappoint. Smooth 360 wheels. The weight is even better than my previous bag.,0.8298,0.276,0.0,0.724,0.2267,0.4133,0.6187,Positive
RIQETK5LP9C5SO,BD5CF69178,Nasher Miles,4,Excellent quality,Worth every rupee! Premium look and excellent material. Took it on a 2-week trip and came back without any scratches. Nasher Miles quality is reliable.,2025-07-21,True,2,Excellent quality. Worth every rupee! Premium look and excellent material. Took it on a 2-week trip and came back without any scratches. Nasher Miles quality is reliable.,0.8622,0.286,0.0,0.714,0.5938,0.525,0.7682,Positive
R4S2NI8TNDFWW4,BD5CF69178,Nasher Miles,4,Fantastic purchase,Amazing product at this price point. Tsa lock. The material feels durable and the compartments is very smooth. Recommended for frequent travelers.,2026-01-21,True,5,Fantastic purchase. Amazing product at this price point. Tsa lock. The material feels durable and the compartments is very smooth. Recommended for frequent travelers.,0.8583,0.311,0.0,0.689,0.405,0.6875,0.6996,Positive
R88K686QE7AJUL,BD5CF69178,Nasher Miles,4,Great product!,Using for office travel and it's perfect. Smooth 360 wheels. Compact yet spacious. The weight deserves special mention.,2025-05-30,True,0,Great product!. Using for office travel and it's perfect. Smooth 360 wheels. Compact yet spacious. The weight deserves special mention.,0.8955,0.388,0.0,0.612,0.6893,0.7054,0.8233,Positive
R2XOG4C8J6E07F,BD5CF69178,Nasher Miles,4,Best luggage ever,Using for office travel and it's perfect. Smooth 360 wheels. Compact yet spacious. The build quality deserves special mention.,2025-08-24,False,0,Best luggage ever. Using for office travel and it's perfect. Smooth 360 wheels. Compact yet spacious. The build quality deserves special mention.,0.891,0.358,0.0,0.642,0.6893,0.5929,0.8204,Positive
RTVF51Z58B4JWP,BDFFD1D48B,Nasher Miles,4,Excellent quality,"Very satisfied! The build quality is good, Trendy colors. Packing was easy due to the spacious compartments. The build quality is excellent.",2026-01-12,True,0,"Excellent quality. Very satisfied! The build quality is good, Trendy colors. Packing was easy due to the spacious compartments. The build quality is excellent.",0.9484,0.466,0.0,0.534,0.6315,0.8155,0.8375,Positive
RVVN5X48PW5K0J,BDFFD1D48B,Nasher Miles,4,Very satisfied,Amazing product at this price point. Premium look. The material feels durable and the material is very smooth. Recommended for frequent travelers.,2025-12-01,True,0,Very satisfied. Amazing product at this price point. Premium look. The material feels durable and the material is very smooth. Recommended for frequent travelers.,0.85,0.306,0.0,0.694,0.4675,0.7125,0.7161,Positive
RZRVHPJ93RVUV5,BDFFD1D48B,Nasher Miles,4,Excellent quality,"Good product, delivered on time. Premium look. The lock impressed me the most. Using it regularly now - no complaints so far!",2025-05-02,True,0,"Excellent quality. Good product, delivered on time. Premium look. The lock impressed me the most. Using it regularly now - no complaints so far!",0.9052,0.38,0.0,0.62,0.5542,0.6962,0.7823,Positive
RMY6PO0M24US73,BDFFD1D48B,Nasher Miles,4,Love it!,Perfect cabin luggage! Fits all airline requirements. Premium look. handle is of great quality. Will suggest to friends.,2025-05-22,True,0,Love it!. Perfect cabin luggage! Fits all airline requirements. Premium look. handle is of great quality. Will suggest to friends.,0.9492,0.495,0.0,0.505,0.8083,0.7833,0.8999,Positive
RWLKOBQ6MYM8J2,BDFFD1D48B,Nasher Miles,4,Great product!,"Very satisfied! The build quality is good, Tsa lock. Packing was easy due to the spacious compartments. The wheels is excellent.",2025-10-24,True,25,"Great product!. Very satisfied! The build quality is good, Tsa lock. Packing was easy due to the spacious compartments. The wheels is excellent.",0.9537,0.49,0.0,0.51,0.6368,0.7597,0.8428,Positive
ROM344MW04I3DZ,BDFFD1D48B,Nasher Miles,4,Very satisfied,Amazing product at this price point. Tsa lock. The material feels durable and the material is very smooth. Recommended for frequent travelers.,2025-05-16,True,0,Very satisfied. Amazing product at this price point. Tsa lock. The material feels durable and the material is very smooth. Recommended for frequent travelers.,0.85,0.306,0.0,0.694,0.4675,0.7125,0.7161,Positive
R4RMPNFGAGLSXK,BDFFD1D48B,Nasher Miles,5,Perfect for travel,Very practical and well-designed. Trendy colors. The interiors are well-organized with multiple pockets. zipper quality is commendable.,2025-06-26,True,0,Perfect for travel. Very practical and well-designed. Trendy colors. The interiors are well-organized with multiple pockets. zipper quality is commendable.,0.5719,0.163,0.0,0.837,0.45,0.55,0.5292,Positive
RFMMEN4052W8LI,BDFFD1D48B,Nasher Miles,4,Perfect for travel,"Five stars! Tsa lock, trendy colors, and excellent handle. What more can you ask for at this price?",2026-03-19,True,0,"Perfect for travel. Five stars! Tsa lock, trendy colors, and excellent handle. What more can you ask for at this price?",0.8268,0.288,0.0,0.712,0.775,0.85,0.8087,Positive
R9IIXHAIAW4OTU,BDFFD1D48B,Nasher Miles,4,Very satisfied,Excellent luggage! Trendy colors and smooth 360 wheels. Very happy with my purchase. The lock is really impressive. Would definitely buy again from Nasher Miles.,2025-09-09,True,0,Very satisfied. Excellent luggage! Trendy colors and smooth 360 wheels. Very happy with my purchase. The lock is really impressive. Would definitely buy again from Nasher Miles.,0.9578,0.449,0.0,0.551,0.6643,0.8429,0.8551,Positive
RPN7ITCYL3Z2UD,BDFFD1D48B,Nasher Miles,4,Perfect for travel,"Five stars! Excellent material, trendy colors, and excellent weight. What more can you ask for at this price?",2025-07-23,True,0,"Perfect for travel. Five stars! Excellent material, trendy colors, and excellent weight. What more can you ask for at this price?",0.908,0.388,0.0,0.612,0.82,0.88,0.8772,Positive
RMZ93IJ4QPVC9A,BDFFD1D48B,Nasher Miles,4,Very satisfied,Very practical and well-designed. Tsa lock. The interiors are well-organized with multiple pockets. handle quality is commendable.,2025-08-22,True,0,Very satisfied. Very practical and well-designed. Tsa lock. The interiors are well-organized with multiple pockets. handle quality is commendable.,0.4754,0.147,0.0,0.853,0.2833,0.4333,0.4082,Positive
RJJ6AVP1EOXLZK,BDFFD1D48B,Nasher Miles,4,Very satisfied,Great quality for the price. Excellent material. Used it for my trip and it handled everything well. The zipper works smoothly. Highly recommend.,2025-12-10,True,3,Very satisfied. Great quality for the price. Excellent material. Used it for my trip and it handled everything well. The zipper works smoothly. Highly recommend.,0.9438,0.445,0.0,0.555,0.6525,0.8225,0.8418,Positive
R58B1V1CCOFH91,BDFFD1D48B,Nasher Miles,5,Highly recommended,I bought this for my recent vacation and it was perfect. Tsa lock and the weight is top notch. Nasher Miles has done a great job with this one.,2026-01-07,True,0,Highly recommended. I bought this for my recent vacation and it was perfect. Tsa lock and the weight is top notch. Nasher Miles has done a great job with this one.,0.8932,0.302,0.0,0.698,0.492,0.608,0.7528,Positive
RGLGPJDJHMXCQD,B65D869BAB,Nasher Miles,4,Highly recommended,Worth every rupee! Trendy colors and smooth 360 wheels. Took it on a 2-week trip and came back without any scratches. Nasher Miles quality is reliable.,2025-11-28,False,0,Highly recommended. Worth every rupee! Trendy colors and smooth 360 wheels. Took it on a 2-week trip and came back without any scratches. Nasher Miles quality is reliable.,0.5519,0.149,0.0,0.851,0.307,0.408,0.4662,Positive
R8TANA6U48GWGH,B65D869BAB,Nasher Miles,3,Average product,Product looks good but heavy weight. Premium look saves it somewhat. Usable but don't expect premium quality at this price.,2025-10-14,False,0,Average product. Product looks good but heavy weight. Premium look saves it somewhat. Usable but don't expect premium quality at this price.,0.2382,0.085,0.0,0.915,0.1167,0.5,0.1957,Positive
RF3BBT873LKMGS,B65D869BAB,Nasher Miles,4,Super happy,Premium feel without the premium price tag. Trendy colors and smooth 360 wheels. Really impressed with the zipper.,2026-02-16,True,0,Super happy. Premium feel without the premium price tag. Trendy colors and smooth 360 wheels. Really impressed with the zipper.,0.8999,0.393,0.0,0.607,0.6267,0.8133,0.8043,Positive
R7YCIF8R2BC9R4,B65D869BAB,Nasher Miles,4,Amazing value,This is my second purchase from Nasher Miles and they never disappoint. Tsa lock. The compartments is even better than my previous bag.,2025-05-06,True,2,Amazing value. This is my second purchase from Nasher Miles and they never disappoint. Tsa lock. The compartments is even better than my previous bag.,0.8849,0.351,0.0,0.649,0.2333,0.3917,0.6569,Positive
RZS1XKE1KWONRR,B65D869BAB,Nasher Miles,4,Fantastic purchase,Premium feel without the premium price tag. Tsa lock and TSA lock. Really impressed with the compartments.,2025-10-26,True,0,Fantastic purchase. Premium feel without the premium price tag. Tsa lock and TSA lock. Really impressed with the compartments.,0.7902,0.291,0.0,0.709,0.7,0.95,0.7586,Positive
R3GD60UGLBB8NM,B65D869BAB,Nasher Miles,4,Super happy,This is my second purchase from Nasher Miles and they never disappoint. Excellent material. The lock is even better than my previous bag.,2025-07-07,False,2,Super happy. This is my second purchase from Nasher Miles and they never disappoint. Excellent material. The lock is even better than my previous bag.,0.8677,0.357,0.084,0.559,0.4111,0.5556,0.7079,Positive
RD86ZCHHXA7HY7,B65D869BAB,Nasher Miles,4,Love it!,Amazing product at this price point. Excellent material. The material feels durable and the zipper is very smooth. Recommended for frequent travelers.,2026-04-06,True,0,Love it!. Amazing product at this price point. Excellent material. The material feels durable and the zipper is very smooth. Recommended for frequent travelers.,0.9334,0.413,0.0,0.587,0.569,0.69,0.8059,Positive
R7OFVWJ7YZ6L7X,B65D869BAB,Nasher Miles,3,Mediocre quality,"Average quality. Trendy colors which is nice, but heavy weight. Not bad for occasional trips but frequent travelers should consider spending more.",2025-11-20,True,0,"Mediocre quality. Average quality. Trendy colors which is nice, but heavy weight. Not bad for occasional trips but frequent travelers should consider spending more.",0.6883,0.205,0.0,0.795,0.1444,0.5991,0.498,Positive
RAYB1EYCEF2CTG,B65D869BAB,Nasher Miles,4,Fantastic purchase,Using for office travel and it's perfect. Trendy colors. Compact yet spacious. The material deserves special mention.,2025-11-28,True,1,Fantastic purchase. Using for office travel and it's perfect. Trendy colors. Compact yet spacious. The material deserves special mention.,0.875,0.385,0.0,0.615,0.5893,0.8429,0.775,Positive
R4J1O5HD4HSBRE,B65D869BAB,Nasher Miles,4,Perfect for travel,Love this luggage! Tsa lock and excellent material. Looks premium and feels sturdy. The weight quality is really good for this price range.,2026-03-20,True,0,Perfect for travel. Love this luggage! Tsa lock and excellent material. Looks premium and feels sturdy. The weight quality is really good for this price range.,0.944,0.407,0.0,0.593,0.8313,0.8,0.9045,Positive
R0P1XS910BAF4J,B65D869BAB,Nasher Miles,4,Amazing value,Worth every rupee! Tsa lock and excellent material. Took it on a 2-week trip and came back without any scratches. Nasher Miles quality is reliable.,2026-01-09,True,0,Amazing value. Worth every rupee! Tsa lock and excellent material. Took it on a 2-week trip and came back without any scratches. Nasher Miles quality is reliable.,0.902,0.345,0.0,0.655,0.4938,0.5,0.7591,Positive
RXP5CITUF8CYOT,B3F64DDF09,Nasher Miles,3,Mediocre quality,"It's okay. Smooth 360 wheels. heavy weight though. For this price range, I guess it's acceptable. The handle is mediocre.",2025-05-27,True,1,"Mediocre quality. It's okay. Smooth 360 wheels. heavy weight though. For this price range, I guess it's acceptable. The handle is mediocre.",0.4939,0.174,0.0,0.826,-0.06,0.7,0.3,Positive
RACNU41BTA3RUN,B3F64DDF09,Nasher Miles,4,Best luggage ever,Bought for my parents - they loved it! Smooth 360 wheels and easy to maneuver. The handle makes it very convenient to use.,2025-04-22,True,0,Best luggage ever. Bought for my parents - they loved it! Smooth 360 wheels and easy to maneuver. The handle makes it very convenient to use.,0.906,0.329,0.0,0.671,0.5817,0.5467,0.7925,Positive
R9WR6Q5IK08NJF,B3F64DDF09,Nasher Miles,4,Highly recommended,Bought for my parents - they loved it! Trendy colors and easy to maneuver. The material makes it very convenient to use.,2026-03-29,True,0,Highly recommended. Bought for my parents - they loved it! Trendy colors and easy to maneuver. The material makes it very convenient to use.,0.8475,0.304,0.0,0.696,0.4537,0.6747,0.7097,Positive
R7PP0PNNLO0HHG,B3F64DDF09,Nasher Miles,4,Love it!,Worth every rupee! Smooth 360 wheels and trendy colors. Took it on a 2-week trip and came back without any scratches. Nasher Miles quality is reliable.,2025-12-30,True,1,Love it!. Worth every rupee! Smooth 360 wheels and trendy colors. Took it on a 2-week trip and came back without any scratches. Nasher Miles quality is reliable.,0.7707,0.205,0.0,0.795,0.4,0.42,0.641,Positive
RXHFDXK31WBHTF,B3F64DDF09,Nasher Miles,4,Highly recommended,Premium feel without the premium price tag. Trendy colors and TSA lock. Really impressed with the compartments.,2025-09-24,True,0,Highly recommended. Premium feel without the premium price tag. Trendy colors and TSA lock. Really impressed with the compartments.,0.669,0.244,0.0,0.756,0.5867,0.8133,0.6402,Positive
R9Y1XU2FLI01RV,B3F64DDF09,Nasher Miles,4,Perfect for travel,Worth every rupee! Tsa lock and smooth 360 wheels. Took it on a 2-week trip and came back without any scratches. Nasher Miles quality is reliable.,2025-05-30,True,0,Perfect for travel. Worth every rupee! Tsa lock and smooth 360 wheels. Took it on a 2-week trip and came back without any scratches. Nasher Miles quality is reliable.,0.7088,0.179,0.0,0.821,0.4437,0.4,0.616,Positive
RA75LD7M08LCWL,B3F64DDF09,Nasher Miles,4,Excellent quality,Bought for my parents - they loved it! Premium look and easy to maneuver. The wheels makes it very convenient to use.,2025-08-23,True,1,Excellent quality. Bought for my parents - they loved it! Premium look and easy to maneuver. The wheels makes it very convenient to use.,0.8955,0.339,0.0,0.661,0.6271,0.7333,0.8016,Positive
RE6OUWZK4IE86D,B3F64DDF09,Nasher Miles,4,Best luggage ever,Premium feel without the premium price tag. Smooth 360 wheels and excellent material. Really impressed with the zipper.,2026-03-19,False,0,Best luggage ever. Premium feel without the premium price tag. Smooth 360 wheels and excellent material. Really impressed with the zipper.,0.9061,0.386,0.0,0.614,0.85,0.7,0.8865,Positive
RY37VG688U595C,B3F64DDF09,Nasher Miles,4,Fantastic purchase,This is my second purchase from Nasher Miles and they never disappoint. Smooth 360 wheels. The weight is even better than my previous bag.,2026-01-29,True,0,Fantastic purchase. This is my second purchase from Nasher Miles and they never disappoint. Smooth 360 wheels. The weight is even better than my previous bag.,0.8298,0.276,0.0,0.724,0.2267,0.4133,0.6187,Positive
RWV9NJS96ALGXZ,B33DCEF80F,Nasher Miles,5,Great product!,"Good product, delivered on time. Tsa lock. The handle impressed me the most. Using it regularly now - no complaints so far!",2025-11-25,True,0,"Great product!. Good product, delivered on time. Tsa lock. The handle impressed me the most. Using it regularly now - no complaints so far!",0.9176,0.393,0.0,0.607,0.5542,0.6545,0.7904,Positive
RTE9W0AN6NBYZM,B33DCEF80F,Nasher Miles,4,Highly recommended,Love this luggage! Trendy colors and premium look. Looks premium and feels sturdy. The wheels quality is really good for this price range.,2025-07-20,True,1,Highly recommended. Love this luggage! Trendy colors and premium look. Looks premium and feels sturdy. The wheels quality is really good for this price range.,0.8766,0.314,0.0,0.686,0.5212,0.66,0.7522,Positive
RKCQY2656AE1IG,B33DCEF80F,Nasher Miles,4,Amazing value,"Five stars! Excellent material, smooth 360 wheels, and excellent compartments. What more can you ask for at this price?",2026-03-06,True,2,"Amazing value. Five stars! Excellent material, smooth 360 wheels, and excellent compartments. What more can you ask for at this price?",0.9312,0.45,0.0,0.55,0.73,0.78,0.8608,Positive
RA35WFW5Q52DEZ,B33DCEF80F,Nasher Miles,4,Very satisfied,Using for office travel and it's perfect. Premium look. Compact yet spacious. The handle deserves special mention.,2025-12-27,True,5,Very satisfied. Using for office travel and it's perfect. Premium look. Compact yet spacious. The handle deserves special mention.,0.8588,0.372,0.0,0.628,0.669,0.8571,0.7924,Positive
RBCLTRH9VGKY5C,B33DCEF80F,Nasher Miles,4,Love it!,Excellent luggage! Trendy colors and smooth 360 wheels. Very happy with my purchase. The handle is really impressive. Would definitely buy again from Nasher Miles.,2026-01-04,True,0,Love it!. Excellent luggage! Trendy colors and smooth 360 wheels. Very happy with my purchase. The handle is really impressive. Would definitely buy again from Nasher Miles.,0.964,0.464,0.0,0.536,0.6607,0.7857,0.8579,Positive
RE1G41IO4KOXHJ,B33DCEF80F,Nasher Miles,5,Very satisfied,Love this luggage! Smooth 360 wheels and excellent material. Looks premium and feels sturdy. The material quality is really good for this price range.,2025-10-14,True,0,Very satisfied. Love this luggage! Smooth 360 wheels and excellent material. Looks premium and feels sturdy. The material quality is really good for this price range.,0.9409,0.401,0.0,0.599,0.675,0.74,0.8478,Positive
RCM0W3C1ZA0DV6,B33DCEF80F,Nasher Miles,4,Great product!,Love this luggage! Smooth 360 wheels and premium look. Looks premium and feels sturdy. The lock quality is really good for this price range.,2025-10-05,True,0,Great product!. Love this luggage! Smooth 360 wheels and premium look. Looks premium and feels sturdy. The lock quality is really good for this price range.,0.9198,0.344,0.0,0.656,0.6812,0.6125,0.8363,Positive
RM3NKRT0IGYO5L,B33DCEF80F,Nasher Miles,4,Amazing value,Perfect cabin luggage! Fits all airline requirements. Excellent material. handle is of great quality. Will suggest to friends.,2025-09-14,True,3,Amazing value. Perfect cabin luggage! Fits all airline requirements. Excellent material. handle is of great quality. Will suggest to friends.,0.9686,0.601,0.0,0.399,0.85,0.9125,0.9271,Positive
RN5FNP36F8HARJ,B33DCEF80F,Nasher Miles,4,Highly recommended,Worth every rupee! Premium look and excellent material. Took it on a 2-week trip and came back without any scratches. Nasher Miles quality is reliable.,2025-12-28,False,0,Highly recommended. Worth every rupee! Premium look and excellent material. Took it on a 2-week trip and came back without any scratches. Nasher Miles quality is reliable.,0.8054,0.256,0.0,0.744,0.3838,0.41,0.6578,Positive
RGVRP4RXMD8ZVF,B33DCEF80F,Nasher Miles,4,Love it!,Using for office travel and it's perfect. Tsa lock. Compact yet spacious. The lock deserves special mention.,2025-07-17,True,2,Love it!. Using for office travel and it's perfect. Tsa lock. Compact yet spacious. The lock deserves special mention.,0.8977,0.405,0.0,0.595,0.6607,0.7238,0.8148,Positive
RLWWVTMNYEURAN,B33DCEF80F,Nasher Miles,4,Must buy!,Bought for my parents - they loved it! Smooth 360 wheels and easy to maneuver. The lock makes it very convenient to use.,2025-12-03,True,0,Must buy!. Bought for my parents - they loved it! Smooth 360 wheels and easy to maneuver. The lock makes it very convenient to use.,0.8118,0.243,0.0,0.757,0.4771,0.6083,0.6946,Positive
RTULGELW8IVI3R,B33DCEF80F,Nasher Miles,4,Perfect for travel,Premium feel without the premium price tag. Excellent material and TSA lock. Really impressed with the material.,2025-08-11,True,0,Perfect for travel. Premium feel without the premium price tag. Excellent material and TSA lock. Really impressed with the material.,0.8955,0.388,0.0,0.612,1.0,1.0,0.9321,Positive
RRV68JQ12JF4CI,B33DCEF80F,Nasher Miles,5,Super happy,Perfect cabin luggage! Fits all airline requirements. Excellent material. zipper is of great quality. Will suggest to friends.,2025-05-19,False,0,Super happy. Perfect cabin luggage! Fits all airline requirements. Excellent material. zipper is of great quality. Will suggest to friends.,0.9735,0.616,0.0,0.384,0.7867,0.8833,0.9081,Positive
RRL5H3G7VKC5SS,B33DCEF80F,Nasher Miles,4,Highly recommended,Amazing product at this price point. Smooth 360 wheels. The material feels durable and the build quality is very smooth. Recommended for frequent travelers.,2025-12-02,True,0,Highly recommended. Amazing product at this price point. Smooth 360 wheels. The material feels durable and the build quality is very smooth. Recommended for frequent travelers.,0.8047,0.264,0.0,0.736,0.356,0.578,0.6477,Positive
RBXPN19QNFPL7Q,B33DCEF80F,Nasher Miles,4,Great product!,"Very satisfied! The build quality is good, Smooth 360 wheels. Packing was easy due to the spacious compartments. The lock is excellent.",2025-12-28,True,0,"Great product!. Very satisfied! The build quality is good, Smooth 360 wheels. Packing was easy due to the spacious compartments. The lock is excellent.",0.9537,0.476,0.0,0.524,0.603,0.7226,0.8309,Positive
RLZTWXOL4BKUU5,B113DB3A12,Nasher Miles,4,Worth the money,Amazing product at this price point. Trendy colors. The material feels durable and the compartments is very smooth. Recommended for frequent travelers.,2026-03-11,True,1,Worth the money. Amazing product at this price point. Trendy colors. The material feels durable and the compartments is very smooth. Recommended for frequent travelers.,0.7769,0.261,0.0,0.739,0.424,0.57,0.6534,Positive
RI19MO1RTSXOF3,B113DB3A12,Nasher Miles,4,Very satisfied,I bought this for my recent vacation and it was perfect. Premium look and the zipper is top notch. Nasher Miles has done a great job with this one.,2025-12-23,True,0,Very satisfied. I bought this for my recent vacation and it was perfect. Premium look and the zipper is top notch. Nasher Miles has done a great job with this one.,0.9134,0.32,0.0,0.68,0.59,0.7,0.8002,Positive
RYAXZRB188ELNW,B113DB3A12,Nasher Miles,4,Must buy!,"Very satisfied! The build quality is good, Smooth 360 wheels. Packing was easy due to the spacious compartments. The lock is excellent.",2025-09-18,False,1,"Must buy!. Very satisfied! The build quality is good, Smooth 360 wheels. Packing was easy due to the spacious compartments. The lock is excellent.",0.9213,0.397,0.0,0.603,0.5368,0.7181,0.7867,Positive
RVHUAZUN6FHT60,B113DB3A12,Nasher Miles,4,Love it!,Amazing product at this price point. Premium look. The material feels durable and the weight is very smooth. Recommended for frequent travelers.,2025-11-15,True,0,Love it!. Amazing product at this price point. Premium look. The material feels durable and the weight is very smooth. Recommended for frequent travelers.,0.8852,0.331,0.0,0.669,0.4613,0.6125,0.7368,Positive
RH6OXQQ8Y1HEND,B113DB3A12,Nasher Miles,4,Highly recommended,I bought this for my recent vacation and it was perfect. Smooth 360 wheels and the weight is top notch. Nasher Miles has done a great job with this one.,2025-12-24,True,0,Highly recommended. I bought this for my recent vacation and it was perfect. Smooth 360 wheels and the weight is top notch. Nasher Miles has done a great job with this one.,0.8932,0.295,0.0,0.705,0.4767,0.59,0.7474,Positive
RQXI64HAA34H8N,B113DB3A12,Nasher Miles,4,Highly recommended,Premium feel without the premium price tag. Tsa lock and excellent material. Really impressed with the material.,2025-10-23,True,0,Highly recommended. Premium feel without the premium price tag. Tsa lock and excellent material. Really impressed with the material.,0.8476,0.365,0.0,0.635,0.72,0.8467,0.8029,Positive
R487KNUFBHGP5C,B17C9B6D0C,Nasher Miles,3,Average product,"Good for the price but has some issues. Premium look. However, expensive. The handle could be better. 3/5 would buy again.",2025-09-07,True,0,"Average product. Good for the price but has some issues. Premium look. However, expensive. The handle could be better. 3/5 would buy again.",0.7003,0.216,0.0,0.784,0.1375,0.55,0.5033,Positive
R70YB7RADI5UUJ,B17C9B6D0C,Nasher Miles,4,Excellent quality,Love this luggage! Trendy colors and smooth 360 wheels. Looks premium and feels sturdy. The zipper quality is really good for this price range.,2025-04-14,True,0,Excellent quality. Love this luggage! Trendy colors and smooth 360 wheels. Looks premium and feels sturdy. The zipper quality is really good for this price range.,0.9078,0.331,0.0,0.669,0.665,0.72,0.8228,Positive
RNBPQGA6X85ZZH,B17C9B6D0C,Nasher Miles,4,Must buy!,"Very satisfied! The build quality is good, Premium look. Packing was easy due to the spacious compartments. The zipper is excellent.",2025-11-23,False,0,"Must buy!. Very satisfied! The build quality is good, Premium look. Packing was easy due to the spacious compartments. The zipper is excellent.",0.9213,0.41,0.0,0.59,0.5642,0.7617,0.7963,Positive
R4P8RI4BNVQRFX,B17C9B6D0C,Nasher Miles,4,Fantastic purchase,Very practical and well-designed. Premium look. The interiors are well-organized with multiple pockets. build quality quality is commendable.,2025-09-30,True,0,Fantastic purchase. Very practical and well-designed. Premium look. The interiors are well-organized with multiple pockets. build quality quality is commendable.,0.5574,0.159,0.0,0.841,0.2,0.4,0.4323,Positive
RUN91FY6YO8DJE,B17C9B6D0C,Nasher Miles,4,Worth the money,"Five stars! Excellent material, TSA lock, and excellent compartments. What more can you ask for at this price?",2025-10-07,True,0,"Worth the money. Five stars! Excellent material, TSA lock, and excellent compartments. What more can you ask for at this price?",0.8622,0.348,0.0,0.652,0.7188,0.65,0.812,Positive
RMW04U923O359T,B17C9B6D0C,Nasher Miles,4,Fantastic purchase,"Good product, delivered on time. Tsa lock. The wheels impressed me the most. Using it regularly now - no complaints so far!",2025-07-16,False,0,"Fantastic purchase. Good product, delivered on time. Tsa lock. The wheels impressed me the most. Using it regularly now - no complaints so far!",0.9032,0.378,0.0,0.622,0.4542,0.6795,0.746,Positive
RE02TOXOU0Y9IX,B17C9B6D0C,Nasher Miles,4,Amazing value,"Five stars! Smooth 360 wheels, trendy colors, and excellent zipper. What more can you ask for at this price?",2026-01-19,True,3,"Amazing value. Five stars! Smooth 360 wheels, trendy colors, and excellent zipper. What more can you ask for at this price?",0.8805,0.362,0.0,0.638,0.65,0.76,0.7998,Positive
R8IO3TD3ABEG1C,B17C9B6D0C,Nasher Miles,4,Very satisfied,This is my second purchase from Nasher Miles and they never disappoint. Smooth 360 wheels. The handle is even better than my previous bag.,2025-11-30,True,0,Very satisfied. This is my second purchase from Nasher Miles and they never disappoint. Smooth 360 wheels. The handle is even better than my previous bag.,0.8048,0.264,0.0,0.736,0.2767,0.4333,0.62,Positive
RVMNKW7WVY9RMJ,B17C9B6D0C,Nasher Miles,4,Very satisfied,Bought for my parents - they loved it! Trendy colors and easy to maneuver. The compartments makes it very convenient to use.,2025-08-09,True,0,Very satisfied. Bought for my parents - they loved it! Trendy colors and easy to maneuver. The compartments makes it very convenient to use.,0.8803,0.327,0.0,0.673,0.5517,0.7667,0.7653,Positive
RBR6RTC0Z7Q0I9,B17C9B6D0C,Nasher Miles,4,Best luggage ever,Bought for my parents - they loved it! Trendy colors and easy to maneuver. The compartments makes it very convenient to use.,2026-03-22,True,0,Best luggage ever. Bought for my parents - they loved it! Trendy colors and easy to maneuver. The compartments makes it very convenient to use.,0.906,0.339,0.0,0.661,0.6217,0.6267,0.8065,Positive
RAE527PSQZN7XB,B17C9B6D0C,Nasher Miles,4,Excellent quality,"Very satisfied! The build quality is good, Tsa lock. Packing was easy due to the spacious compartments. The build quality is excellent.",2025-06-13,False,0,"Excellent quality. Very satisfied! The build quality is good, Tsa lock. Packing was easy due to the spacious compartments. The build quality is excellent.",0.9484,0.466,0.0,0.534,0.6368,0.8014,0.8393,Positive
RDF4HRA1361BGM,B17C9B6D0C,Nasher Miles,4,Best luggage ever,Excellent luggage! Excellent material and trendy colors. Very happy with my purchase. The zipper is really impressive. Would definitely buy again from Nasher Miles.,2025-04-24,True,0,Best luggage ever. Excellent luggage! Excellent material and trendy colors. Very happy with my purchase. The zipper is really impressive. Would definitely buy again from Nasher Miles.,0.9734,0.517,0.0,0.483,0.8,0.8143,0.9127,Positive
RF08UPNZASYWDR,B17C9B6D0C,Nasher Miles,4,Worth the money,Very practical and well-designed. Premium look. The interiors are well-organized with multiple pockets. build quality quality is commendable.,2025-11-17,True,1,Worth the money. Very practical and well-designed. Premium look. The interiors are well-organized with multiple pockets. build quality quality is commendable.,0.2263,0.087,0.0,0.913,0.1667,0.1333,0.2054,Positive
REFUXQ9NJC2GOU,B17C9B6D0C,Nasher Miles,4,Worth the money,This is my second purchase from Nasher Miles and they never disappoint. Trendy colors. The compartments is even better than my previous bag.,2025-12-11,True,0,Worth the money. This is my second purchase from Nasher Miles and they never disappoint. Trendy colors. The compartments is even better than my previous bag.,0.7234,0.235,0.0,0.765,0.2467,0.3333,0.5565,Positive
R2EXVA5E742GRR,B17C9B6D0C,Nasher Miles,4,Super happy,Excellent luggage! Excellent material and premium look. Very happy with my purchase. The weight is really impressive. Would definitely buy again from Nasher Miles.,2026-02-17,True,0,Super happy. Excellent luggage! Excellent material and premium look. Very happy with my purchase. The weight is really impressive. Would definitely buy again from Nasher Miles.,0.9795,0.576,0.0,0.424,0.7333,0.881,0.8933,Positive
RFWOW73O1BLOG0,B317B03B9C,Nasher Miles,4,Fantastic purchase,This is my second purchase from Nasher Miles and they never disappoint. Tsa lock. The handle is even better than my previous bag.,2025-09-29,True,0,Fantastic purchase. This is my second purchase from Nasher Miles and they never disappoint. Tsa lock. The handle is even better than my previous bag.,0.8298,0.285,0.0,0.715,0.1833,0.3917,0.6035,Positive
R8SO5WISRCVPUZ,B317B03B9C,Nasher Miles,4,Fantastic purchase,"Five stars! Smooth 360 wheels, TSA lock, and excellent material. What more can you ask for at this price?",2026-01-24,True,0,"Fantastic purchase. Five stars! Smooth 360 wheels, TSA lock, and excellent material. What more can you ask for at this price?",0.8221,0.285,0.0,0.715,0.6,0.725,0.7444,Positive
R74QR14VUYV2EM,B317B03B9C,Nasher Miles,4,Highly recommended,Love this luggage! Tsa lock and TSA lock. Looks premium and feels sturdy. The compartments quality is really good for this price range.,2025-04-19,True,0,Highly recommended. Love this luggage! Tsa lock and TSA lock. Looks premium and feels sturdy. The compartments quality is really good for this price range.,0.8766,0.314,0.0,0.686,0.495,0.58,0.743,Positive
RVI7LIG9GMYKVY,B317B03B9C,Nasher Miles,4,Perfect for travel,Love this luggage! Excellent material and trendy colors. Looks premium and feels sturdy. The handle quality is really good for this price range.,2026-01-02,True,3,Perfect for travel. Love this luggage! Excellent material and trendy colors. Looks premium and feels sturdy. The handle quality is really good for this price range.,0.944,0.407,0.0,0.593,0.785,0.82,0.8883,Positive
R2UG05WH23GXRI,B317B03B9C,Nasher Miles,4,Love it!,"Very satisfied! The build quality is good, Excellent material. Packing was easy due to the spacious compartments. The lock is excellent.",2025-08-04,True,5,"Love it!. Very satisfied! The build quality is good, Excellent material. Packing was easy due to the spacious compartments. The lock is excellent.",0.9686,0.554,0.0,0.446,0.6351,0.7726,0.8519,Positive
RVJ839AG77Q9VJ,B317B03B9C,Nasher Miles,4,Perfect for travel,Amazing product at this price point. Excellent material. The material feels durable and the build quality is very smooth. Recommended for frequent travelers.,2025-06-22,True,0,Perfect for travel. Amazing product at this price point. Excellent material. The material feels durable and the build quality is very smooth. Recommended for frequent travelers.,0.9228,0.376,0.0,0.624,0.644,0.77,0.8252,Positive
RNEGN2B4JTJ27Y,B317B03B9C,Nasher Miles,4,Best luggage ever,Perfect cabin luggage! Fits all airline requirements. Premium look. build quality is of great quality. Will suggest to friends.,2025-12-25,False,0,Best luggage ever. Perfect cabin luggage! Fits all airline requirements. Premium look. build quality is of great quality. Will suggest to friends.,0.9468,0.461,0.0,0.539,0.9333,0.6833,0.9421,Positive
RZKIHV17MIAV1G,B317B03B9C,Nasher Miles,4,Fantastic purchase,Excellent luggage! Premium look and trendy colors. Very happy with my purchase. The wheels is really impressive. Would definitely buy again from Nasher Miles.,2025-09-24,True,0,Fantastic purchase. Excellent luggage! Premium look and trendy colors. Very happy with my purchase. The wheels is really impressive. Would definitely buy again from Nasher Miles.,0.9592,0.463,0.0,0.537,0.6667,0.8833,0.8568,Positive
RIOIV67KAYP44Q,B317B03B9C,Nasher Miles,4,Excellent quality,Very practical and well-designed. Trendy colors. The interiors are well-organized with multiple pockets. lock quality is commendable.,2025-12-11,False,0,Excellent quality. Very practical and well-designed. Trendy colors. The interiors are well-organized with multiple pockets. lock quality is commendable.,0.5719,0.171,0.0,0.829,0.45,0.55,0.5292,Positive
R1A1HYP5MASNPH,B317B03B9C,Nasher Miles,4,Fantastic purchase,This is my second purchase from Nasher Miles and they never disappoint. Smooth 360 wheels. The build quality is even better than my previous bag.,2026-01-25,True,0,Fantastic purchase. This is my second purchase from Nasher Miles and they never disappoint. Smooth 360 wheels. The build quality is even better than my previous bag.,0.8298,0.267,0.0,0.733,0.2267,0.4133,0.6187,Positive
ROIKIVQA7IZQ2N,B317B03B9C,Nasher Miles,4,Highly recommended,"Very satisfied! The build quality is good, Smooth 360 wheels. Packing was easy due to the spacious compartments. The weight is excellent.",2025-10-14,True,0,"Highly recommended. Very satisfied! The build quality is good, Smooth 360 wheels. Packing was easy due to the spacious compartments. The weight is excellent.",0.9354,0.445,0.0,0.555,0.483,0.6926,0.7771,Positive
RPMJ6JFHVSTHBN,B317B03B9C,Nasher Miles,4,Excellent quality,"Five stars! Trendy colors, TSA lock, and excellent weight. What more can you ask for at this price?",2026-03-15,True,0,"Excellent quality. Five stars! Trendy colors, TSA lock, and excellent weight. What more can you ask for at this price?",0.8268,0.299,0.0,0.701,0.775,0.85,0.8087,Positive
RFFP5GOFC5WU25,B317B03B9C,Nasher Miles,4,Amazing value,Love this luggage! Premium look and trendy colors. Looks premium and feels sturdy. The wheels quality is really good for this price range.,2026-01-08,True,0,Amazing value. Love this luggage! Premium look and trendy colors. Looks premium and feels sturdy. The wheels quality is really good for this price range.,0.9311,0.398,0.0,0.602,0.6313,0.75,0.8262,Positive
R3HZCD3GEQ10F7,B317B03B9C,Nasher Miles,4,Great product!,Premium feel without the premium price tag. Smooth 360 wheels and excellent material. Really impressed with the weight.,2025-12-04,True,0,Great product!. Premium feel without the premium price tag. Smooth 360 wheels and excellent material. Really impressed with the weight.,0.9097,0.403,0.0,0.597,0.85,0.8125,0.8888,Positive
REBFE54UKIGDIX,B317B03B9C,Nasher Miles,4,Best luggage ever,Amazing product at this price point. Tsa lock. The material feels durable and the wheels is very smooth. Recommended for frequent travelers.,2026-03-18,False,0,Best luggage ever. Amazing product at this price point. Tsa lock. The material feels durable and the wheels is very smooth. Recommended for frequent travelers.,0.8773,0.314,0.0,0.686,0.555,0.5375,0.7645,Positive
R7MVZ01SOSR2HV,BA201722F9,Nasher Miles,5,Must buy!,Premium feel without the premium price tag. Tsa lock and trendy colors. Really impressed with the weight.,2025-10-02,True,0,Must buy!. Premium feel without the premium price tag. Tsa lock and trendy colors. Really impressed with the weight.,0.5697,0.17,0.0,0.83,0.8,0.95,0.6503,Positive
RHAPWF520XKIAI,BA201722F9,Nasher Miles,5,Amazing value,"Good product, delivered on time. Premium look. The lock impressed me the most. Using it regularly now - no complaints so far!",2025-08-27,True,0,"Amazing value. Good product, delivered on time. Premium look. The lock impressed me the most. Using it regularly now - no complaints so far!",0.9294,0.437,0.0,0.563,0.4875,0.6795,0.7747,Positive
ROB867KBQNXPVM,BA201722F9,Nasher Miles,4,Worth the money,"Good product, delivered on time. Smooth 360 wheels. The build quality impressed me the most. Using it regularly now - no complaints so far!",2025-07-20,True,0,"Worth the money. Good product, delivered on time. Smooth 360 wheels. The build quality impressed me the most. Using it regularly now - no complaints so far!",0.8573,0.312,0.0,0.688,0.4321,0.5396,0.7085,Positive
R7F9FZJAHSAO2Q,BA201722F9,Nasher Miles,5,Perfect for travel,"Good product, delivered on time. Excellent material. The handle impressed me the most. Using it regularly now - no complaints so far!",2025-05-25,True,0,"Perfect for travel. Good product, delivered on time. Excellent material. The handle impressed me the most. Using it regularly now - no complaints so far!",0.9428,0.444,0.0,0.556,0.6179,0.7396,0.8291,Positive
R1B20UC87NXP0J,BA201722F9,Nasher Miles,4,Best luggage ever,Premium feel without the premium price tag. Trendy colors and TSA lock. Really impressed with the handle.,2026-01-26,True,0,Best luggage ever. Premium feel without the premium price tag. Trendy colors and TSA lock. Really impressed with the handle.,0.8221,0.297,0.0,0.703,0.8667,0.7333,0.8377,Positive
R8HUP3FTJ6AC4J,BA201722F9,Nasher Miles,4,Great product!,Excellent luggage! Premium look and trendy colors. Very happy with my purchase. The material is really impressive. Would definitely buy again from Nasher Miles.,2025-08-04,True,0,Great product!. Excellent luggage! Premium look and trendy colors. Very happy with my purchase. The material is really impressive. Would definitely buy again from Nasher Miles.,0.9635,0.474,0.0,0.526,0.7667,0.8583,0.8946,Positive
RY3M0NQ8UT60WL,BA201722F9,Nasher Miles,4,Excellent quality,Premium feel without the premium price tag. Trendy colors and premium look. Really impressed with the zipper.,2026-01-19,True,2,Excellent quality. Premium feel without the premium price tag. Trendy colors and premium look. Really impressed with the zipper.,0.796,0.294,0.0,0.706,0.8667,0.9667,0.8207,Positive
RJ7K99BV2J3T4H,BA201722F9,Nasher Miles,4,Amazing value,"Very satisfied! The build quality is good, Premium look. Packing was easy due to the spacious compartments. The material is excellent.",2025-12-02,True,0,"Amazing value. Very satisfied! The build quality is good, Premium look. Packing was easy due to the spacious compartments. The material is excellent.",0.9589,0.529,0.0,0.471,0.5701,0.7847,0.8228,Positive
ROOUKIW8X17COP,BA201722F9,Nasher Miles,4,Highly recommended,"Five stars! Tsa lock, TSA lock, and excellent handle. What more can you ask for at this price?",2025-09-08,True,0,"Highly recommended. Five stars! Tsa lock, TSA lock, and excellent handle. What more can you ask for at this price?",0.7257,0.253,0.0,0.747,0.5667,0.68,0.67,Positive
RHPII2MVV4DC0F,BA201722F9,Nasher Miles,4,Fantastic purchase,This is my second purchase from Nasher Miles and they never disappoint. Trendy colors. The material is even better than my previous bag.,2025-09-01,True,0,Fantastic purchase. This is my second purchase from Nasher Miles and they never disappoint. Trendy colors. The material is even better than my previous bag.,0.8298,0.285,0.0,0.715,0.2667,0.4933,0.6327,Positive
RBK4Y7ZXDFLD9C,BA201722F9,Nasher Miles,4,Worth the money,Excellent luggage! Premium look and TSA lock. Very happy with my purchase. The zipper is really impressive. Would definitely buy again from Nasher Miles.,2026-03-19,True,2,Worth the money. Excellent luggage! Premium look and TSA lock. Very happy with my purchase. The zipper is really impressive. Would definitely buy again from Nasher Miles.,0.9472,0.428,0.0,0.572,0.66,0.72,0.8467,Positive
RVWS3KCVJXZDVY,BA201722F9,Nasher Miles,4,Perfect for travel,Using for office travel and it's perfect. Trendy colors. Compact yet spacious. The weight deserves special mention.,2026-03-23,True,0,Perfect for travel. Using for office travel and it's perfect. Trendy colors. Compact yet spacious. The weight deserves special mention.,0.8779,0.373,0.0,0.627,0.7393,0.8679,0.8294,Positive
R8LX3P724XHQZB,BA201722F9,Nasher Miles,4,Highly recommended,"Five stars! Trendy colors, TSA lock, and excellent zipper. What more can you ask for at this price?",2026-03-09,True,0,"Highly recommended. Five stars! Trendy colors, TSA lock, and excellent zipper. What more can you ask for at this price?",0.7257,0.253,0.0,0.747,0.575,0.735,0.673,Positive
RYUZPEX7TV7HRB,BA201722F9,Nasher Miles,5,Highly recommended,"Five stars! Premium look, trendy colors, and excellent zipper. What more can you ask for at this price?",2026-01-18,True,0,"Highly recommended. Five stars! Premium look, trendy colors, and excellent zipper. What more can you ask for at this price?",0.7257,0.253,0.0,0.747,0.575,0.735,0.673,Positive
R3Q825Q30ZX815,BA201722F9,Nasher Miles,5,Worth the money,Excellent luggage! Excellent material and TSA lock. Very happy with my purchase. The wheels is really impressive. Would definitely buy again from Nasher Miles.,2026-01-04,False,1,Worth the money. Excellent luggage! Excellent material and TSA lock. Very happy with my purchase. The wheels is really impressive. Would definitely buy again from Nasher Miles.,0.9645,0.49,0.0,0.51,0.7167,0.7667,0.8778,Positive
RBAMMWMD18HFY4,BA83D90250,Nasher Miles,5,Best luggage ever,Love this luggage! Smooth 360 wheels and excellent material. Looks premium and feels sturdy. The build quality quality is really good for this price range.,2025-07-24,True,0,Best luggage ever. Love this luggage! Smooth 360 wheels and excellent material. Looks premium and feels sturdy. The build quality quality is really good for this price range.,0.9484,0.394,0.0,0.606,0.745,0.6,0.8772,Positive
RVK9QKAV8C3PQ5,BA83D90250,Nasher Miles,4,Very satisfied,Worth every rupee! Premium look and TSA lock. Took it on a 2-week trip and came back without any scratches. Nasher Miles quality is reliable.,2025-06-20,True,0,Very satisfied. Worth every rupee! Premium look and TSA lock. Took it on a 2-week trip and came back without any scratches. Nasher Miles quality is reliable.,0.6771,0.182,0.0,0.818,0.3417,0.3667,0.5597,Positive
R6JJTB8QOP82J3,BA83D90250,Nasher Miles,4,Must buy!,Premium feel without the premium price tag. Premium look and excellent material. Really impressed with the lock.,2025-07-03,True,0,Must buy!. Premium feel without the premium price tag. Premium look and excellent material. Really impressed with the lock.,0.8118,0.303,0.0,0.697,1.0,1.0,0.8777,Positive
R9HXKEI9ULTHYC,BA83D90250,Nasher Miles,4,Amazing value,Very practical and well-designed. Tsa lock. The interiors are well-organized with multiple pockets. lock quality is commendable.,2025-05-12,True,0,Amazing value. Very practical and well-designed. Tsa lock. The interiors are well-organized with multiple pockets. lock quality is commendable.,0.7351,0.267,0.0,0.733,0.2667,0.4,0.5711,Positive
RFP0N1K9YXCFE7,BA83D90250,Nasher Miles,5,Best luggage ever,I bought this for my recent vacation and it was perfect. Excellent material and the lock is top notch. Nasher Miles has done a great job with this one.,2025-12-07,False,1,Best luggage ever. I bought this for my recent vacation and it was perfect. Excellent material and the lock is top notch. Nasher Miles has done a great job with this one.,0.9552,0.393,0.0,0.607,0.7167,0.6333,0.8717,Positive
RE12QEYKC2MNG8,BA83D90250,Nasher Miles,5,Highly recommended,I bought this for my recent vacation and it was perfect. Premium look and the lock is top notch. Nasher Miles has done a great job with this one.,2026-03-30,True,0,Highly recommended. I bought this for my recent vacation and it was perfect. Premium look and the lock is top notch. Nasher Miles has done a great job with this one.,0.8932,0.302,0.0,0.698,0.492,0.608,0.7528,Positive
RSYG91MMO1DS3H,BA83D90250,Nasher Miles,5,Worth the money,I bought this for my recent vacation and it was perfect. Smooth 360 wheels and the handle is top notch. Nasher Miles has done a great job with this one.,2026-01-01,True,0,Worth the money. I bought this for my recent vacation and it was perfect. Smooth 360 wheels and the handle is top notch. Nasher Miles has done a great job with this one.,0.8885,0.284,0.0,0.716,0.5,0.5167,0.7525,Positive
R1NXHBQAM97XO4,BA83D90250,Nasher Miles,4,Super happy,"Five stars! Smooth 360 wheels, TSA lock, and excellent handle. What more can you ask for at this price?",2025-10-29,True,0,"Super happy. Five stars! Smooth 360 wheels, TSA lock, and excellent handle. What more can you ask for at this price?",0.9117,0.392,0.0,0.608,0.6467,0.7333,0.8189,Positive
RTT1E32WITPBD7,BA83D90250,Nasher Miles,5,Amazing value,Perfect cabin luggage! Fits all airline requirements. Smooth 360 wheels. handle is of great quality. Will suggest to friends.,2025-05-03,True,0,Amazing value. Perfect cabin luggage! Fits all airline requirements. Smooth 360 wheels. handle is of great quality. Will suggest to friends.,0.9545,0.521,0.0,0.479,0.7,0.7875,0.8654,Positive
RMOCTCLKA9LZ57,BA83D90250,Nasher Miles,4,Perfect for travel,Using for office travel and it's perfect. Trendy colors. Compact yet spacious. The lock deserves special mention.,2025-06-04,True,0,Perfect for travel. Using for office travel and it's perfect. Trendy colors. Compact yet spacious. The lock deserves special mention.,0.8779,0.373,0.0,0.627,0.7393,0.8679,0.8294,Positive
R4TT43TUYKTK61,B588869907,Nasher Miles,4,Perfect for travel,"Very satisfied! The build quality is good, Premium look. Packing was easy due to the spacious compartments. The handle is excellent.",2026-03-19,True,3,"Perfect for travel. Very satisfied! The build quality is good, Premium look. Packing was easy due to the spacious compartments. The handle is excellent.",0.9484,0.466,0.0,0.534,0.6368,0.8014,0.8393,Positive
RBC8VDRQNTJVU2,B588869907,Nasher Miles,4,Very satisfied,Bought for my parents - they loved it! Excellent material and easy to maneuver. The handle makes it very convenient to use.,2026-02-26,True,0,Very satisfied. Bought for my parents - they loved it! Excellent material and easy to maneuver. The handle makes it very convenient to use.,0.9311,0.41,0.0,0.59,0.6317,0.7867,0.8263,Positive
R0E03YIOY5U04R,B588869907,Nasher Miles,5,Love it!,Bought for my parents - they loved it! Premium look and easy to maneuver. The handle makes it very convenient to use.,2025-12-08,False,0,Love it!. Bought for my parents - they loved it! Premium look and easy to maneuver. The handle makes it very convenient to use.,0.9115,0.356,0.0,0.644,0.5333,0.6333,0.7791,Positive
RE9OUJW6ZJVAEV,B588869907,Nasher Miles,4,Highly recommended,"Very satisfied! The build quality is good, Tsa lock. Packing was easy due to the spacious compartments. The weight is excellent.",2025-11-30,True,0,"Highly recommended. Very satisfied! The build quality is good, Tsa lock. Packing was easy due to the spacious compartments. The weight is excellent.",0.9354,0.459,0.0,0.541,0.4968,0.7247,0.7819,Positive
R00YEH8UXZ3ADH,B588869907,Nasher Miles,4,Love it!,I bought this for my recent vacation and it was perfect. Premium look and the material is top notch. Nasher Miles has done a great job with this one.,2026-01-25,False,0,Love it!. I bought this for my recent vacation and it was perfect. Premium look and the material is top notch. Nasher Miles has done a great job with this one.,0.9336,0.343,0.0,0.657,0.585,0.62,0.8116,Positive
RNSJX4FOGX8IRJ,B588869907,Nasher Miles,4,Best luggage ever,Using for office travel and it's perfect. Excellent material. Compact yet spacious. The handle deserves special mention.,2026-03-14,True,0,Best luggage ever. Using for office travel and it's perfect. Excellent material. Compact yet spacious. The handle deserves special mention.,0.936,0.472,0.0,0.528,0.8393,0.7179,0.9022,Positive
RO5FKPA2TVMXQY,B588869907,Nasher Miles,5,Love it!,"Five stars! Trendy colors, excellent material, and excellent wheels. What more can you ask for at this price?",2025-11-18,True,8,"Love it!. Five stars! Trendy colors, excellent material, and excellent wheels. What more can you ask for at this price?",0.9214,0.417,0.0,0.583,0.7762,0.8,0.8706,Positive
R6AIRH8S7DZSYJ,B588869907,Nasher Miles,5,Amazing value,I bought this for my recent vacation and it was perfect. Trendy colors and the lock is top notch. Nasher Miles has done a great job with this one.,2025-05-06,True,0,Amazing value. I bought this for my recent vacation and it was perfect. Trendy colors and the lock is top notch. Nasher Miles has done a great job with this one.,0.9413,0.378,0.0,0.622,0.5833,0.7167,0.816,Positive
R1YUW2TGRTFA11,B588869907,Nasher Miles,4,Love it!,"Very satisfied! The build quality is good, Excellent material. Packing was easy due to the spacious compartments. The handle is excellent.",2025-09-06,True,0,"Love it!. Very satisfied! The build quality is good, Excellent material. Packing was easy due to the spacious compartments. The handle is excellent.",0.9686,0.554,0.0,0.446,0.6351,0.7726,0.8519,Positive
R1J2VWY8UMNW6L,B588869907,Nasher Miles,4,Very satisfied,I bought this for my recent vacation and it was perfect. Premium look and the material is top notch. Nasher Miles has done a great job with this one.,2025-10-18,True,1,Very satisfied. I bought this for my recent vacation and it was perfect. Premium look and the material is top notch. Nasher Miles has done a great job with this one.,0.9134,0.32,0.0,0.68,0.59,0.7,0.8002,Positive
